/*
 Navicat Premium Data Transfer

 Source Server         : localhost_3306
 Source Server Type    : MySQL
 Source Server Version : 80032 (8.0.32)
 Source Host           : localhost:3306
 Source Schema         : db_mtl

 Target Server Type    : MySQL
 Target Server Version : 80032 (8.0.32)
 File Encoding         : 65001

 Date: 28/07/2023 13:27:15
*/

SET NAMES utf8mb4;
SET FOREIGN_KEY_CHECKS = 0;

-- ----------------------------
-- Table structure for tb_basic_info
-- ----------------------------
DROP TABLE IF EXISTS `tb_basic_info`;
CREATE TABLE `tb_basic_info`  (
  `basic_info_id` int NOT NULL AUTO_INCREMENT COMMENT '评估类目ID',
  `basic_info_name` varchar(30) CHARACTER SET utf8mb3 COLLATE utf8mb3_general_ci NULL DEFAULT NULL COMMENT '评估类目名称',
  `basic_info_status` int NULL DEFAULT NULL COMMENT '评估类目启用状态（1启用，0停用）',
  PRIMARY KEY (`basic_info_id`) USING BTREE
) ENGINE = InnoDB AUTO_INCREMENT = 16 CHARACTER SET = utf8mb3 COLLATE = utf8mb3_general_ci ROW_FORMAT = COMPACT;

-- ----------------------------
-- Records of tb_basic_info
-- ----------------------------
INSERT INTO `tb_basic_info` VALUES (1, '版本', 1);
INSERT INTO `tb_basic_info` VALUES (2, '保修期', 1);
INSERT INTO `tb_basic_info` VALUES (3, '型号', 1);
INSERT INTO `tb_basic_info` VALUES (4, '机身内存', 1);
INSERT INTO `tb_basic_info` VALUES (5, '颜色', 1);
INSERT INTO `tb_basic_info` VALUES (6, '开机情况', 1);
INSERT INTO `tb_basic_info` VALUES (7, '功能情况（可多选或不选）', 1);
INSERT INTO `tb_basic_info` VALUES (8, '外观情况', 1);
INSERT INTO `tb_basic_info` VALUES (9, '触摸屏情况', 1);
INSERT INTO `tb_basic_info` VALUES (10, '显示屏情况', 1);
INSERT INTO `tb_basic_info` VALUES (11, '维修情况', 1);
INSERT INTO `tb_basic_info` VALUES (12, '配件', 1);
INSERT INTO `tb_basic_info` VALUES (13, '拆修情况', 1);
INSERT INTO `tb_basic_info` VALUES (15, '划痕', 1);

-- ----------------------------
-- Table structure for tb_brand
-- ----------------------------
DROP TABLE IF EXISTS `tb_brand`;
CREATE TABLE `tb_brand`  (
  `brand_id` int NOT NULL AUTO_INCREMENT,
  `brand_name` varchar(20) CHARACTER SET utf8mb3 COLLATE utf8mb3_general_ci NULL DEFAULT NULL,
  `brand_logo` varchar(255) CHARACTER SET utf8mb3 COLLATE utf8mb3_general_ci NULL DEFAULT NULL COMMENT '品牌logo',
  `brand_desc` varchar(255) CHARACTER SET utf8mb3 COLLATE utf8mb3_general_ci NULL DEFAULT NULL COMMENT '品牌描述',
  `create_time` timestamp NULL DEFAULT NULL COMMENT '加入时间',
  `brand_status` int NULL DEFAULT NULL COMMENT '品牌状态（1启用，0停用）',
  PRIMARY KEY (`brand_id`) USING BTREE
) ENGINE = InnoDB AUTO_INCREMENT = 26 CHARACTER SET = utf8mb3 COLLATE = utf8mb3_general_ci ROW_FORMAT = COMPACT;

-- ----------------------------
-- Records of tb_brand
-- ----------------------------
INSERT INTO `tb_brand` VALUES (1, 'iPhone', NULL, NULL, NULL, 1);
INSERT INTO `tb_brand` VALUES (2, '魅族', NULL, NULL, NULL, 1);
INSERT INTO `tb_brand` VALUES (3, '诺基亚', NULL, NULL, NULL, 1);
INSERT INTO `tb_brand` VALUES (4, 'LG', NULL, NULL, NULL, 1);
INSERT INTO `tb_brand` VALUES (5, '三星', NULL, NULL, NULL, 1);
INSERT INTO `tb_brand` VALUES (6, '华为', NULL, NULL, NULL, 1);
INSERT INTO `tb_brand` VALUES (7, '小米', NULL, NULL, NULL, 1);
INSERT INTO `tb_brand` VALUES (8, 'HTC', NULL, NULL, NULL, 1);
INSERT INTO `tb_brand` VALUES (9, '联想', 'upload/d756dc7ad2ae49309b369e8fe60547c5.jpg', 'Lenovo', '2021-12-28 15:25:17', 1);
INSERT INTO `tb_brand` VALUES (10, 'iTouch', NULL, NULL, NULL, 1);
INSERT INTO `tb_brand` VALUES (11, '惠普', NULL, NULL, NULL, 1);
INSERT INTO `tb_brand` VALUES (12, 'ASUS', NULL, NULL, NULL, 1);
INSERT INTO `tb_brand` VALUES (15, '微软', 'upload/894fbc04b21b433ebb086d591d38734a.jpg', 'Microsoft', '2021-12-28 15:25:55', 0);
INSERT INTO `tb_brand` VALUES (16, 'oppo', 'upload/7317d49ad1134aa2b4a58b4907c60a92.jpg', 'oppo 666', '2021-12-28 15:47:48', 0);
INSERT INTO `tb_brand` VALUES (22, '跳蛋', 'upload/e3439d3f5ceb4c9890317d1ebfb6728b.jpg', '金鱼牌跳蛋纵享丝滑,欢迎购买', '2023-07-16 19:07:17', 1);
INSERT INTO `tb_brand` VALUES (23, '超人牌自信车', 'upload/c05ee8fc9bbb40d5a785ccb0eb8725b4.jpg', '红牛赞助,超级无敌', '2023-07-16 19:17:46', 1);

-- ----------------------------
-- Table structure for tb_brand_good
-- ----------------------------
DROP TABLE IF EXISTS `tb_brand_good`;
CREATE TABLE `tb_brand_good`  (
  `brand_good_id` int NOT NULL AUTO_INCREMENT,
  `fk_brand_id` int NULL DEFAULT NULL,
  `fk_good_id` int NULL DEFAULT NULL,
  PRIMARY KEY (`brand_good_id`) USING BTREE,
  INDEX `fk_brand_id`(`fk_brand_id` ASC) USING BTREE,
  INDEX `fk_good_id`(`fk_good_id` ASC) USING BTREE,
  CONSTRAINT `tb_brand_good_ibfk_1` FOREIGN KEY (`fk_brand_id`) REFERENCES `tb_brand` (`brand_id`) ON DELETE RESTRICT ON UPDATE RESTRICT,
  CONSTRAINT `tb_brand_good_ibfk_2` FOREIGN KEY (`fk_good_id`) REFERENCES `tb_good` (`good_id`) ON DELETE RESTRICT ON UPDATE RESTRICT
) ENGINE = InnoDB AUTO_INCREMENT = 10 CHARACTER SET = utf8mb3 COLLATE = utf8mb3_general_ci ROW_FORMAT = COMPACT;

-- ----------------------------
-- Records of tb_brand_good
-- ----------------------------
INSERT INTO `tb_brand_good` VALUES (1, 1, 1);
INSERT INTO `tb_brand_good` VALUES (2, 1, 2);
INSERT INTO `tb_brand_good` VALUES (3, 1, 3);
INSERT INTO `tb_brand_good` VALUES (4, 1, 4);
INSERT INTO `tb_brand_good` VALUES (5, 7, 5);
INSERT INTO `tb_brand_good` VALUES (6, 7, 6);
INSERT INTO `tb_brand_good` VALUES (7, 10, 7);
INSERT INTO `tb_brand_good` VALUES (8, 1, 8);
INSERT INTO `tb_brand_good` VALUES (9, 1, 9);

-- ----------------------------
-- Table structure for tb_cart
-- ----------------------------
DROP TABLE IF EXISTS `tb_cart`;
CREATE TABLE `tb_cart`  (
  `cart_id` int NOT NULL AUTO_INCREMENT,
  `fk_cart_user_id` int NULL DEFAULT NULL,
  `fk_cart_good_id` int NULL DEFAULT NULL,
  `cart_good_price` int NULL DEFAULT NULL,
  PRIMARY KEY (`cart_id`) USING BTREE,
  INDEX `fk_cart_user_id`(`fk_cart_user_id` ASC) USING BTREE,
  INDEX `fk_cart_good_id`(`fk_cart_good_id` ASC) USING BTREE,
  CONSTRAINT `tb_cart_ibfk_1` FOREIGN KEY (`fk_cart_user_id`) REFERENCES `tb_user` (`user_id`) ON DELETE RESTRICT ON UPDATE RESTRICT,
  CONSTRAINT `tb_cart_ibfk_2` FOREIGN KEY (`fk_cart_good_id`) REFERENCES `tb_good` (`good_id`) ON DELETE RESTRICT ON UPDATE RESTRICT
) ENGINE = InnoDB AUTO_INCREMENT = 481 CHARACTER SET = utf8mb3 COLLATE = utf8mb3_general_ci ROW_FORMAT = COMPACT;

-- ----------------------------
-- Records of tb_cart
-- ----------------------------
INSERT INTO `tb_cart` VALUES (1, 33, 1, 1960);
INSERT INTO `tb_cart` VALUES (2, 33, 1, 1740);
INSERT INTO `tb_cart` VALUES (3, 33, 1, 1460);
INSERT INTO `tb_cart` VALUES (4, 33, 2, 2015);
INSERT INTO `tb_cart` VALUES (5, 33, 7, 245);
INSERT INTO `tb_cart` VALUES (6, 36, 1, 1180);
INSERT INTO `tb_cart` VALUES (7, 39, 2, 1930);
INSERT INTO `tb_cart` VALUES (8, 39, 7, 230);
INSERT INTO `tb_cart` VALUES (9, 43, 1, 180);
INSERT INTO `tb_cart` VALUES (10, 45, 5, 190);
INSERT INTO `tb_cart` VALUES (11, 60, 1, 1905);
INSERT INTO `tb_cart` VALUES (12, 45, 5, 190);
INSERT INTO `tb_cart` VALUES (13, 45, 5, 190);
INSERT INTO `tb_cart` VALUES (14, 45, 5, 190);
INSERT INTO `tb_cart` VALUES (15, 45, 5, 190);
INSERT INTO `tb_cart` VALUES (16, 45, 5, 190);
INSERT INTO `tb_cart` VALUES (17, 45, 5, 190);
INSERT INTO `tb_cart` VALUES (18, 60, 1, 1905);
INSERT INTO `tb_cart` VALUES (19, 60, 1, 1905);
INSERT INTO `tb_cart` VALUES (20, 80, 1, 1935);
INSERT INTO `tb_cart` VALUES (21, 60, 1, 1905);
INSERT INTO `tb_cart` VALUES (22, 60, 1, 1905);
INSERT INTO `tb_cart` VALUES (23, 60, 1, 1905);
INSERT INTO `tb_cart` VALUES (24, 93, 1, 800);
INSERT INTO `tb_cart` VALUES (25, 93, 1, 1000);
INSERT INTO `tb_cart` VALUES (26, 88, 1, 1485);
INSERT INTO `tb_cart` VALUES (27, 59, 1, 1305);
INSERT INTO `tb_cart` VALUES (28, 59, 1, 1305);
INSERT INTO `tb_cart` VALUES (29, 93, 1, 800);
INSERT INTO `tb_cart` VALUES (30, 93, 1, 1000);
INSERT INTO `tb_cart` VALUES (31, 93, 1, 1150);
INSERT INTO `tb_cart` VALUES (32, 99, 3, 470);
INSERT INTO `tb_cart` VALUES (33, 45, 5, 190);
INSERT INTO `tb_cart` VALUES (34, 103, 1, 2055);
INSERT INTO `tb_cart` VALUES (35, 103, 1, 2055);
INSERT INTO `tb_cart` VALUES (36, 103, 1, 2055);
INSERT INTO `tb_cart` VALUES (37, 88, 1, 1485);
INSERT INTO `tb_cart` VALUES (38, 88, 1, 1485);
INSERT INTO `tb_cart` VALUES (39, 88, 1, 1485);
INSERT INTO `tb_cart` VALUES (40, 45, 5, 190);
INSERT INTO `tb_cart` VALUES (41, 78, 2, 1785);
INSERT INTO `tb_cart` VALUES (42, 48, 2, 2685);
INSERT INTO `tb_cart` VALUES (43, 78, 2, 1785);
INSERT INTO `tb_cart` VALUES (44, 106, 1, 1455);
INSERT INTO `tb_cart` VALUES (45, 106, 1, 1455);
INSERT INTO `tb_cart` VALUES (46, 106, 1, 1255);
INSERT INTO `tb_cart` VALUES (47, 106, 1, 1455);
INSERT INTO `tb_cart` VALUES (48, 106, 1, 1255);
INSERT INTO `tb_cart` VALUES (49, 106, 1, 1455);
INSERT INTO `tb_cart` VALUES (50, 106, 1, 1255);
INSERT INTO `tb_cart` VALUES (51, 106, 1, 1455);
INSERT INTO `tb_cart` VALUES (52, 106, 1, 1255);
INSERT INTO `tb_cart` VALUES (53, 106, 1, 1455);
INSERT INTO `tb_cart` VALUES (54, 106, 1, 1255);
INSERT INTO `tb_cart` VALUES (55, 106, 1, 1455);
INSERT INTO `tb_cart` VALUES (56, 106, 1, 1255);
INSERT INTO `tb_cart` VALUES (57, 106, 1, 2075);
INSERT INTO `tb_cart` VALUES (58, 106, 1, 2080);
INSERT INTO `tb_cart` VALUES (59, 106, 1, 2080);
INSERT INTO `tb_cart` VALUES (60, 106, 1, 2080);
INSERT INTO `tb_cart` VALUES (61, 106, 1, 2080);
INSERT INTO `tb_cart` VALUES (62, 106, 1, 2080);
INSERT INTO `tb_cart` VALUES (63, 106, 1, 2080);
INSERT INTO `tb_cart` VALUES (64, 106, 1, 2080);
INSERT INTO `tb_cart` VALUES (65, 106, 1, 2080);
INSERT INTO `tb_cart` VALUES (66, 106, 1, 2080);
INSERT INTO `tb_cart` VALUES (67, 106, 1, 2080);
INSERT INTO `tb_cart` VALUES (68, 106, 1, 2080);
INSERT INTO `tb_cart` VALUES (69, 106, 1, 2080);
INSERT INTO `tb_cart` VALUES (70, 106, 1, 2080);
INSERT INTO `tb_cart` VALUES (71, 106, 1, 2080);
INSERT INTO `tb_cart` VALUES (72, 106, 1, 2080);
INSERT INTO `tb_cart` VALUES (73, 106, 1, 2080);
INSERT INTO `tb_cart` VALUES (74, 106, 1, 2080);
INSERT INTO `tb_cart` VALUES (75, 106, 1, 2080);
INSERT INTO `tb_cart` VALUES (76, 106, 1, 2080);
INSERT INTO `tb_cart` VALUES (77, 106, 1, 2080);
INSERT INTO `tb_cart` VALUES (78, 110, 1, 2150);
INSERT INTO `tb_cart` VALUES (79, 110, 1, 2150);
INSERT INTO `tb_cart` VALUES (80, 110, 1, 2450);
INSERT INTO `tb_cart` VALUES (81, 106, 1, 1835);
INSERT INTO `tb_cart` VALUES (82, 112, 1, 1835);
INSERT INTO `tb_cart` VALUES (83, 78, 2, 2485);
INSERT INTO `tb_cart` VALUES (84, 48, 3, 540);
INSERT INTO `tb_cart` VALUES (85, 88, 3, 40);
INSERT INTO `tb_cart` VALUES (86, 56, 2, 2685);
INSERT INTO `tb_cart` VALUES (87, 90, 1, 1935);
INSERT INTO `tb_cart` VALUES (88, 90, 1, 1935);
INSERT INTO `tb_cart` VALUES (89, 90, 1, 1935);
INSERT INTO `tb_cart` VALUES (90, 90, 1, 1915);
INSERT INTO `tb_cart` VALUES (91, 90, 1, 1935);
INSERT INTO `tb_cart` VALUES (92, 90, 1, 1915);
INSERT INTO `tb_cart` VALUES (93, 90, 1, 1935);
INSERT INTO `tb_cart` VALUES (94, 90, 1, 1915);
INSERT INTO `tb_cart` VALUES (95, 90, 1, 1915);
INSERT INTO `tb_cart` VALUES (96, 88, 3, 40);
INSERT INTO `tb_cart` VALUES (97, 90, 1, 1935);
INSERT INTO `tb_cart` VALUES (98, 90, 1, 1915);
INSERT INTO `tb_cart` VALUES (99, 90, 1, 1915);
INSERT INTO `tb_cart` VALUES (100, 88, 3, 70);
INSERT INTO `tb_cart` VALUES (101, 56, 1, 1935);
INSERT INTO `tb_cart` VALUES (102, 118, 2, 2535);
INSERT INTO `tb_cart` VALUES (103, 118, 1, 1915);
INSERT INTO `tb_cart` VALUES (104, 59, 3, 540);
INSERT INTO `tb_cart` VALUES (105, 59, 3, 540);
INSERT INTO `tb_cart` VALUES (106, 59, 3, 540);
INSERT INTO `tb_cart` VALUES (107, 59, 3, 540);
INSERT INTO `tb_cart` VALUES (108, 116, 1, 1935);
INSERT INTO `tb_cart` VALUES (109, 49, 1, 1935);
INSERT INTO `tb_cart` VALUES (110, 78, 5, 400);
INSERT INTO `tb_cart` VALUES (111, 90, 1, 1935);
INSERT INTO `tb_cart` VALUES (112, 90, 1, 1935);
INSERT INTO `tb_cart` VALUES (113, 90, 2, 2535);
INSERT INTO `tb_cart` VALUES (114, 116, 1, 2085);
INSERT INTO `tb_cart` VALUES (115, 120, 1, 1655);
INSERT INTO `tb_cart` VALUES (116, 122, 1, 900);
INSERT INTO `tb_cart` VALUES (117, 122, 1, 1050);
INSERT INTO `tb_cart` VALUES (118, 120, 1, 1655);
INSERT INTO `tb_cart` VALUES (119, 45, 5, 20);
INSERT INTO `tb_cart` VALUES (120, 120, 1, 1655);
INSERT INTO `tb_cart` VALUES (121, 120, 1, 1655);
INSERT INTO `tb_cart` VALUES (122, 124, 1, 1885);
INSERT INTO `tb_cart` VALUES (123, 126, 3, 710);
INSERT INTO `tb_cart` VALUES (124, 124, 1, 1885);
INSERT INTO `tb_cart` VALUES (125, 116, 1, 1935);
INSERT INTO `tb_cart` VALUES (126, 116, 1, 1935);
INSERT INTO `tb_cart` VALUES (127, 128, 5, 20);
INSERT INTO `tb_cart` VALUES (128, 128, 2, 1875);
INSERT INTO `tb_cart` VALUES (129, 136, 1, 1835);
INSERT INTO `tb_cart` VALUES (130, 126, 1, 2060);
INSERT INTO `tb_cart` VALUES (131, 153, 1, 1935);
INSERT INTO `tb_cart` VALUES (132, 78, 1, 1935);
INSERT INTO `tb_cart` VALUES (133, 78, 1, 1935);
INSERT INTO `tb_cart` VALUES (134, 88, 3, 40);
INSERT INTO `tb_cart` VALUES (135, 124, 1, 1250);
INSERT INTO `tb_cart` VALUES (136, 90, 1, 1185);
INSERT INTO `tb_cart` VALUES (137, 88, 3, 40);
INSERT INTO `tb_cart` VALUES (138, 59, 1, 1935);
INSERT INTO `tb_cart` VALUES (139, 155, 1, 1935);
INSERT INTO `tb_cart` VALUES (140, 158, 1, 975);
INSERT INTO `tb_cart` VALUES (141, 158, 1, 975);
INSERT INTO `tb_cart` VALUES (142, 128, 3, 90);
INSERT INTO `tb_cart` VALUES (143, 128, 3, 90);
INSERT INTO `tb_cart` VALUES (144, 128, 3, 90);
INSERT INTO `tb_cart` VALUES (145, 128, 3, 90);
INSERT INTO `tb_cart` VALUES (146, 128, 3, 90);
INSERT INTO `tb_cart` VALUES (147, 88, 3, 40);
INSERT INTO `tb_cart` VALUES (148, 164, 1, 1935);
INSERT INTO `tb_cart` VALUES (149, 164, 1, 1935);
INSERT INTO `tb_cart` VALUES (150, 176, 2, 2655);
INSERT INTO `tb_cart` VALUES (151, 176, 5, 370);
INSERT INTO `tb_cart` VALUES (152, 176, 2, 2655);
INSERT INTO `tb_cart` VALUES (153, 176, 5, 370);
INSERT INTO `tb_cart` VALUES (154, 178, 1, 1450);
INSERT INTO `tb_cart` VALUES (155, 178, 1, 1450);
INSERT INTO `tb_cart` VALUES (156, 176, 1, 1400);
INSERT INTO `tb_cart` VALUES (157, 176, 1, 1400);
INSERT INTO `tb_cart` VALUES (158, 176, 1, 1400);
INSERT INTO `tb_cart` VALUES (159, 176, 1, 1400);
INSERT INTO `tb_cart` VALUES (160, 176, 1, 1400);
INSERT INTO `tb_cart` VALUES (161, 188, 1, 1560);
INSERT INTO `tb_cart` VALUES (162, 176, 1, 1300);
INSERT INTO `tb_cart` VALUES (163, 190, 1, 1785);
INSERT INTO `tb_cart` VALUES (164, 190, 1, 1665);
INSERT INTO `tb_cart` VALUES (165, 188, 1, 1350);
INSERT INTO `tb_cart` VALUES (166, 176, 2, 1850);
INSERT INTO `tb_cart` VALUES (167, 176, 1, 900);
INSERT INTO `tb_cart` VALUES (168, 188, 1, 1350);
INSERT INTO `tb_cart` VALUES (169, 188, 1, 1350);
INSERT INTO `tb_cart` VALUES (170, 188, 1, 1805);
INSERT INTO `tb_cart` VALUES (171, 188, 1, 1805);
INSERT INTO `tb_cart` VALUES (172, 164, 1, 1735);
INSERT INTO `tb_cart` VALUES (173, 164, 1, 1735);
INSERT INTO `tb_cart` VALUES (174, 164, 1, 1335);
INSERT INTO `tb_cart` VALUES (175, 192, 1, 1530);
INSERT INTO `tb_cart` VALUES (176, 192, 1, 1490);
INSERT INTO `tb_cart` VALUES (177, 196, 6, 25);
INSERT INTO `tb_cart` VALUES (178, 196, 6, 25);
INSERT INTO `tb_cart` VALUES (179, 199, 1, 1115);
INSERT INTO `tb_cart` VALUES (180, 201, 2, 1650);
INSERT INTO `tb_cart` VALUES (181, 201, 2, 1650);
INSERT INTO `tb_cart` VALUES (182, 204, 1, 1465);
INSERT INTO `tb_cart` VALUES (183, 204, 1, 1465);
INSERT INTO `tb_cart` VALUES (184, 204, 1, 950);
INSERT INTO `tb_cart` VALUES (185, 201, 4, 120);
INSERT INTO `tb_cart` VALUES (186, 201, 2, 1310);
INSERT INTO `tb_cart` VALUES (187, 201, 2, 1310);
INSERT INTO `tb_cart` VALUES (188, 201, 2, 1310);
INSERT INTO `tb_cart` VALUES (189, 209, 1, 1535);
INSERT INTO `tb_cart` VALUES (190, 209, 1, 1665);
INSERT INTO `tb_cart` VALUES (191, 211, 1, 1795);
INSERT INTO `tb_cart` VALUES (192, 213, 5, 20);
INSERT INTO `tb_cart` VALUES (193, 213, 2, 2285);
INSERT INTO `tb_cart` VALUES (194, 215, 2, 1390);
INSERT INTO `tb_cart` VALUES (195, 215, 1, 1080);
INSERT INTO `tb_cart` VALUES (196, 215, 2, 1390);
INSERT INTO `tb_cart` VALUES (197, 215, 1, 1080);
INSERT INTO `tb_cart` VALUES (198, 215, 1, 1110);
INSERT INTO `tb_cart` VALUES (199, 215, 2, 1390);
INSERT INTO `tb_cart` VALUES (200, 215, 1, 1080);
INSERT INTO `tb_cart` VALUES (201, 215, 1, 1110);
INSERT INTO `tb_cart` VALUES (202, 215, 2, 1250);
INSERT INTO `tb_cart` VALUES (203, 215, 2, 1390);
INSERT INTO `tb_cart` VALUES (204, 215, 1, 1080);
INSERT INTO `tb_cart` VALUES (205, 215, 1, 1110);
INSERT INTO `tb_cart` VALUES (206, 215, 2, 1250);
INSERT INTO `tb_cart` VALUES (207, 219, 1, 1765);
INSERT INTO `tb_cart` VALUES (208, 219, 1, 1935);
INSERT INTO `tb_cart` VALUES (209, 215, 2, 1390);
INSERT INTO `tb_cart` VALUES (210, 215, 1, 1080);
INSERT INTO `tb_cart` VALUES (211, 215, 1, 1110);
INSERT INTO `tb_cart` VALUES (212, 215, 2, 1250);
INSERT INTO `tb_cart` VALUES (213, 215, 2, 1520);
INSERT INTO `tb_cart` VALUES (214, 219, 1, 1765);
INSERT INTO `tb_cart` VALUES (215, 219, 1, 1935);
INSERT INTO `tb_cart` VALUES (216, 221, 1, 1915);
INSERT INTO `tb_cart` VALUES (217, 221, 1, 1915);
INSERT INTO `tb_cart` VALUES (218, 221, 1, 1915);
INSERT INTO `tb_cart` VALUES (219, 221, 1, 1915);
INSERT INTO `tb_cart` VALUES (220, 213, 5, 90);
INSERT INTO `tb_cart` VALUES (221, 215, 2, 1390);
INSERT INTO `tb_cart` VALUES (222, 215, 1, 1080);
INSERT INTO `tb_cart` VALUES (223, 215, 1, 1110);
INSERT INTO `tb_cart` VALUES (224, 215, 2, 1250);
INSERT INTO `tb_cart` VALUES (225, 215, 2, 1520);
INSERT INTO `tb_cart` VALUES (226, 204, 5, 20);
INSERT INTO `tb_cart` VALUES (227, 223, 1, 1585);
INSERT INTO `tb_cart` VALUES (228, 201, 1, 1050);
INSERT INTO `tb_cart` VALUES (229, 226, 1, 2085);
INSERT INTO `tb_cart` VALUES (230, 215, 1, 1580);
INSERT INTO `tb_cart` VALUES (231, 209, 1, 2005);
INSERT INTO `tb_cart` VALUES (232, 181, 1, 800);
INSERT INTO `tb_cart` VALUES (233, 201, 1, 1460);
INSERT INTO `tb_cart` VALUES (234, 181, 1, 950);
INSERT INTO `tb_cart` VALUES (235, 181, 1, 950);
INSERT INTO `tb_cart` VALUES (236, 181, 1, 950);
INSERT INTO `tb_cart` VALUES (237, 181, 1, 950);
INSERT INTO `tb_cart` VALUES (238, 181, 1, 950);
INSERT INTO `tb_cart` VALUES (239, 201, 1, 1810);
INSERT INTO `tb_cart` VALUES (240, 201, 1, 1810);
INSERT INTO `tb_cart` VALUES (241, 251, 1, 1510);
INSERT INTO `tb_cart` VALUES (242, 251, 1, 1380);
INSERT INTO `tb_cart` VALUES (243, 253, 5, 20);
INSERT INTO `tb_cart` VALUES (244, 253, 5, 20);
INSERT INTO `tb_cart` VALUES (245, 213, 2, 1665);
INSERT INTO `tb_cart` VALUES (246, 181, 2, 1550);
INSERT INTO `tb_cart` VALUES (247, 201, 1, 1795);
INSERT INTO `tb_cart` VALUES (248, 201, 1, 1795);
INSERT INTO `tb_cart` VALUES (249, 201, 1, 1915);
INSERT INTO `tb_cart` VALUES (250, 209, 1, 1615);
INSERT INTO `tb_cart` VALUES (251, 209, 1, 1615);
INSERT INTO `tb_cart` VALUES (252, 265, 1, 1410);
INSERT INTO `tb_cart` VALUES (253, 265, 1, 1410);
INSERT INTO `tb_cart` VALUES (254, 265, 1, 1410);
INSERT INTO `tb_cart` VALUES (255, 265, 1, 180);
INSERT INTO `tb_cart` VALUES (256, 265, 1, 1410);
INSERT INTO `tb_cart` VALUES (257, 265, 1, 180);
INSERT INTO `tb_cart` VALUES (258, 265, 1, 1410);
INSERT INTO `tb_cart` VALUES (259, 265, 1, 180);
INSERT INTO `tb_cart` VALUES (260, 265, 1, 1410);
INSERT INTO `tb_cart` VALUES (261, 265, 1, 180);
INSERT INTO `tb_cart` VALUES (262, 265, 1, 1410);
INSERT INTO `tb_cart` VALUES (263, 265, 1, 180);
INSERT INTO `tb_cart` VALUES (264, 265, 1, 1410);
INSERT INTO `tb_cart` VALUES (265, 265, 1, 180);
INSERT INTO `tb_cart` VALUES (266, 265, 1, 1410);
INSERT INTO `tb_cart` VALUES (267, 265, 1, 180);
INSERT INTO `tb_cart` VALUES (268, 265, 1, 1410);
INSERT INTO `tb_cart` VALUES (269, 265, 1, 180);
INSERT INTO `tb_cart` VALUES (270, 223, 3, 40);
INSERT INTO `tb_cart` VALUES (271, 223, 3, 40);
INSERT INTO `tb_cart` VALUES (272, 276, 1, 1435);
INSERT INTO `tb_cart` VALUES (273, 276, 6, 80);
INSERT INTO `tb_cart` VALUES (274, 276, 3, 120);
INSERT INTO `tb_cart` VALUES (275, 280, 1, 1560);
INSERT INTO `tb_cart` VALUES (276, 280, 1, 1000);
INSERT INTO `tb_cart` VALUES (277, 292, 1, 1150);
INSERT INTO `tb_cart` VALUES (278, 295, 2, 1805);
INSERT INTO `tb_cart` VALUES (279, 295, 1, 1805);
INSERT INTO `tb_cart` VALUES (280, 292, 5, 20);
INSERT INTO `tb_cart` VALUES (281, 335, 7, 235);
INSERT INTO `tb_cart` VALUES (282, 335, 2, 1750);
INSERT INTO `tb_cart` VALUES (283, 304, 1, 1150);
INSERT INTO `tb_cart` VALUES (284, 292, 5, 20);
INSERT INTO `tb_cart` VALUES (285, 292, 6, 50);
INSERT INTO `tb_cart` VALUES (286, 351, 1, 1705);
INSERT INTO `tb_cart` VALUES (287, 342, 1, 1500);
INSERT INTO `tb_cart` VALUES (288, 342, 1, 1500);
INSERT INTO `tb_cart` VALUES (289, 342, 1, 1905);
INSERT INTO `tb_cart` VALUES (290, 292, 5, 20);
INSERT INTO `tb_cart` VALUES (291, 292, 5, 20);
INSERT INTO `tb_cart` VALUES (292, 292, 5, 20);
INSERT INTO `tb_cart` VALUES (293, 292, 5, 20);
INSERT INTO `tb_cart` VALUES (294, 386, 2, 2535);
INSERT INTO `tb_cart` VALUES (295, 386, 2, 2535);
INSERT INTO `tb_cart` VALUES (296, 392, 1, 1155);
INSERT INTO `tb_cart` VALUES (297, 392, 1, 1155);
INSERT INTO `tb_cart` VALUES (298, 392, 1, 1155);
INSERT INTO `tb_cart` VALUES (299, 392, 1, 1155);
INSERT INTO `tb_cart` VALUES (300, 392, 1, 1155);
INSERT INTO `tb_cart` VALUES (301, 282, 1, 1300);
INSERT INTO `tb_cart` VALUES (302, 282, 1, 1300);
INSERT INTO `tb_cart` VALUES (303, 282, 1, 1300);
INSERT INTO `tb_cart` VALUES (304, 282, 1, 1300);
INSERT INTO `tb_cart` VALUES (305, 282, 1, 1300);
INSERT INTO `tb_cart` VALUES (306, 304, 6, 90);
INSERT INTO `tb_cart` VALUES (307, 304, 5, 20);
INSERT INTO `tb_cart` VALUES (308, 304, 6, 70);
INSERT INTO `tb_cart` VALUES (309, 282, 2, 1700);
INSERT INTO `tb_cart` VALUES (310, 282, 2, 1700);
INSERT INTO `tb_cart` VALUES (311, 438, 3, 390);
INSERT INTO `tb_cart` VALUES (312, 356, 1, 1425);
INSERT INTO `tb_cart` VALUES (313, 282, 3, 40);
INSERT INTO `tb_cart` VALUES (314, 122, 1, 1500);
INSERT INTO `tb_cart` VALUES (315, 122, 1, 1500);
INSERT INTO `tb_cart` VALUES (316, 122, 1, 1500);
INSERT INTO `tb_cart` VALUES (317, 122, 1, 1500);
INSERT INTO `tb_cart` VALUES (318, 304, 2, 2255);
INSERT INTO `tb_cart` VALUES (319, 309, 2, 1970);
INSERT INTO `tb_cart` VALUES (320, 309, 2, 1970);
INSERT INTO `tb_cart` VALUES (321, 304, 1, 1935);
INSERT INTO `tb_cart` VALUES (322, 427, 1, 1685);
INSERT INTO `tb_cart` VALUES (323, 427, 1, 1685);
INSERT INTO `tb_cart` VALUES (324, 444, 1, 1050);
INSERT INTO `tb_cart` VALUES (325, 444, 1, 1050);
INSERT INTO `tb_cart` VALUES (326, 292, 5, 20);
INSERT INTO `tb_cart` VALUES (327, 292, 5, 20);
INSERT INTO `tb_cart` VALUES (328, 407, 1, 1455);
INSERT INTO `tb_cart` VALUES (329, 427, 1, 1380);
INSERT INTO `tb_cart` VALUES (330, 427, 1, 1380);
INSERT INTO `tb_cart` VALUES (331, 427, 1, 1380);
INSERT INTO `tb_cart` VALUES (332, 427, 1, 1380);
INSERT INTO `tb_cart` VALUES (333, 427, 1, 1380);
INSERT INTO `tb_cart` VALUES (334, 304, 1, 1935);
INSERT INTO `tb_cart` VALUES (335, 469, 1, 1230);
INSERT INTO `tb_cart` VALUES (336, 479, 1, 1305);
INSERT INTO `tb_cart` VALUES (337, 488, 1, 1150);
INSERT INTO `tb_cart` VALUES (338, 488, 1, 1530);
INSERT INTO `tb_cart` VALUES (339, 488, 1, 1150);
INSERT INTO `tb_cart` VALUES (340, 488, 1, 1530);
INSERT INTO `tb_cart` VALUES (341, 488, 1, 1530);
INSERT INTO `tb_cart` VALUES (342, 488, 2, 1450);
INSERT INTO `tb_cart` VALUES (343, 490, 1, 2035);
INSERT INTO `tb_cart` VALUES (344, 488, 2, 1500);
INSERT INTO `tb_cart` VALUES (345, 490, 1, 2035);
INSERT INTO `tb_cart` VALUES (346, 492, 1, 1955);
INSERT INTO `tb_cart` VALUES (347, 495, 1, 1300);
INSERT INTO `tb_cart` VALUES (348, 490, 3, 40);
INSERT INTO `tb_cart` VALUES (349, 499, 6, 160);
INSERT INTO `tb_cart` VALUES (350, 507, 1, 1480);
INSERT INTO `tb_cart` VALUES (351, 507, 1, 1640);
INSERT INTO `tb_cart` VALUES (352, 479, 1, 1050);
INSERT INTO `tb_cart` VALUES (353, 479, 1, 1050);
INSERT INTO `tb_cart` VALUES (354, 479, 1, 1050);
INSERT INTO `tb_cart` VALUES (355, 479, 1, 1050);
INSERT INTO `tb_cart` VALUES (356, 479, 1, 1050);
INSERT INTO `tb_cart` VALUES (357, 479, 1, 1050);
INSERT INTO `tb_cart` VALUES (358, 479, 1, 1050);
INSERT INTO `tb_cart` VALUES (359, 507, 1, 1360);
INSERT INTO `tb_cart` VALUES (360, 488, 1, 1815);
INSERT INTO `tb_cart` VALUES (361, 488, 1, 1815);
INSERT INTO `tb_cart` VALUES (362, 488, 2, 2055);
INSERT INTO `tb_cart` VALUES (363, 488, 2, 2055);
INSERT INTO `tb_cart` VALUES (364, 488, 2, 2055);
INSERT INTO `tb_cart` VALUES (365, 488, 2, 2055);
INSERT INTO `tb_cart` VALUES (366, 541, 1, 1560);
INSERT INTO `tb_cart` VALUES (367, 541, 1, 1400);
INSERT INTO `tb_cart` VALUES (368, 541, 1, 1560);
INSERT INTO `tb_cart` VALUES (369, 541, 1, 1400);
INSERT INTO `tb_cart` VALUES (370, 453, 1, 1460);
INSERT INTO `tb_cart` VALUES (371, 556, 1, 1150);
INSERT INTO `tb_cart` VALUES (372, 556, 1, 1150);
INSERT INTO `tb_cart` VALUES (373, 556, 1, 1150);
INSERT INTO `tb_cart` VALUES (374, 556, 1, 1150);
INSERT INTO `tb_cart` VALUES (375, 556, 1, 1150);
INSERT INTO `tb_cart` VALUES (376, 556, 1, 1150);
INSERT INTO `tb_cart` VALUES (377, 556, 1, 1300);
INSERT INTO `tb_cart` VALUES (378, 556, 1, 1300);
INSERT INTO `tb_cart` VALUES (379, 556, 1, 1300);
INSERT INTO `tb_cart` VALUES (380, 556, 1, 2500);
INSERT INTO `tb_cart` VALUES (381, 556, 1, 2500);
INSERT INTO `tb_cart` VALUES (382, 556, 1, 2500);
INSERT INTO `tb_cart` VALUES (383, 556, 1, 2500);
INSERT INTO `tb_cart` VALUES (384, 556, 1, 2500);
INSERT INTO `tb_cart` VALUES (385, 556, 1, 2500);
INSERT INTO `tb_cart` VALUES (386, 556, 7, 160);
INSERT INTO `tb_cart` VALUES (387, 488, 5, 100);
INSERT INTO `tb_cart` VALUES (388, 488, 5, 100);
INSERT INTO `tb_cart` VALUES (389, 562, 1, 1000);
INSERT INTO `tb_cart` VALUES (390, 562, 1, 1000);
INSERT INTO `tb_cart` VALUES (391, 507, 1, 1935);
INSERT INTO `tb_cart` VALUES (392, 507, 1, 1935);
INSERT INTO `tb_cart` VALUES (393, 562, 2, 1700);
INSERT INTO `tb_cart` VALUES (394, 562, 2, 1700);
INSERT INTO `tb_cart` VALUES (395, 562, 2, 1700);
INSERT INTO `tb_cart` VALUES (396, 562, 2, 1700);
INSERT INTO `tb_cart` VALUES (397, 562, 2, 1700);
INSERT INTO `tb_cart` VALUES (398, 562, 2, 1700);
INSERT INTO `tb_cart` VALUES (399, 562, 2, 1700);
INSERT INTO `tb_cart` VALUES (400, 562, 2, 1700);
INSERT INTO `tb_cart` VALUES (401, 562, 1, 1250);
INSERT INTO `tb_cart` VALUES (402, 556, 6, 25);
INSERT INTO `tb_cart` VALUES (403, 556, 6, 25);
INSERT INTO `tb_cart` VALUES (404, 570, 2, 1450);
INSERT INTO `tb_cart` VALUES (405, 570, 1, 1050);
INSERT INTO `tb_cart` VALUES (406, 488, 1, 1815);
INSERT INTO `tb_cart` VALUES (407, 488, 1, 1815);
INSERT INTO `tb_cart` VALUES (408, 488, 1, 1785);
INSERT INTO `tb_cart` VALUES (409, 488, 1, 1785);
INSERT INTO `tb_cart` VALUES (410, 488, 1, 1615);
INSERT INTO `tb_cart` VALUES (411, 591, 1, 800);
INSERT INTO `tb_cart` VALUES (412, 591, 2, 1600);
INSERT INTO `tb_cart` VALUES (413, 591, 1, 800);
INSERT INTO `tb_cart` VALUES (414, 591, 2, 1600);
INSERT INTO `tb_cart` VALUES (415, 593, 1, 800);
INSERT INTO `tb_cart` VALUES (416, 600, 2, 1850);
INSERT INTO `tb_cart` VALUES (417, 600, 2, 1850);
INSERT INTO `tb_cart` VALUES (418, 593, 1, 1830);
INSERT INTO `tb_cart` VALUES (419, 602, 1, 1380);
INSERT INTO `tb_cart` VALUES (420, 602, 1, 1660);
INSERT INTO `tb_cart` VALUES (421, 604, 1, 1255);
INSERT INTO `tb_cart` VALUES (422, 604, 1, 1255);
INSERT INTO `tb_cart` VALUES (423, 604, 1, 1255);
INSERT INTO `tb_cart` VALUES (424, 604, 1, 1255);
INSERT INTO `tb_cart` VALUES (425, 604, 1, 1255);
INSERT INTO `tb_cart` VALUES (426, 604, 1, 1255);
INSERT INTO `tb_cart` VALUES (427, 604, 1, 1255);
INSERT INTO `tb_cart` VALUES (428, 604, 1, 1255);
INSERT INTO `tb_cart` VALUES (429, 604, 1, 155);
INSERT INTO `tb_cart` VALUES (430, 613, 1, 1450);
INSERT INTO `tb_cart` VALUES (431, 613, 1, 1660);
INSERT INTO `tb_cart` VALUES (432, 620, 5, 20);
INSERT INTO `tb_cart` VALUES (433, 617, 2, 765);
INSERT INTO `tb_cart` VALUES (434, 626, 2, 2435);
INSERT INTO `tb_cart` VALUES (435, 626, 2, 2435);
INSERT INTO `tb_cart` VALUES (436, 626, 6, 130);
INSERT INTO `tb_cart` VALUES (437, 628, 2, 2460);
INSERT INTO `tb_cart` VALUES (438, 628, 3, 540);
INSERT INTO `tb_cart` VALUES (439, 646, 5, 20);
INSERT INTO `tb_cart` VALUES (440, 646, 5, 20);
INSERT INTO `tb_cart` VALUES (441, 646, 6, 25);
INSERT INTO `tb_cart` VALUES (442, 646, 5, 20);
INSERT INTO `tb_cart` VALUES (443, 646, 6, 25);
INSERT INTO `tb_cart` VALUES (444, 646, 6, 25);
INSERT INTO `tb_cart` VALUES (445, 648, 1, 1680);
INSERT INTO `tb_cart` VALUES (446, 650, 1, 1885);
INSERT INTO `tb_cart` VALUES (447, 650, 1, 1885);
INSERT INTO `tb_cart` VALUES (448, 648, 1, 1680);
INSERT INTO `tb_cart` VALUES (449, 648, 6, 100);
INSERT INTO `tb_cart` VALUES (450, 663, 1, 1935);
INSERT INTO `tb_cart` VALUES (451, 41, 1, 1935);
INSERT INTO `tb_cart` VALUES (452, 33, 1, 1935);
INSERT INTO `tb_cart` VALUES (453, 33, 1, 1935);
INSERT INTO `tb_cart` VALUES (454, 665, 2, 2535);
INSERT INTO `tb_cart` VALUES (455, 665, 1, 2480);
INSERT INTO `tb_cart` VALUES (456, 665, 2, 2535);
INSERT INTO `tb_cart` VALUES (457, 665, 1, 2480);
INSERT INTO `tb_cart` VALUES (458, 668, 7, 200);
INSERT INTO `tb_cart` VALUES (459, 668, 7, 200);
INSERT INTO `tb_cart` VALUES (460, 670, 1, 1715);
INSERT INTO `tb_cart` VALUES (461, 673, 2, 1850);
INSERT INTO `tb_cart` VALUES (462, 673, 2, 1850);
INSERT INTO `tb_cart` VALUES (463, 673, 2, 1850);
INSERT INTO `tb_cart` VALUES (464, 673, 2, 1600);
INSERT INTO `tb_cart` VALUES (465, 673, 2, 1600);
INSERT INTO `tb_cart` VALUES (466, 673, 2, 1600);
INSERT INTO `tb_cart` VALUES (467, 673, 2, 1850);
INSERT INTO `tb_cart` VALUES (468, 673, 2, 1600);
INSERT INTO `tb_cart` VALUES (469, 673, 2, 1600);
INSERT INTO `tb_cart` VALUES (470, 673, 2, 1600);
INSERT INTO `tb_cart` VALUES (471, 673, 2, 1400);
INSERT INTO `tb_cart` VALUES (472, 673, 1, 1250);
INSERT INTO `tb_cart` VALUES (473, 665, 2, 2535);
INSERT INTO `tb_cart` VALUES (474, 665, 2, 2535);
INSERT INTO `tb_cart` VALUES (475, 469, 1, 1665);
INSERT INTO `tb_cart` VALUES (476, 676, 1, 1490);
INSERT INTO `tb_cart` VALUES (477, 676, 1, 1490);
INSERT INTO `tb_cart` VALUES (478, 41, 5, 20);
INSERT INTO `tb_cart` VALUES (479, 679, 1, 1560);
INSERT INTO `tb_cart` VALUES (480, 683, 1, 1415);

-- ----------------------------
-- Table structure for tb_cart_detail
-- ----------------------------
DROP TABLE IF EXISTS `tb_cart_detail`;
CREATE TABLE `tb_cart_detail`  (
  `cart_detail_id` int NOT NULL AUTO_INCREMENT,
  `fk_cart_id` int NULL DEFAULT NULL,
  `fk_info_detail_id` int NULL DEFAULT NULL,
  PRIMARY KEY (`cart_detail_id`) USING BTREE,
  INDEX `fk_cart_id`(`fk_cart_id` ASC) USING BTREE,
  INDEX `fk_info_detail_id`(`fk_info_detail_id` ASC) USING BTREE,
  CONSTRAINT `tb_cart_detail_ibfk_1` FOREIGN KEY (`fk_cart_id`) REFERENCES `tb_cart` (`cart_id`) ON DELETE RESTRICT ON UPDATE RESTRICT,
  CONSTRAINT `tb_cart_detail_ibfk_2` FOREIGN KEY (`fk_info_detail_id`) REFERENCES `tb_info_detail` (`info_detail_id`) ON DELETE RESTRICT ON UPDATE RESTRICT
) ENGINE = InnoDB AUTO_INCREMENT = 5260 CHARACTER SET = utf8mb3 COLLATE = utf8mb3_general_ci ROW_FORMAT = COMPACT;

-- ----------------------------
-- Records of tb_cart_detail
-- ----------------------------
INSERT INTO `tb_cart_detail` VALUES (1, 1, 2);
INSERT INTO `tb_cart_detail` VALUES (2, 1, 12);
INSERT INTO `tb_cart_detail` VALUES (3, 1, 18);
INSERT INTO `tb_cart_detail` VALUES (4, 1, 23);
INSERT INTO `tb_cart_detail` VALUES (5, 1, 25);
INSERT INTO `tb_cart_detail` VALUES (6, 1, 31);
INSERT INTO `tb_cart_detail` VALUES (7, 1, 43);
INSERT INTO `tb_cart_detail` VALUES (8, 1, 46);
INSERT INTO `tb_cart_detail` VALUES (9, 1, 51);
INSERT INTO `tb_cart_detail` VALUES (10, 1, 54);
INSERT INTO `tb_cart_detail` VALUES (11, 1, 35);
INSERT INTO `tb_cart_detail` VALUES (12, 2, 2);
INSERT INTO `tb_cart_detail` VALUES (13, 2, 12);
INSERT INTO `tb_cart_detail` VALUES (14, 2, 18);
INSERT INTO `tb_cart_detail` VALUES (15, 2, 21);
INSERT INTO `tb_cart_detail` VALUES (16, 2, 26);
INSERT INTO `tb_cart_detail` VALUES (17, 2, 31);
INSERT INTO `tb_cart_detail` VALUES (18, 2, 42);
INSERT INTO `tb_cart_detail` VALUES (19, 2, 47);
INSERT INTO `tb_cart_detail` VALUES (20, 2, 50);
INSERT INTO `tb_cart_detail` VALUES (21, 2, 54);
INSERT INTO `tb_cart_detail` VALUES (22, 2, 34);
INSERT INTO `tb_cart_detail` VALUES (23, 2, 41);
INSERT INTO `tb_cart_detail` VALUES (24, 3, 3);
INSERT INTO `tb_cart_detail` VALUES (25, 3, 12);
INSERT INTO `tb_cart_detail` VALUES (26, 3, 18);
INSERT INTO `tb_cart_detail` VALUES (27, 3, 21);
INSERT INTO `tb_cart_detail` VALUES (28, 3, 26);
INSERT INTO `tb_cart_detail` VALUES (29, 3, 32);
INSERT INTO `tb_cart_detail` VALUES (30, 3, 42);
INSERT INTO `tb_cart_detail` VALUES (31, 3, 47);
INSERT INTO `tb_cart_detail` VALUES (32, 3, 50);
INSERT INTO `tb_cart_detail` VALUES (33, 3, 55);
INSERT INTO `tb_cart_detail` VALUES (34, 3, 35);
INSERT INTO `tb_cart_detail` VALUES (35, 3, 41);
INSERT INTO `tb_cart_detail` VALUES (36, 4, 1);
INSERT INTO `tb_cart_detail` VALUES (37, 4, 13);
INSERT INTO `tb_cart_detail` VALUES (38, 4, 15);
INSERT INTO `tb_cart_detail` VALUES (39, 4, 21);
INSERT INTO `tb_cart_detail` VALUES (40, 4, 26);
INSERT INTO `tb_cart_detail` VALUES (41, 4, 31);
INSERT INTO `tb_cart_detail` VALUES (42, 4, 42);
INSERT INTO `tb_cart_detail` VALUES (43, 4, 47);
INSERT INTO `tb_cart_detail` VALUES (44, 4, 50);
INSERT INTO `tb_cart_detail` VALUES (45, 4, 55);
INSERT INTO `tb_cart_detail` VALUES (46, 4, 34);
INSERT INTO `tb_cart_detail` VALUES (47, 4, 35);
INSERT INTO `tb_cart_detail` VALUES (48, 5, 22);
INSERT INTO `tb_cart_detail` VALUES (49, 5, 72);
INSERT INTO `tb_cart_detail` VALUES (50, 5, 71);
INSERT INTO `tb_cart_detail` VALUES (51, 5, 76);
INSERT INTO `tb_cart_detail` VALUES (52, 5, 78);
INSERT INTO `tb_cart_detail` VALUES (53, 5, 82);
INSERT INTO `tb_cart_detail` VALUES (54, 5, 74);
INSERT INTO `tb_cart_detail` VALUES (55, 6, 3);
INSERT INTO `tb_cart_detail` VALUES (56, 6, 13);
INSERT INTO `tb_cart_detail` VALUES (57, 6, 18);
INSERT INTO `tb_cart_detail` VALUES (58, 6, 23);
INSERT INTO `tb_cart_detail` VALUES (59, 6, 26);
INSERT INTO `tb_cart_detail` VALUES (60, 6, 32);
INSERT INTO `tb_cart_detail` VALUES (61, 6, 45);
INSERT INTO `tb_cart_detail` VALUES (62, 6, 47);
INSERT INTO `tb_cart_detail` VALUES (63, 6, 53);
INSERT INTO `tb_cart_detail` VALUES (64, 6, 56);
INSERT INTO `tb_cart_detail` VALUES (65, 6, 34);
INSERT INTO `tb_cart_detail` VALUES (66, 7, 2);
INSERT INTO `tb_cart_detail` VALUES (67, 7, 13);
INSERT INTO `tb_cart_detail` VALUES (68, 7, 16);
INSERT INTO `tb_cart_detail` VALUES (69, 7, 23);
INSERT INTO `tb_cart_detail` VALUES (70, 7, 25);
INSERT INTO `tb_cart_detail` VALUES (71, 7, 32);
INSERT INTO `tb_cart_detail` VALUES (72, 7, 44);
INSERT INTO `tb_cart_detail` VALUES (73, 7, 47);
INSERT INTO `tb_cart_detail` VALUES (74, 7, 52);
INSERT INTO `tb_cart_detail` VALUES (75, 7, 55);
INSERT INTO `tb_cart_detail` VALUES (76, 7, 34);
INSERT INTO `tb_cart_detail` VALUES (77, 7, 35);
INSERT INTO `tb_cart_detail` VALUES (78, 8, 22);
INSERT INTO `tb_cart_detail` VALUES (79, 8, 72);
INSERT INTO `tb_cart_detail` VALUES (80, 8, 71);
INSERT INTO `tb_cart_detail` VALUES (81, 8, 77);
INSERT INTO `tb_cart_detail` VALUES (82, 8, 79);
INSERT INTO `tb_cart_detail` VALUES (83, 8, 83);
INSERT INTO `tb_cart_detail` VALUES (84, 8, 74);
INSERT INTO `tb_cart_detail` VALUES (85, 9, 3);
INSERT INTO `tb_cart_detail` VALUES (86, 9, 13);
INSERT INTO `tb_cart_detail` VALUES (87, 9, 14);
INSERT INTO `tb_cart_detail` VALUES (88, 9, 24);
INSERT INTO `tb_cart_detail` VALUES (89, 9, 27);
INSERT INTO `tb_cart_detail` VALUES (90, 9, 32);
INSERT INTO `tb_cart_detail` VALUES (91, 9, 45);
INSERT INTO `tb_cart_detail` VALUES (92, 9, 49);
INSERT INTO `tb_cart_detail` VALUES (93, 9, 53);
INSERT INTO `tb_cart_detail` VALUES (94, 9, 57);
INSERT INTO `tb_cart_detail` VALUES (95, 9, 33);
INSERT INTO `tb_cart_detail` VALUES (96, 9, 34);
INSERT INTO `tb_cart_detail` VALUES (97, 9, 35);
INSERT INTO `tb_cart_detail` VALUES (98, 9, 36);
INSERT INTO `tb_cart_detail` VALUES (99, 9, 37);
INSERT INTO `tb_cart_detail` VALUES (100, 9, 38);
INSERT INTO `tb_cart_detail` VALUES (101, 9, 39);
INSERT INTO `tb_cart_detail` VALUES (102, 9, 40);
INSERT INTO `tb_cart_detail` VALUES (103, 9, 41);
INSERT INTO `tb_cart_detail` VALUES (104, 10, 9);
INSERT INTO `tb_cart_detail` VALUES (105, 10, 28);
INSERT INTO `tb_cart_detail` VALUES (106, 10, 31);
INSERT INTO `tb_cart_detail` VALUES (107, 10, 44);
INSERT INTO `tb_cart_detail` VALUES (108, 10, 46);
INSERT INTO `tb_cart_detail` VALUES (109, 10, 50);
INSERT INTO `tb_cart_detail` VALUES (110, 10, 54);
INSERT INTO `tb_cart_detail` VALUES (111, 11, 1);
INSERT INTO `tb_cart_detail` VALUES (112, 11, 12);
INSERT INTO `tb_cart_detail` VALUES (113, 11, 17);
INSERT INTO `tb_cart_detail` VALUES (114, 11, 21);
INSERT INTO `tb_cart_detail` VALUES (115, 11, 25);
INSERT INTO `tb_cart_detail` VALUES (116, 11, 31);
INSERT INTO `tb_cart_detail` VALUES (117, 11, 43);
INSERT INTO `tb_cart_detail` VALUES (118, 11, 46);
INSERT INTO `tb_cart_detail` VALUES (119, 11, 50);
INSERT INTO `tb_cart_detail` VALUES (120, 11, 54);
INSERT INTO `tb_cart_detail` VALUES (121, 12, 9);
INSERT INTO `tb_cart_detail` VALUES (122, 12, 28);
INSERT INTO `tb_cart_detail` VALUES (123, 12, 31);
INSERT INTO `tb_cart_detail` VALUES (124, 12, 44);
INSERT INTO `tb_cart_detail` VALUES (125, 12, 46);
INSERT INTO `tb_cart_detail` VALUES (126, 12, 50);
INSERT INTO `tb_cart_detail` VALUES (127, 12, 54);
INSERT INTO `tb_cart_detail` VALUES (128, 13, 9);
INSERT INTO `tb_cart_detail` VALUES (129, 13, 28);
INSERT INTO `tb_cart_detail` VALUES (130, 13, 31);
INSERT INTO `tb_cart_detail` VALUES (131, 13, 44);
INSERT INTO `tb_cart_detail` VALUES (132, 13, 46);
INSERT INTO `tb_cart_detail` VALUES (133, 13, 50);
INSERT INTO `tb_cart_detail` VALUES (134, 13, 54);
INSERT INTO `tb_cart_detail` VALUES (135, 14, 9);
INSERT INTO `tb_cart_detail` VALUES (136, 14, 28);
INSERT INTO `tb_cart_detail` VALUES (137, 14, 31);
INSERT INTO `tb_cart_detail` VALUES (138, 14, 44);
INSERT INTO `tb_cart_detail` VALUES (139, 14, 46);
INSERT INTO `tb_cart_detail` VALUES (140, 14, 50);
INSERT INTO `tb_cart_detail` VALUES (141, 14, 54);
INSERT INTO `tb_cart_detail` VALUES (142, 15, 9);
INSERT INTO `tb_cart_detail` VALUES (143, 15, 28);
INSERT INTO `tb_cart_detail` VALUES (144, 15, 31);
INSERT INTO `tb_cart_detail` VALUES (145, 15, 44);
INSERT INTO `tb_cart_detail` VALUES (146, 15, 46);
INSERT INTO `tb_cart_detail` VALUES (147, 15, 50);
INSERT INTO `tb_cart_detail` VALUES (148, 15, 54);
INSERT INTO `tb_cart_detail` VALUES (149, 16, 9);
INSERT INTO `tb_cart_detail` VALUES (150, 16, 28);
INSERT INTO `tb_cart_detail` VALUES (151, 16, 31);
INSERT INTO `tb_cart_detail` VALUES (152, 16, 44);
INSERT INTO `tb_cart_detail` VALUES (153, 16, 46);
INSERT INTO `tb_cart_detail` VALUES (154, 16, 50);
INSERT INTO `tb_cart_detail` VALUES (155, 16, 54);
INSERT INTO `tb_cart_detail` VALUES (156, 17, 9);
INSERT INTO `tb_cart_detail` VALUES (157, 17, 28);
INSERT INTO `tb_cart_detail` VALUES (158, 17, 31);
INSERT INTO `tb_cart_detail` VALUES (159, 17, 44);
INSERT INTO `tb_cart_detail` VALUES (160, 17, 46);
INSERT INTO `tb_cart_detail` VALUES (161, 17, 50);
INSERT INTO `tb_cart_detail` VALUES (162, 17, 54);
INSERT INTO `tb_cart_detail` VALUES (163, 18, 1);
INSERT INTO `tb_cart_detail` VALUES (164, 18, 12);
INSERT INTO `tb_cart_detail` VALUES (165, 18, 17);
INSERT INTO `tb_cart_detail` VALUES (166, 18, 21);
INSERT INTO `tb_cart_detail` VALUES (167, 18, 25);
INSERT INTO `tb_cart_detail` VALUES (168, 18, 31);
INSERT INTO `tb_cart_detail` VALUES (169, 18, 43);
INSERT INTO `tb_cart_detail` VALUES (170, 18, 46);
INSERT INTO `tb_cart_detail` VALUES (171, 18, 50);
INSERT INTO `tb_cart_detail` VALUES (172, 18, 54);
INSERT INTO `tb_cart_detail` VALUES (173, 19, 1);
INSERT INTO `tb_cart_detail` VALUES (174, 19, 12);
INSERT INTO `tb_cart_detail` VALUES (175, 19, 17);
INSERT INTO `tb_cart_detail` VALUES (176, 19, 21);
INSERT INTO `tb_cart_detail` VALUES (177, 19, 25);
INSERT INTO `tb_cart_detail` VALUES (178, 19, 31);
INSERT INTO `tb_cart_detail` VALUES (179, 19, 43);
INSERT INTO `tb_cart_detail` VALUES (180, 19, 46);
INSERT INTO `tb_cart_detail` VALUES (181, 19, 50);
INSERT INTO `tb_cart_detail` VALUES (182, 19, 54);
INSERT INTO `tb_cart_detail` VALUES (183, 20, 1);
INSERT INTO `tb_cart_detail` VALUES (184, 20, 12);
INSERT INTO `tb_cart_detail` VALUES (185, 20, 18);
INSERT INTO `tb_cart_detail` VALUES (186, 20, 23);
INSERT INTO `tb_cart_detail` VALUES (187, 20, 25);
INSERT INTO `tb_cart_detail` VALUES (188, 20, 31);
INSERT INTO `tb_cart_detail` VALUES (189, 20, 44);
INSERT INTO `tb_cart_detail` VALUES (190, 20, 46);
INSERT INTO `tb_cart_detail` VALUES (191, 20, 50);
INSERT INTO `tb_cart_detail` VALUES (192, 20, 54);
INSERT INTO `tb_cart_detail` VALUES (193, 20, 33);
INSERT INTO `tb_cart_detail` VALUES (194, 20, 37);
INSERT INTO `tb_cart_detail` VALUES (195, 21, 1);
INSERT INTO `tb_cart_detail` VALUES (196, 21, 12);
INSERT INTO `tb_cart_detail` VALUES (197, 21, 17);
INSERT INTO `tb_cart_detail` VALUES (198, 21, 21);
INSERT INTO `tb_cart_detail` VALUES (199, 21, 25);
INSERT INTO `tb_cart_detail` VALUES (200, 21, 31);
INSERT INTO `tb_cart_detail` VALUES (201, 21, 43);
INSERT INTO `tb_cart_detail` VALUES (202, 21, 46);
INSERT INTO `tb_cart_detail` VALUES (203, 21, 50);
INSERT INTO `tb_cart_detail` VALUES (204, 21, 54);
INSERT INTO `tb_cart_detail` VALUES (205, 22, 1);
INSERT INTO `tb_cart_detail` VALUES (206, 22, 12);
INSERT INTO `tb_cart_detail` VALUES (207, 22, 17);
INSERT INTO `tb_cart_detail` VALUES (208, 22, 21);
INSERT INTO `tb_cart_detail` VALUES (209, 22, 25);
INSERT INTO `tb_cart_detail` VALUES (210, 22, 31);
INSERT INTO `tb_cart_detail` VALUES (211, 22, 43);
INSERT INTO `tb_cart_detail` VALUES (212, 22, 46);
INSERT INTO `tb_cart_detail` VALUES (213, 22, 50);
INSERT INTO `tb_cart_detail` VALUES (214, 22, 54);
INSERT INTO `tb_cart_detail` VALUES (215, 23, 1);
INSERT INTO `tb_cart_detail` VALUES (216, 23, 12);
INSERT INTO `tb_cart_detail` VALUES (217, 23, 17);
INSERT INTO `tb_cart_detail` VALUES (218, 23, 21);
INSERT INTO `tb_cart_detail` VALUES (219, 23, 25);
INSERT INTO `tb_cart_detail` VALUES (220, 23, 31);
INSERT INTO `tb_cart_detail` VALUES (221, 23, 43);
INSERT INTO `tb_cart_detail` VALUES (222, 23, 46);
INSERT INTO `tb_cart_detail` VALUES (223, 23, 50);
INSERT INTO `tb_cart_detail` VALUES (224, 23, 54);
INSERT INTO `tb_cart_detail` VALUES (225, 24, 3);
INSERT INTO `tb_cart_detail` VALUES (226, 24, 13);
INSERT INTO `tb_cart_detail` VALUES (227, 24, 14);
INSERT INTO `tb_cart_detail` VALUES (228, 24, 24);
INSERT INTO `tb_cart_detail` VALUES (229, 24, 27);
INSERT INTO `tb_cart_detail` VALUES (230, 24, 32);
INSERT INTO `tb_cart_detail` VALUES (231, 24, 45);
INSERT INTO `tb_cart_detail` VALUES (232, 24, 49);
INSERT INTO `tb_cart_detail` VALUES (233, 24, 53);
INSERT INTO `tb_cart_detail` VALUES (234, 24, 57);
INSERT INTO `tb_cart_detail` VALUES (235, 24, 35);
INSERT INTO `tb_cart_detail` VALUES (236, 24, 41);
INSERT INTO `tb_cart_detail` VALUES (237, 25, 4);
INSERT INTO `tb_cart_detail` VALUES (238, 25, 13);
INSERT INTO `tb_cart_detail` VALUES (239, 25, 14);
INSERT INTO `tb_cart_detail` VALUES (240, 25, 24);
INSERT INTO `tb_cart_detail` VALUES (241, 25, 27);
INSERT INTO `tb_cart_detail` VALUES (242, 25, 32);
INSERT INTO `tb_cart_detail` VALUES (243, 25, 45);
INSERT INTO `tb_cart_detail` VALUES (244, 25, 48);
INSERT INTO `tb_cart_detail` VALUES (245, 25, 53);
INSERT INTO `tb_cart_detail` VALUES (246, 25, 57);
INSERT INTO `tb_cart_detail` VALUES (247, 25, 41);
INSERT INTO `tb_cart_detail` VALUES (248, 26, 1);
INSERT INTO `tb_cart_detail` VALUES (249, 26, 13);
INSERT INTO `tb_cart_detail` VALUES (250, 26, 18);
INSERT INTO `tb_cart_detail` VALUES (251, 26, 23);
INSERT INTO `tb_cart_detail` VALUES (252, 26, 26);
INSERT INTO `tb_cart_detail` VALUES (253, 26, 32);
INSERT INTO `tb_cart_detail` VALUES (254, 26, 43);
INSERT INTO `tb_cart_detail` VALUES (255, 26, 47);
INSERT INTO `tb_cart_detail` VALUES (256, 26, 51);
INSERT INTO `tb_cart_detail` VALUES (257, 26, 55);
INSERT INTO `tb_cart_detail` VALUES (258, 26, 35);
INSERT INTO `tb_cart_detail` VALUES (259, 26, 41);
INSERT INTO `tb_cart_detail` VALUES (260, 27, 1);
INSERT INTO `tb_cart_detail` VALUES (261, 27, 12);
INSERT INTO `tb_cart_detail` VALUES (262, 27, 17);
INSERT INTO `tb_cart_detail` VALUES (263, 27, 21);
INSERT INTO `tb_cart_detail` VALUES (264, 27, 25);
INSERT INTO `tb_cart_detail` VALUES (265, 27, 31);
INSERT INTO `tb_cart_detail` VALUES (266, 27, 45);
INSERT INTO `tb_cart_detail` VALUES (267, 27, 49);
INSERT INTO `tb_cart_detail` VALUES (268, 27, 53);
INSERT INTO `tb_cart_detail` VALUES (269, 27, 57);
INSERT INTO `tb_cart_detail` VALUES (270, 28, 1);
INSERT INTO `tb_cart_detail` VALUES (271, 28, 12);
INSERT INTO `tb_cart_detail` VALUES (272, 28, 17);
INSERT INTO `tb_cart_detail` VALUES (273, 28, 21);
INSERT INTO `tb_cart_detail` VALUES (274, 28, 25);
INSERT INTO `tb_cart_detail` VALUES (275, 28, 31);
INSERT INTO `tb_cart_detail` VALUES (276, 28, 45);
INSERT INTO `tb_cart_detail` VALUES (277, 28, 49);
INSERT INTO `tb_cart_detail` VALUES (278, 28, 53);
INSERT INTO `tb_cart_detail` VALUES (279, 28, 57);
INSERT INTO `tb_cart_detail` VALUES (280, 29, 3);
INSERT INTO `tb_cart_detail` VALUES (281, 29, 13);
INSERT INTO `tb_cart_detail` VALUES (282, 29, 14);
INSERT INTO `tb_cart_detail` VALUES (283, 29, 24);
INSERT INTO `tb_cart_detail` VALUES (284, 29, 27);
INSERT INTO `tb_cart_detail` VALUES (285, 29, 32);
INSERT INTO `tb_cart_detail` VALUES (286, 29, 45);
INSERT INTO `tb_cart_detail` VALUES (287, 29, 49);
INSERT INTO `tb_cart_detail` VALUES (288, 29, 53);
INSERT INTO `tb_cart_detail` VALUES (289, 29, 57);
INSERT INTO `tb_cart_detail` VALUES (290, 29, 35);
INSERT INTO `tb_cart_detail` VALUES (291, 29, 41);
INSERT INTO `tb_cart_detail` VALUES (292, 30, 4);
INSERT INTO `tb_cart_detail` VALUES (293, 30, 13);
INSERT INTO `tb_cart_detail` VALUES (294, 30, 14);
INSERT INTO `tb_cart_detail` VALUES (295, 30, 24);
INSERT INTO `tb_cart_detail` VALUES (296, 30, 27);
INSERT INTO `tb_cart_detail` VALUES (297, 30, 32);
INSERT INTO `tb_cart_detail` VALUES (298, 30, 45);
INSERT INTO `tb_cart_detail` VALUES (299, 30, 48);
INSERT INTO `tb_cart_detail` VALUES (300, 30, 53);
INSERT INTO `tb_cart_detail` VALUES (301, 30, 57);
INSERT INTO `tb_cart_detail` VALUES (302, 30, 41);
INSERT INTO `tb_cart_detail` VALUES (303, 31, 2);
INSERT INTO `tb_cart_detail` VALUES (304, 31, 12);
INSERT INTO `tb_cart_detail` VALUES (305, 31, 18);
INSERT INTO `tb_cart_detail` VALUES (306, 31, 24);
INSERT INTO `tb_cart_detail` VALUES (307, 31, 27);
INSERT INTO `tb_cart_detail` VALUES (308, 31, 32);
INSERT INTO `tb_cart_detail` VALUES (309, 31, 45);
INSERT INTO `tb_cart_detail` VALUES (310, 31, 48);
INSERT INTO `tb_cart_detail` VALUES (311, 31, 53);
INSERT INTO `tb_cart_detail` VALUES (312, 31, 56);
INSERT INTO `tb_cart_detail` VALUES (313, 31, 35);
INSERT INTO `tb_cart_detail` VALUES (314, 31, 36);
INSERT INTO `tb_cart_detail` VALUES (315, 31, 41);
INSERT INTO `tb_cart_detail` VALUES (316, 32, 1);
INSERT INTO `tb_cart_detail` VALUES (317, 32, 12);
INSERT INTO `tb_cart_detail` VALUES (318, 32, 64);
INSERT INTO `tb_cart_detail` VALUES (319, 32, 28);
INSERT INTO `tb_cart_detail` VALUES (320, 32, 20);
INSERT INTO `tb_cart_detail` VALUES (321, 32, 31);
INSERT INTO `tb_cart_detail` VALUES (322, 32, 42);
INSERT INTO `tb_cart_detail` VALUES (323, 32, 46);
INSERT INTO `tb_cart_detail` VALUES (324, 32, 51);
INSERT INTO `tb_cart_detail` VALUES (325, 32, 55);
INSERT INTO `tb_cart_detail` VALUES (326, 33, 9);
INSERT INTO `tb_cart_detail` VALUES (327, 33, 28);
INSERT INTO `tb_cart_detail` VALUES (328, 33, 31);
INSERT INTO `tb_cart_detail` VALUES (329, 33, 44);
INSERT INTO `tb_cart_detail` VALUES (330, 33, 46);
INSERT INTO `tb_cart_detail` VALUES (331, 33, 50);
INSERT INTO `tb_cart_detail` VALUES (332, 33, 54);
INSERT INTO `tb_cart_detail` VALUES (333, 34, 1);
INSERT INTO `tb_cart_detail` VALUES (334, 34, 12);
INSERT INTO `tb_cart_detail` VALUES (335, 34, 17);
INSERT INTO `tb_cart_detail` VALUES (336, 34, 24);
INSERT INTO `tb_cart_detail` VALUES (337, 34, 25);
INSERT INTO `tb_cart_detail` VALUES (338, 34, 31);
INSERT INTO `tb_cart_detail` VALUES (339, 34, 43);
INSERT INTO `tb_cart_detail` VALUES (340, 34, 46);
INSERT INTO `tb_cart_detail` VALUES (341, 34, 50);
INSERT INTO `tb_cart_detail` VALUES (342, 34, 54);
INSERT INTO `tb_cart_detail` VALUES (343, 35, 1);
INSERT INTO `tb_cart_detail` VALUES (344, 35, 12);
INSERT INTO `tb_cart_detail` VALUES (345, 35, 17);
INSERT INTO `tb_cart_detail` VALUES (346, 35, 24);
INSERT INTO `tb_cart_detail` VALUES (347, 35, 25);
INSERT INTO `tb_cart_detail` VALUES (348, 35, 31);
INSERT INTO `tb_cart_detail` VALUES (349, 35, 43);
INSERT INTO `tb_cart_detail` VALUES (350, 35, 46);
INSERT INTO `tb_cart_detail` VALUES (351, 35, 50);
INSERT INTO `tb_cart_detail` VALUES (352, 35, 54);
INSERT INTO `tb_cart_detail` VALUES (353, 36, 1);
INSERT INTO `tb_cart_detail` VALUES (354, 36, 12);
INSERT INTO `tb_cart_detail` VALUES (355, 36, 17);
INSERT INTO `tb_cart_detail` VALUES (356, 36, 24);
INSERT INTO `tb_cart_detail` VALUES (357, 36, 25);
INSERT INTO `tb_cart_detail` VALUES (358, 36, 31);
INSERT INTO `tb_cart_detail` VALUES (359, 36, 43);
INSERT INTO `tb_cart_detail` VALUES (360, 36, 46);
INSERT INTO `tb_cart_detail` VALUES (361, 36, 50);
INSERT INTO `tb_cart_detail` VALUES (362, 36, 54);
INSERT INTO `tb_cart_detail` VALUES (363, 37, 1);
INSERT INTO `tb_cart_detail` VALUES (364, 37, 13);
INSERT INTO `tb_cart_detail` VALUES (365, 37, 18);
INSERT INTO `tb_cart_detail` VALUES (366, 37, 23);
INSERT INTO `tb_cart_detail` VALUES (367, 37, 26);
INSERT INTO `tb_cart_detail` VALUES (368, 37, 32);
INSERT INTO `tb_cart_detail` VALUES (369, 37, 43);
INSERT INTO `tb_cart_detail` VALUES (370, 37, 47);
INSERT INTO `tb_cart_detail` VALUES (371, 37, 51);
INSERT INTO `tb_cart_detail` VALUES (372, 37, 55);
INSERT INTO `tb_cart_detail` VALUES (373, 37, 35);
INSERT INTO `tb_cart_detail` VALUES (374, 37, 41);
INSERT INTO `tb_cart_detail` VALUES (375, 38, 1);
INSERT INTO `tb_cart_detail` VALUES (376, 38, 13);
INSERT INTO `tb_cart_detail` VALUES (377, 38, 18);
INSERT INTO `tb_cart_detail` VALUES (378, 38, 23);
INSERT INTO `tb_cart_detail` VALUES (379, 38, 26);
INSERT INTO `tb_cart_detail` VALUES (380, 38, 32);
INSERT INTO `tb_cart_detail` VALUES (381, 38, 43);
INSERT INTO `tb_cart_detail` VALUES (382, 38, 47);
INSERT INTO `tb_cart_detail` VALUES (383, 38, 51);
INSERT INTO `tb_cart_detail` VALUES (384, 38, 55);
INSERT INTO `tb_cart_detail` VALUES (385, 38, 35);
INSERT INTO `tb_cart_detail` VALUES (386, 38, 41);
INSERT INTO `tb_cart_detail` VALUES (387, 39, 1);
INSERT INTO `tb_cart_detail` VALUES (388, 39, 13);
INSERT INTO `tb_cart_detail` VALUES (389, 39, 18);
INSERT INTO `tb_cart_detail` VALUES (390, 39, 23);
INSERT INTO `tb_cart_detail` VALUES (391, 39, 26);
INSERT INTO `tb_cart_detail` VALUES (392, 39, 32);
INSERT INTO `tb_cart_detail` VALUES (393, 39, 43);
INSERT INTO `tb_cart_detail` VALUES (394, 39, 47);
INSERT INTO `tb_cart_detail` VALUES (395, 39, 51);
INSERT INTO `tb_cart_detail` VALUES (396, 39, 55);
INSERT INTO `tb_cart_detail` VALUES (397, 39, 35);
INSERT INTO `tb_cart_detail` VALUES (398, 39, 41);
INSERT INTO `tb_cart_detail` VALUES (399, 40, 9);
INSERT INTO `tb_cart_detail` VALUES (400, 40, 28);
INSERT INTO `tb_cart_detail` VALUES (401, 40, 31);
INSERT INTO `tb_cart_detail` VALUES (402, 40, 44);
INSERT INTO `tb_cart_detail` VALUES (403, 40, 46);
INSERT INTO `tb_cart_detail` VALUES (404, 40, 50);
INSERT INTO `tb_cart_detail` VALUES (405, 40, 54);
INSERT INTO `tb_cart_detail` VALUES (406, 41, 1);
INSERT INTO `tb_cart_detail` VALUES (407, 41, 12);
INSERT INTO `tb_cart_detail` VALUES (408, 41, 15);
INSERT INTO `tb_cart_detail` VALUES (409, 41, 23);
INSERT INTO `tb_cart_detail` VALUES (410, 41, 26);
INSERT INTO `tb_cart_detail` VALUES (411, 41, 32);
INSERT INTO `tb_cart_detail` VALUES (412, 41, 44);
INSERT INTO `tb_cart_detail` VALUES (413, 41, 47);
INSERT INTO `tb_cart_detail` VALUES (414, 41, 51);
INSERT INTO `tb_cart_detail` VALUES (415, 41, 55);
INSERT INTO `tb_cart_detail` VALUES (416, 41, 34);
INSERT INTO `tb_cart_detail` VALUES (417, 41, 35);
INSERT INTO `tb_cart_detail` VALUES (418, 41, 40);
INSERT INTO `tb_cart_detail` VALUES (419, 41, 41);
INSERT INTO `tb_cart_detail` VALUES (420, 42, 1);
INSERT INTO `tb_cart_detail` VALUES (421, 42, 12);
INSERT INTO `tb_cart_detail` VALUES (422, 42, 16);
INSERT INTO `tb_cart_detail` VALUES (423, 42, 24);
INSERT INTO `tb_cart_detail` VALUES (424, 42, 25);
INSERT INTO `tb_cart_detail` VALUES (425, 42, 31);
INSERT INTO `tb_cart_detail` VALUES (426, 42, 42);
INSERT INTO `tb_cart_detail` VALUES (427, 42, 46);
INSERT INTO `tb_cart_detail` VALUES (428, 42, 50);
INSERT INTO `tb_cart_detail` VALUES (429, 42, 54);
INSERT INTO `tb_cart_detail` VALUES (430, 43, 1);
INSERT INTO `tb_cart_detail` VALUES (431, 43, 12);
INSERT INTO `tb_cart_detail` VALUES (432, 43, 15);
INSERT INTO `tb_cart_detail` VALUES (433, 43, 23);
INSERT INTO `tb_cart_detail` VALUES (434, 43, 26);
INSERT INTO `tb_cart_detail` VALUES (435, 43, 32);
INSERT INTO `tb_cart_detail` VALUES (436, 43, 44);
INSERT INTO `tb_cart_detail` VALUES (437, 43, 47);
INSERT INTO `tb_cart_detail` VALUES (438, 43, 51);
INSERT INTO `tb_cart_detail` VALUES (439, 43, 55);
INSERT INTO `tb_cart_detail` VALUES (440, 43, 34);
INSERT INTO `tb_cart_detail` VALUES (441, 43, 35);
INSERT INTO `tb_cart_detail` VALUES (442, 43, 40);
INSERT INTO `tb_cart_detail` VALUES (443, 43, 41);
INSERT INTO `tb_cart_detail` VALUES (444, 44, 1);
INSERT INTO `tb_cart_detail` VALUES (445, 44, 12);
INSERT INTO `tb_cart_detail` VALUES (446, 44, 17);
INSERT INTO `tb_cart_detail` VALUES (447, 44, 21);
INSERT INTO `tb_cart_detail` VALUES (448, 44, 31);
INSERT INTO `tb_cart_detail` VALUES (449, 44, 44);
INSERT INTO `tb_cart_detail` VALUES (450, 44, 48);
INSERT INTO `tb_cart_detail` VALUES (451, 44, 52);
INSERT INTO `tb_cart_detail` VALUES (452, 44, 55);
INSERT INTO `tb_cart_detail` VALUES (453, 44, 41);
INSERT INTO `tb_cart_detail` VALUES (454, 45, 1);
INSERT INTO `tb_cart_detail` VALUES (455, 45, 12);
INSERT INTO `tb_cart_detail` VALUES (456, 45, 17);
INSERT INTO `tb_cart_detail` VALUES (457, 45, 21);
INSERT INTO `tb_cart_detail` VALUES (458, 45, 31);
INSERT INTO `tb_cart_detail` VALUES (459, 45, 44);
INSERT INTO `tb_cart_detail` VALUES (460, 45, 48);
INSERT INTO `tb_cart_detail` VALUES (461, 45, 52);
INSERT INTO `tb_cart_detail` VALUES (462, 45, 55);
INSERT INTO `tb_cart_detail` VALUES (463, 45, 41);
INSERT INTO `tb_cart_detail` VALUES (464, 46, 1);
INSERT INTO `tb_cart_detail` VALUES (465, 46, 12);
INSERT INTO `tb_cart_detail` VALUES (466, 46, 17);
INSERT INTO `tb_cart_detail` VALUES (467, 46, 21);
INSERT INTO `tb_cart_detail` VALUES (468, 46, 25);
INSERT INTO `tb_cart_detail` VALUES (469, 46, 31);
INSERT INTO `tb_cart_detail` VALUES (470, 46, 45);
INSERT INTO `tb_cart_detail` VALUES (471, 46, 49);
INSERT INTO `tb_cart_detail` VALUES (472, 46, 53);
INSERT INTO `tb_cart_detail` VALUES (473, 46, 56);
INSERT INTO `tb_cart_detail` VALUES (474, 46, 41);
INSERT INTO `tb_cart_detail` VALUES (475, 47, 1);
INSERT INTO `tb_cart_detail` VALUES (476, 47, 12);
INSERT INTO `tb_cart_detail` VALUES (477, 47, 17);
INSERT INTO `tb_cart_detail` VALUES (478, 47, 21);
INSERT INTO `tb_cart_detail` VALUES (479, 47, 31);
INSERT INTO `tb_cart_detail` VALUES (480, 47, 44);
INSERT INTO `tb_cart_detail` VALUES (481, 47, 48);
INSERT INTO `tb_cart_detail` VALUES (482, 47, 52);
INSERT INTO `tb_cart_detail` VALUES (483, 47, 55);
INSERT INTO `tb_cart_detail` VALUES (484, 47, 41);
INSERT INTO `tb_cart_detail` VALUES (485, 48, 1);
INSERT INTO `tb_cart_detail` VALUES (486, 48, 12);
INSERT INTO `tb_cart_detail` VALUES (487, 48, 17);
INSERT INTO `tb_cart_detail` VALUES (488, 48, 21);
INSERT INTO `tb_cart_detail` VALUES (489, 48, 25);
INSERT INTO `tb_cart_detail` VALUES (490, 48, 31);
INSERT INTO `tb_cart_detail` VALUES (491, 48, 45);
INSERT INTO `tb_cart_detail` VALUES (492, 48, 49);
INSERT INTO `tb_cart_detail` VALUES (493, 48, 53);
INSERT INTO `tb_cart_detail` VALUES (494, 48, 56);
INSERT INTO `tb_cart_detail` VALUES (495, 48, 41);
INSERT INTO `tb_cart_detail` VALUES (496, 49, 1);
INSERT INTO `tb_cart_detail` VALUES (497, 49, 12);
INSERT INTO `tb_cart_detail` VALUES (498, 49, 17);
INSERT INTO `tb_cart_detail` VALUES (499, 49, 21);
INSERT INTO `tb_cart_detail` VALUES (500, 49, 31);
INSERT INTO `tb_cart_detail` VALUES (501, 49, 44);
INSERT INTO `tb_cart_detail` VALUES (502, 49, 48);
INSERT INTO `tb_cart_detail` VALUES (503, 49, 52);
INSERT INTO `tb_cart_detail` VALUES (504, 49, 55);
INSERT INTO `tb_cart_detail` VALUES (505, 49, 41);
INSERT INTO `tb_cart_detail` VALUES (506, 50, 1);
INSERT INTO `tb_cart_detail` VALUES (507, 50, 12);
INSERT INTO `tb_cart_detail` VALUES (508, 50, 17);
INSERT INTO `tb_cart_detail` VALUES (509, 50, 21);
INSERT INTO `tb_cart_detail` VALUES (510, 50, 25);
INSERT INTO `tb_cart_detail` VALUES (511, 50, 31);
INSERT INTO `tb_cart_detail` VALUES (512, 50, 45);
INSERT INTO `tb_cart_detail` VALUES (513, 50, 49);
INSERT INTO `tb_cart_detail` VALUES (514, 50, 53);
INSERT INTO `tb_cart_detail` VALUES (515, 50, 56);
INSERT INTO `tb_cart_detail` VALUES (516, 50, 41);
INSERT INTO `tb_cart_detail` VALUES (517, 51, 1);
INSERT INTO `tb_cart_detail` VALUES (518, 51, 12);
INSERT INTO `tb_cart_detail` VALUES (519, 51, 17);
INSERT INTO `tb_cart_detail` VALUES (520, 51, 21);
INSERT INTO `tb_cart_detail` VALUES (521, 51, 31);
INSERT INTO `tb_cart_detail` VALUES (522, 51, 44);
INSERT INTO `tb_cart_detail` VALUES (523, 51, 48);
INSERT INTO `tb_cart_detail` VALUES (524, 51, 52);
INSERT INTO `tb_cart_detail` VALUES (525, 51, 55);
INSERT INTO `tb_cart_detail` VALUES (526, 51, 41);
INSERT INTO `tb_cart_detail` VALUES (527, 52, 1);
INSERT INTO `tb_cart_detail` VALUES (528, 52, 12);
INSERT INTO `tb_cart_detail` VALUES (529, 52, 17);
INSERT INTO `tb_cart_detail` VALUES (530, 52, 21);
INSERT INTO `tb_cart_detail` VALUES (531, 52, 25);
INSERT INTO `tb_cart_detail` VALUES (532, 52, 31);
INSERT INTO `tb_cart_detail` VALUES (533, 52, 45);
INSERT INTO `tb_cart_detail` VALUES (534, 52, 49);
INSERT INTO `tb_cart_detail` VALUES (535, 52, 53);
INSERT INTO `tb_cart_detail` VALUES (536, 52, 56);
INSERT INTO `tb_cart_detail` VALUES (537, 52, 41);
INSERT INTO `tb_cart_detail` VALUES (538, 53, 1);
INSERT INTO `tb_cart_detail` VALUES (539, 53, 12);
INSERT INTO `tb_cart_detail` VALUES (540, 53, 17);
INSERT INTO `tb_cart_detail` VALUES (541, 53, 21);
INSERT INTO `tb_cart_detail` VALUES (542, 53, 31);
INSERT INTO `tb_cart_detail` VALUES (543, 53, 44);
INSERT INTO `tb_cart_detail` VALUES (544, 53, 48);
INSERT INTO `tb_cart_detail` VALUES (545, 53, 52);
INSERT INTO `tb_cart_detail` VALUES (546, 53, 55);
INSERT INTO `tb_cart_detail` VALUES (547, 53, 41);
INSERT INTO `tb_cart_detail` VALUES (548, 54, 1);
INSERT INTO `tb_cart_detail` VALUES (549, 54, 12);
INSERT INTO `tb_cart_detail` VALUES (550, 54, 17);
INSERT INTO `tb_cart_detail` VALUES (551, 54, 21);
INSERT INTO `tb_cart_detail` VALUES (552, 54, 25);
INSERT INTO `tb_cart_detail` VALUES (553, 54, 31);
INSERT INTO `tb_cart_detail` VALUES (554, 54, 45);
INSERT INTO `tb_cart_detail` VALUES (555, 54, 49);
INSERT INTO `tb_cart_detail` VALUES (556, 54, 53);
INSERT INTO `tb_cart_detail` VALUES (557, 54, 56);
INSERT INTO `tb_cart_detail` VALUES (558, 54, 41);
INSERT INTO `tb_cart_detail` VALUES (559, 55, 1);
INSERT INTO `tb_cart_detail` VALUES (560, 55, 12);
INSERT INTO `tb_cart_detail` VALUES (561, 55, 17);
INSERT INTO `tb_cart_detail` VALUES (562, 55, 21);
INSERT INTO `tb_cart_detail` VALUES (563, 55, 31);
INSERT INTO `tb_cart_detail` VALUES (564, 55, 44);
INSERT INTO `tb_cart_detail` VALUES (565, 55, 48);
INSERT INTO `tb_cart_detail` VALUES (566, 55, 52);
INSERT INTO `tb_cart_detail` VALUES (567, 55, 55);
INSERT INTO `tb_cart_detail` VALUES (568, 55, 41);
INSERT INTO `tb_cart_detail` VALUES (569, 56, 1);
INSERT INTO `tb_cart_detail` VALUES (570, 56, 12);
INSERT INTO `tb_cart_detail` VALUES (571, 56, 17);
INSERT INTO `tb_cart_detail` VALUES (572, 56, 21);
INSERT INTO `tb_cart_detail` VALUES (573, 56, 25);
INSERT INTO `tb_cart_detail` VALUES (574, 56, 31);
INSERT INTO `tb_cart_detail` VALUES (575, 56, 45);
INSERT INTO `tb_cart_detail` VALUES (576, 56, 49);
INSERT INTO `tb_cart_detail` VALUES (577, 56, 53);
INSERT INTO `tb_cart_detail` VALUES (578, 56, 56);
INSERT INTO `tb_cart_detail` VALUES (579, 56, 41);
INSERT INTO `tb_cart_detail` VALUES (580, 57, 1);
INSERT INTO `tb_cart_detail` VALUES (581, 57, 44);
INSERT INTO `tb_cart_detail` VALUES (582, 57, 48);
INSERT INTO `tb_cart_detail` VALUES (583, 57, 52);
INSERT INTO `tb_cart_detail` VALUES (584, 57, 56);
INSERT INTO `tb_cart_detail` VALUES (585, 57, 41);
INSERT INTO `tb_cart_detail` VALUES (586, 58, 31);
INSERT INTO `tb_cart_detail` VALUES (587, 58, 44);
INSERT INTO `tb_cart_detail` VALUES (588, 58, 48);
INSERT INTO `tb_cart_detail` VALUES (589, 58, 52);
INSERT INTO `tb_cart_detail` VALUES (590, 58, 56);
INSERT INTO `tb_cart_detail` VALUES (591, 58, 41);
INSERT INTO `tb_cart_detail` VALUES (592, 59, 31);
INSERT INTO `tb_cart_detail` VALUES (593, 59, 44);
INSERT INTO `tb_cart_detail` VALUES (594, 59, 48);
INSERT INTO `tb_cart_detail` VALUES (595, 59, 52);
INSERT INTO `tb_cart_detail` VALUES (596, 59, 56);
INSERT INTO `tb_cart_detail` VALUES (597, 59, 41);
INSERT INTO `tb_cart_detail` VALUES (598, 60, 31);
INSERT INTO `tb_cart_detail` VALUES (599, 60, 44);
INSERT INTO `tb_cart_detail` VALUES (600, 60, 48);
INSERT INTO `tb_cart_detail` VALUES (601, 60, 52);
INSERT INTO `tb_cart_detail` VALUES (602, 60, 56);
INSERT INTO `tb_cart_detail` VALUES (603, 60, 41);
INSERT INTO `tb_cart_detail` VALUES (604, 61, 31);
INSERT INTO `tb_cart_detail` VALUES (605, 61, 44);
INSERT INTO `tb_cart_detail` VALUES (606, 61, 48);
INSERT INTO `tb_cart_detail` VALUES (607, 61, 52);
INSERT INTO `tb_cart_detail` VALUES (608, 61, 56);
INSERT INTO `tb_cart_detail` VALUES (609, 61, 41);
INSERT INTO `tb_cart_detail` VALUES (610, 62, 31);
INSERT INTO `tb_cart_detail` VALUES (611, 62, 44);
INSERT INTO `tb_cart_detail` VALUES (612, 62, 48);
INSERT INTO `tb_cart_detail` VALUES (613, 62, 52);
INSERT INTO `tb_cart_detail` VALUES (614, 62, 56);
INSERT INTO `tb_cart_detail` VALUES (615, 62, 41);
INSERT INTO `tb_cart_detail` VALUES (616, 63, 31);
INSERT INTO `tb_cart_detail` VALUES (617, 63, 44);
INSERT INTO `tb_cart_detail` VALUES (618, 63, 48);
INSERT INTO `tb_cart_detail` VALUES (619, 63, 52);
INSERT INTO `tb_cart_detail` VALUES (620, 63, 56);
INSERT INTO `tb_cart_detail` VALUES (621, 63, 41);
INSERT INTO `tb_cart_detail` VALUES (622, 64, 31);
INSERT INTO `tb_cart_detail` VALUES (623, 64, 44);
INSERT INTO `tb_cart_detail` VALUES (624, 64, 48);
INSERT INTO `tb_cart_detail` VALUES (625, 64, 52);
INSERT INTO `tb_cart_detail` VALUES (626, 64, 56);
INSERT INTO `tb_cart_detail` VALUES (627, 64, 41);
INSERT INTO `tb_cart_detail` VALUES (628, 65, 31);
INSERT INTO `tb_cart_detail` VALUES (629, 65, 44);
INSERT INTO `tb_cart_detail` VALUES (630, 65, 48);
INSERT INTO `tb_cart_detail` VALUES (631, 65, 52);
INSERT INTO `tb_cart_detail` VALUES (632, 65, 56);
INSERT INTO `tb_cart_detail` VALUES (633, 65, 41);
INSERT INTO `tb_cart_detail` VALUES (634, 66, 31);
INSERT INTO `tb_cart_detail` VALUES (635, 66, 44);
INSERT INTO `tb_cart_detail` VALUES (636, 66, 48);
INSERT INTO `tb_cart_detail` VALUES (637, 66, 52);
INSERT INTO `tb_cart_detail` VALUES (638, 66, 56);
INSERT INTO `tb_cart_detail` VALUES (639, 66, 41);
INSERT INTO `tb_cart_detail` VALUES (640, 67, 31);
INSERT INTO `tb_cart_detail` VALUES (641, 67, 44);
INSERT INTO `tb_cart_detail` VALUES (642, 67, 48);
INSERT INTO `tb_cart_detail` VALUES (643, 67, 52);
INSERT INTO `tb_cart_detail` VALUES (644, 67, 56);
INSERT INTO `tb_cart_detail` VALUES (645, 67, 41);
INSERT INTO `tb_cart_detail` VALUES (646, 68, 31);
INSERT INTO `tb_cart_detail` VALUES (647, 68, 44);
INSERT INTO `tb_cart_detail` VALUES (648, 68, 48);
INSERT INTO `tb_cart_detail` VALUES (649, 68, 52);
INSERT INTO `tb_cart_detail` VALUES (650, 68, 56);
INSERT INTO `tb_cart_detail` VALUES (651, 68, 41);
INSERT INTO `tb_cart_detail` VALUES (652, 69, 31);
INSERT INTO `tb_cart_detail` VALUES (653, 69, 44);
INSERT INTO `tb_cart_detail` VALUES (654, 69, 48);
INSERT INTO `tb_cart_detail` VALUES (655, 69, 52);
INSERT INTO `tb_cart_detail` VALUES (656, 69, 56);
INSERT INTO `tb_cart_detail` VALUES (657, 69, 41);
INSERT INTO `tb_cart_detail` VALUES (658, 70, 31);
INSERT INTO `tb_cart_detail` VALUES (659, 70, 44);
INSERT INTO `tb_cart_detail` VALUES (660, 70, 48);
INSERT INTO `tb_cart_detail` VALUES (661, 70, 52);
INSERT INTO `tb_cart_detail` VALUES (662, 70, 56);
INSERT INTO `tb_cart_detail` VALUES (663, 70, 41);
INSERT INTO `tb_cart_detail` VALUES (664, 71, 31);
INSERT INTO `tb_cart_detail` VALUES (665, 71, 44);
INSERT INTO `tb_cart_detail` VALUES (666, 71, 48);
INSERT INTO `tb_cart_detail` VALUES (667, 71, 52);
INSERT INTO `tb_cart_detail` VALUES (668, 71, 56);
INSERT INTO `tb_cart_detail` VALUES (669, 71, 41);
INSERT INTO `tb_cart_detail` VALUES (670, 72, 31);
INSERT INTO `tb_cart_detail` VALUES (671, 72, 44);
INSERT INTO `tb_cart_detail` VALUES (672, 72, 48);
INSERT INTO `tb_cart_detail` VALUES (673, 72, 52);
INSERT INTO `tb_cart_detail` VALUES (674, 72, 56);
INSERT INTO `tb_cart_detail` VALUES (675, 72, 41);
INSERT INTO `tb_cart_detail` VALUES (676, 73, 31);
INSERT INTO `tb_cart_detail` VALUES (677, 73, 44);
INSERT INTO `tb_cart_detail` VALUES (678, 73, 48);
INSERT INTO `tb_cart_detail` VALUES (679, 73, 52);
INSERT INTO `tb_cart_detail` VALUES (680, 73, 56);
INSERT INTO `tb_cart_detail` VALUES (681, 73, 41);
INSERT INTO `tb_cart_detail` VALUES (682, 74, 31);
INSERT INTO `tb_cart_detail` VALUES (683, 74, 44);
INSERT INTO `tb_cart_detail` VALUES (684, 74, 48);
INSERT INTO `tb_cart_detail` VALUES (685, 74, 52);
INSERT INTO `tb_cart_detail` VALUES (686, 74, 56);
INSERT INTO `tb_cart_detail` VALUES (687, 74, 41);
INSERT INTO `tb_cart_detail` VALUES (688, 75, 31);
INSERT INTO `tb_cart_detail` VALUES (689, 75, 44);
INSERT INTO `tb_cart_detail` VALUES (690, 75, 48);
INSERT INTO `tb_cart_detail` VALUES (691, 75, 52);
INSERT INTO `tb_cart_detail` VALUES (692, 75, 56);
INSERT INTO `tb_cart_detail` VALUES (693, 75, 41);
INSERT INTO `tb_cart_detail` VALUES (694, 76, 31);
INSERT INTO `tb_cart_detail` VALUES (695, 76, 44);
INSERT INTO `tb_cart_detail` VALUES (696, 76, 48);
INSERT INTO `tb_cart_detail` VALUES (697, 76, 52);
INSERT INTO `tb_cart_detail` VALUES (698, 76, 56);
INSERT INTO `tb_cart_detail` VALUES (699, 76, 41);
INSERT INTO `tb_cart_detail` VALUES (700, 77, 31);
INSERT INTO `tb_cart_detail` VALUES (701, 77, 44);
INSERT INTO `tb_cart_detail` VALUES (702, 77, 48);
INSERT INTO `tb_cart_detail` VALUES (703, 77, 52);
INSERT INTO `tb_cart_detail` VALUES (704, 77, 56);
INSERT INTO `tb_cart_detail` VALUES (705, 77, 41);
INSERT INTO `tb_cart_detail` VALUES (706, 78, 2);
INSERT INTO `tb_cart_detail` VALUES (707, 78, 4);
INSERT INTO `tb_cart_detail` VALUES (708, 78, 56);
INSERT INTO `tb_cart_detail` VALUES (709, 78, 41);
INSERT INTO `tb_cart_detail` VALUES (710, 79, 2);
INSERT INTO `tb_cart_detail` VALUES (711, 79, 4);
INSERT INTO `tb_cart_detail` VALUES (712, 79, 56);
INSERT INTO `tb_cart_detail` VALUES (713, 79, 41);
INSERT INTO `tb_cart_detail` VALUES (714, 80, 2);
INSERT INTO `tb_cart_detail` VALUES (715, 81, 1);
INSERT INTO `tb_cart_detail` VALUES (716, 81, 12);
INSERT INTO `tb_cart_detail` VALUES (717, 81, 17);
INSERT INTO `tb_cart_detail` VALUES (718, 81, 21);
INSERT INTO `tb_cart_detail` VALUES (719, 81, 25);
INSERT INTO `tb_cart_detail` VALUES (720, 81, 31);
INSERT INTO `tb_cart_detail` VALUES (721, 81, 42);
INSERT INTO `tb_cart_detail` VALUES (722, 81, 46);
INSERT INTO `tb_cart_detail` VALUES (723, 81, 50);
INSERT INTO `tb_cart_detail` VALUES (724, 81, 54);
INSERT INTO `tb_cart_detail` VALUES (725, 81, 41);
INSERT INTO `tb_cart_detail` VALUES (726, 82, 1);
INSERT INTO `tb_cart_detail` VALUES (727, 82, 12);
INSERT INTO `tb_cart_detail` VALUES (728, 82, 17);
INSERT INTO `tb_cart_detail` VALUES (729, 82, 21);
INSERT INTO `tb_cart_detail` VALUES (730, 82, 25);
INSERT INTO `tb_cart_detail` VALUES (731, 82, 31);
INSERT INTO `tb_cart_detail` VALUES (732, 82, 42);
INSERT INTO `tb_cart_detail` VALUES (733, 82, 46);
INSERT INTO `tb_cart_detail` VALUES (734, 82, 50);
INSERT INTO `tb_cart_detail` VALUES (735, 82, 54);
INSERT INTO `tb_cart_detail` VALUES (736, 82, 41);
INSERT INTO `tb_cart_detail` VALUES (737, 83, 1);
INSERT INTO `tb_cart_detail` VALUES (738, 83, 12);
INSERT INTO `tb_cart_detail` VALUES (739, 83, 15);
INSERT INTO `tb_cart_detail` VALUES (740, 83, 23);
INSERT INTO `tb_cart_detail` VALUES (741, 83, 26);
INSERT INTO `tb_cart_detail` VALUES (742, 83, 31);
INSERT INTO `tb_cart_detail` VALUES (743, 83, 42);
INSERT INTO `tb_cart_detail` VALUES (744, 83, 46);
INSERT INTO `tb_cart_detail` VALUES (745, 83, 50);
INSERT INTO `tb_cart_detail` VALUES (746, 83, 54);
INSERT INTO `tb_cart_detail` VALUES (747, 84, 1);
INSERT INTO `tb_cart_detail` VALUES (748, 84, 12);
INSERT INTO `tb_cart_detail` VALUES (749, 84, 64);
INSERT INTO `tb_cart_detail` VALUES (750, 84, 28);
INSERT INTO `tb_cart_detail` VALUES (751, 84, 20);
INSERT INTO `tb_cart_detail` VALUES (752, 84, 31);
INSERT INTO `tb_cart_detail` VALUES (753, 84, 42);
INSERT INTO `tb_cart_detail` VALUES (754, 84, 46);
INSERT INTO `tb_cart_detail` VALUES (755, 84, 50);
INSERT INTO `tb_cart_detail` VALUES (756, 84, 54);
INSERT INTO `tb_cart_detail` VALUES (757, 85, 2);
INSERT INTO `tb_cart_detail` VALUES (758, 85, 13);
INSERT INTO `tb_cart_detail` VALUES (759, 85, 65);
INSERT INTO `tb_cart_detail` VALUES (760, 85, 29);
INSERT INTO `tb_cart_detail` VALUES (761, 85, 21);
INSERT INTO `tb_cart_detail` VALUES (762, 85, 32);
INSERT INTO `tb_cart_detail` VALUES (763, 85, 43);
INSERT INTO `tb_cart_detail` VALUES (764, 85, 47);
INSERT INTO `tb_cart_detail` VALUES (765, 85, 51);
INSERT INTO `tb_cart_detail` VALUES (766, 85, 56);
INSERT INTO `tb_cart_detail` VALUES (767, 85, 37);
INSERT INTO `tb_cart_detail` VALUES (768, 86, 1);
INSERT INTO `tb_cart_detail` VALUES (769, 86, 12);
INSERT INTO `tb_cart_detail` VALUES (770, 86, 16);
INSERT INTO `tb_cart_detail` VALUES (771, 86, 24);
INSERT INTO `tb_cart_detail` VALUES (772, 86, 25);
INSERT INTO `tb_cart_detail` VALUES (773, 86, 31);
INSERT INTO `tb_cart_detail` VALUES (774, 86, 42);
INSERT INTO `tb_cart_detail` VALUES (775, 86, 46);
INSERT INTO `tb_cart_detail` VALUES (776, 86, 50);
INSERT INTO `tb_cart_detail` VALUES (777, 86, 54);
INSERT INTO `tb_cart_detail` VALUES (778, 87, 1);
INSERT INTO `tb_cart_detail` VALUES (779, 87, 12);
INSERT INTO `tb_cart_detail` VALUES (780, 87, 17);
INSERT INTO `tb_cart_detail` VALUES (781, 87, 21);
INSERT INTO `tb_cart_detail` VALUES (782, 87, 25);
INSERT INTO `tb_cart_detail` VALUES (783, 87, 31);
INSERT INTO `tb_cart_detail` VALUES (784, 87, 42);
INSERT INTO `tb_cart_detail` VALUES (785, 87, 46);
INSERT INTO `tb_cart_detail` VALUES (786, 87, 50);
INSERT INTO `tb_cart_detail` VALUES (787, 87, 54);
INSERT INTO `tb_cart_detail` VALUES (788, 88, 1);
INSERT INTO `tb_cart_detail` VALUES (789, 88, 12);
INSERT INTO `tb_cart_detail` VALUES (790, 88, 17);
INSERT INTO `tb_cart_detail` VALUES (791, 88, 21);
INSERT INTO `tb_cart_detail` VALUES (792, 88, 25);
INSERT INTO `tb_cart_detail` VALUES (793, 88, 31);
INSERT INTO `tb_cart_detail` VALUES (794, 88, 42);
INSERT INTO `tb_cart_detail` VALUES (795, 88, 46);
INSERT INTO `tb_cart_detail` VALUES (796, 88, 50);
INSERT INTO `tb_cart_detail` VALUES (797, 88, 54);
INSERT INTO `tb_cart_detail` VALUES (798, 89, 1);
INSERT INTO `tb_cart_detail` VALUES (799, 89, 12);
INSERT INTO `tb_cart_detail` VALUES (800, 89, 17);
INSERT INTO `tb_cart_detail` VALUES (801, 89, 21);
INSERT INTO `tb_cart_detail` VALUES (802, 89, 25);
INSERT INTO `tb_cart_detail` VALUES (803, 89, 31);
INSERT INTO `tb_cart_detail` VALUES (804, 89, 42);
INSERT INTO `tb_cart_detail` VALUES (805, 89, 46);
INSERT INTO `tb_cart_detail` VALUES (806, 89, 50);
INSERT INTO `tb_cart_detail` VALUES (807, 89, 54);
INSERT INTO `tb_cart_detail` VALUES (808, 90, 1);
INSERT INTO `tb_cart_detail` VALUES (809, 90, 12);
INSERT INTO `tb_cart_detail` VALUES (810, 90, 17);
INSERT INTO `tb_cart_detail` VALUES (811, 90, 21);
INSERT INTO `tb_cart_detail` VALUES (812, 90, 25);
INSERT INTO `tb_cart_detail` VALUES (813, 90, 31);
INSERT INTO `tb_cart_detail` VALUES (814, 90, 42);
INSERT INTO `tb_cart_detail` VALUES (815, 90, 46);
INSERT INTO `tb_cart_detail` VALUES (816, 90, 50);
INSERT INTO `tb_cart_detail` VALUES (817, 90, 54);
INSERT INTO `tb_cart_detail` VALUES (818, 90, 33);
INSERT INTO `tb_cart_detail` VALUES (819, 91, 1);
INSERT INTO `tb_cart_detail` VALUES (820, 91, 12);
INSERT INTO `tb_cart_detail` VALUES (821, 91, 17);
INSERT INTO `tb_cart_detail` VALUES (822, 91, 21);
INSERT INTO `tb_cart_detail` VALUES (823, 91, 25);
INSERT INTO `tb_cart_detail` VALUES (824, 91, 31);
INSERT INTO `tb_cart_detail` VALUES (825, 91, 42);
INSERT INTO `tb_cart_detail` VALUES (826, 91, 46);
INSERT INTO `tb_cart_detail` VALUES (827, 91, 50);
INSERT INTO `tb_cart_detail` VALUES (828, 91, 54);
INSERT INTO `tb_cart_detail` VALUES (829, 92, 1);
INSERT INTO `tb_cart_detail` VALUES (830, 92, 12);
INSERT INTO `tb_cart_detail` VALUES (831, 92, 17);
INSERT INTO `tb_cart_detail` VALUES (832, 92, 21);
INSERT INTO `tb_cart_detail` VALUES (833, 92, 25);
INSERT INTO `tb_cart_detail` VALUES (834, 92, 31);
INSERT INTO `tb_cart_detail` VALUES (835, 92, 42);
INSERT INTO `tb_cart_detail` VALUES (836, 92, 46);
INSERT INTO `tb_cart_detail` VALUES (837, 92, 50);
INSERT INTO `tb_cart_detail` VALUES (838, 92, 54);
INSERT INTO `tb_cart_detail` VALUES (839, 92, 33);
INSERT INTO `tb_cart_detail` VALUES (840, 93, 1);
INSERT INTO `tb_cart_detail` VALUES (841, 93, 12);
INSERT INTO `tb_cart_detail` VALUES (842, 93, 17);
INSERT INTO `tb_cart_detail` VALUES (843, 93, 21);
INSERT INTO `tb_cart_detail` VALUES (844, 93, 25);
INSERT INTO `tb_cart_detail` VALUES (845, 93, 31);
INSERT INTO `tb_cart_detail` VALUES (846, 93, 42);
INSERT INTO `tb_cart_detail` VALUES (847, 93, 46);
INSERT INTO `tb_cart_detail` VALUES (848, 93, 50);
INSERT INTO `tb_cart_detail` VALUES (849, 93, 54);
INSERT INTO `tb_cart_detail` VALUES (850, 94, 1);
INSERT INTO `tb_cart_detail` VALUES (851, 94, 12);
INSERT INTO `tb_cart_detail` VALUES (852, 94, 17);
INSERT INTO `tb_cart_detail` VALUES (853, 94, 21);
INSERT INTO `tb_cart_detail` VALUES (854, 94, 25);
INSERT INTO `tb_cart_detail` VALUES (855, 94, 31);
INSERT INTO `tb_cart_detail` VALUES (856, 94, 42);
INSERT INTO `tb_cart_detail` VALUES (857, 94, 46);
INSERT INTO `tb_cart_detail` VALUES (858, 94, 50);
INSERT INTO `tb_cart_detail` VALUES (859, 94, 54);
INSERT INTO `tb_cart_detail` VALUES (860, 94, 33);
INSERT INTO `tb_cart_detail` VALUES (861, 95, 1);
INSERT INTO `tb_cart_detail` VALUES (862, 95, 12);
INSERT INTO `tb_cart_detail` VALUES (863, 95, 17);
INSERT INTO `tb_cart_detail` VALUES (864, 95, 21);
INSERT INTO `tb_cart_detail` VALUES (865, 95, 25);
INSERT INTO `tb_cart_detail` VALUES (866, 95, 31);
INSERT INTO `tb_cart_detail` VALUES (867, 95, 42);
INSERT INTO `tb_cart_detail` VALUES (868, 95, 46);
INSERT INTO `tb_cart_detail` VALUES (869, 95, 50);
INSERT INTO `tb_cart_detail` VALUES (870, 95, 54);
INSERT INTO `tb_cart_detail` VALUES (871, 95, 33);
INSERT INTO `tb_cart_detail` VALUES (872, 96, 2);
INSERT INTO `tb_cart_detail` VALUES (873, 96, 13);
INSERT INTO `tb_cart_detail` VALUES (874, 96, 65);
INSERT INTO `tb_cart_detail` VALUES (875, 96, 29);
INSERT INTO `tb_cart_detail` VALUES (876, 96, 21);
INSERT INTO `tb_cart_detail` VALUES (877, 96, 32);
INSERT INTO `tb_cart_detail` VALUES (878, 96, 43);
INSERT INTO `tb_cart_detail` VALUES (879, 96, 47);
INSERT INTO `tb_cart_detail` VALUES (880, 96, 51);
INSERT INTO `tb_cart_detail` VALUES (881, 96, 56);
INSERT INTO `tb_cart_detail` VALUES (882, 96, 37);
INSERT INTO `tb_cart_detail` VALUES (883, 97, 1);
INSERT INTO `tb_cart_detail` VALUES (884, 97, 12);
INSERT INTO `tb_cart_detail` VALUES (885, 97, 17);
INSERT INTO `tb_cart_detail` VALUES (886, 97, 21);
INSERT INTO `tb_cart_detail` VALUES (887, 97, 25);
INSERT INTO `tb_cart_detail` VALUES (888, 97, 31);
INSERT INTO `tb_cart_detail` VALUES (889, 97, 42);
INSERT INTO `tb_cart_detail` VALUES (890, 97, 46);
INSERT INTO `tb_cart_detail` VALUES (891, 97, 50);
INSERT INTO `tb_cart_detail` VALUES (892, 97, 54);
INSERT INTO `tb_cart_detail` VALUES (893, 98, 1);
INSERT INTO `tb_cart_detail` VALUES (894, 98, 12);
INSERT INTO `tb_cart_detail` VALUES (895, 98, 17);
INSERT INTO `tb_cart_detail` VALUES (896, 98, 21);
INSERT INTO `tb_cart_detail` VALUES (897, 98, 25);
INSERT INTO `tb_cart_detail` VALUES (898, 98, 31);
INSERT INTO `tb_cart_detail` VALUES (899, 98, 42);
INSERT INTO `tb_cart_detail` VALUES (900, 98, 46);
INSERT INTO `tb_cart_detail` VALUES (901, 98, 50);
INSERT INTO `tb_cart_detail` VALUES (902, 98, 54);
INSERT INTO `tb_cart_detail` VALUES (903, 98, 33);
INSERT INTO `tb_cart_detail` VALUES (904, 99, 1);
INSERT INTO `tb_cart_detail` VALUES (905, 99, 12);
INSERT INTO `tb_cart_detail` VALUES (906, 99, 17);
INSERT INTO `tb_cart_detail` VALUES (907, 99, 21);
INSERT INTO `tb_cart_detail` VALUES (908, 99, 25);
INSERT INTO `tb_cart_detail` VALUES (909, 99, 31);
INSERT INTO `tb_cart_detail` VALUES (910, 99, 42);
INSERT INTO `tb_cart_detail` VALUES (911, 99, 46);
INSERT INTO `tb_cart_detail` VALUES (912, 99, 50);
INSERT INTO `tb_cart_detail` VALUES (913, 99, 54);
INSERT INTO `tb_cart_detail` VALUES (914, 99, 33);
INSERT INTO `tb_cart_detail` VALUES (915, 100, 2);
INSERT INTO `tb_cart_detail` VALUES (916, 100, 13);
INSERT INTO `tb_cart_detail` VALUES (917, 100, 65);
INSERT INTO `tb_cart_detail` VALUES (918, 100, 29);
INSERT INTO `tb_cart_detail` VALUES (919, 100, 21);
INSERT INTO `tb_cart_detail` VALUES (920, 100, 32);
INSERT INTO `tb_cart_detail` VALUES (921, 100, 43);
INSERT INTO `tb_cart_detail` VALUES (922, 100, 47);
INSERT INTO `tb_cart_detail` VALUES (923, 100, 51);
INSERT INTO `tb_cart_detail` VALUES (924, 100, 56);
INSERT INTO `tb_cart_detail` VALUES (925, 101, 1);
INSERT INTO `tb_cart_detail` VALUES (926, 101, 12);
INSERT INTO `tb_cart_detail` VALUES (927, 101, 17);
INSERT INTO `tb_cart_detail` VALUES (928, 101, 21);
INSERT INTO `tb_cart_detail` VALUES (929, 101, 25);
INSERT INTO `tb_cart_detail` VALUES (930, 101, 31);
INSERT INTO `tb_cart_detail` VALUES (931, 101, 42);
INSERT INTO `tb_cart_detail` VALUES (932, 101, 46);
INSERT INTO `tb_cart_detail` VALUES (933, 101, 50);
INSERT INTO `tb_cart_detail` VALUES (934, 101, 54);
INSERT INTO `tb_cart_detail` VALUES (935, 102, 1);
INSERT INTO `tb_cart_detail` VALUES (936, 102, 12);
INSERT INTO `tb_cart_detail` VALUES (937, 102, 16);
INSERT INTO `tb_cart_detail` VALUES (938, 102, 21);
INSERT INTO `tb_cart_detail` VALUES (939, 102, 25);
INSERT INTO `tb_cart_detail` VALUES (940, 102, 31);
INSERT INTO `tb_cart_detail` VALUES (941, 102, 42);
INSERT INTO `tb_cart_detail` VALUES (942, 102, 46);
INSERT INTO `tb_cart_detail` VALUES (943, 102, 50);
INSERT INTO `tb_cart_detail` VALUES (944, 102, 54);
INSERT INTO `tb_cart_detail` VALUES (945, 103, 1);
INSERT INTO `tb_cart_detail` VALUES (946, 103, 12);
INSERT INTO `tb_cart_detail` VALUES (947, 103, 17);
INSERT INTO `tb_cart_detail` VALUES (948, 103, 21);
INSERT INTO `tb_cart_detail` VALUES (949, 103, 25);
INSERT INTO `tb_cart_detail` VALUES (950, 103, 31);
INSERT INTO `tb_cart_detail` VALUES (951, 103, 42);
INSERT INTO `tb_cart_detail` VALUES (952, 103, 46);
INSERT INTO `tb_cart_detail` VALUES (953, 103, 50);
INSERT INTO `tb_cart_detail` VALUES (954, 103, 54);
INSERT INTO `tb_cart_detail` VALUES (955, 103, 33);
INSERT INTO `tb_cart_detail` VALUES (956, 104, 1);
INSERT INTO `tb_cart_detail` VALUES (957, 104, 12);
INSERT INTO `tb_cart_detail` VALUES (958, 104, 64);
INSERT INTO `tb_cart_detail` VALUES (959, 104, 28);
INSERT INTO `tb_cart_detail` VALUES (960, 104, 20);
INSERT INTO `tb_cart_detail` VALUES (961, 104, 31);
INSERT INTO `tb_cart_detail` VALUES (962, 104, 42);
INSERT INTO `tb_cart_detail` VALUES (963, 104, 46);
INSERT INTO `tb_cart_detail` VALUES (964, 104, 50);
INSERT INTO `tb_cart_detail` VALUES (965, 104, 54);
INSERT INTO `tb_cart_detail` VALUES (966, 105, 1);
INSERT INTO `tb_cart_detail` VALUES (967, 105, 12);
INSERT INTO `tb_cart_detail` VALUES (968, 105, 64);
INSERT INTO `tb_cart_detail` VALUES (969, 105, 28);
INSERT INTO `tb_cart_detail` VALUES (970, 105, 20);
INSERT INTO `tb_cart_detail` VALUES (971, 105, 31);
INSERT INTO `tb_cart_detail` VALUES (972, 105, 42);
INSERT INTO `tb_cart_detail` VALUES (973, 105, 46);
INSERT INTO `tb_cart_detail` VALUES (974, 105, 50);
INSERT INTO `tb_cart_detail` VALUES (975, 105, 54);
INSERT INTO `tb_cart_detail` VALUES (976, 106, 1);
INSERT INTO `tb_cart_detail` VALUES (977, 106, 12);
INSERT INTO `tb_cart_detail` VALUES (978, 106, 64);
INSERT INTO `tb_cart_detail` VALUES (979, 106, 28);
INSERT INTO `tb_cart_detail` VALUES (980, 106, 20);
INSERT INTO `tb_cart_detail` VALUES (981, 106, 31);
INSERT INTO `tb_cart_detail` VALUES (982, 106, 42);
INSERT INTO `tb_cart_detail` VALUES (983, 106, 46);
INSERT INTO `tb_cart_detail` VALUES (984, 106, 50);
INSERT INTO `tb_cart_detail` VALUES (985, 106, 54);
INSERT INTO `tb_cart_detail` VALUES (986, 107, 1);
INSERT INTO `tb_cart_detail` VALUES (987, 107, 12);
INSERT INTO `tb_cart_detail` VALUES (988, 107, 64);
INSERT INTO `tb_cart_detail` VALUES (989, 107, 28);
INSERT INTO `tb_cart_detail` VALUES (990, 107, 20);
INSERT INTO `tb_cart_detail` VALUES (991, 107, 31);
INSERT INTO `tb_cart_detail` VALUES (992, 107, 42);
INSERT INTO `tb_cart_detail` VALUES (993, 107, 46);
INSERT INTO `tb_cart_detail` VALUES (994, 107, 50);
INSERT INTO `tb_cart_detail` VALUES (995, 107, 54);
INSERT INTO `tb_cart_detail` VALUES (996, 108, 1);
INSERT INTO `tb_cart_detail` VALUES (997, 108, 12);
INSERT INTO `tb_cart_detail` VALUES (998, 108, 17);
INSERT INTO `tb_cart_detail` VALUES (999, 108, 21);
INSERT INTO `tb_cart_detail` VALUES (1000, 108, 25);
INSERT INTO `tb_cart_detail` VALUES (1001, 108, 31);
INSERT INTO `tb_cart_detail` VALUES (1002, 108, 42);
INSERT INTO `tb_cart_detail` VALUES (1003, 108, 46);
INSERT INTO `tb_cart_detail` VALUES (1004, 108, 50);
INSERT INTO `tb_cart_detail` VALUES (1005, 108, 54);
INSERT INTO `tb_cart_detail` VALUES (1006, 109, 1);
INSERT INTO `tb_cart_detail` VALUES (1007, 109, 12);
INSERT INTO `tb_cart_detail` VALUES (1008, 109, 17);
INSERT INTO `tb_cart_detail` VALUES (1009, 109, 21);
INSERT INTO `tb_cart_detail` VALUES (1010, 109, 25);
INSERT INTO `tb_cart_detail` VALUES (1011, 109, 31);
INSERT INTO `tb_cart_detail` VALUES (1012, 109, 42);
INSERT INTO `tb_cart_detail` VALUES (1013, 109, 46);
INSERT INTO `tb_cart_detail` VALUES (1014, 109, 50);
INSERT INTO `tb_cart_detail` VALUES (1015, 109, 54);
INSERT INTO `tb_cart_detail` VALUES (1016, 110, 11);
INSERT INTO `tb_cart_detail` VALUES (1017, 110, 27);
INSERT INTO `tb_cart_detail` VALUES (1018, 110, 31);
INSERT INTO `tb_cart_detail` VALUES (1019, 110, 42);
INSERT INTO `tb_cart_detail` VALUES (1020, 110, 46);
INSERT INTO `tb_cart_detail` VALUES (1021, 110, 50);
INSERT INTO `tb_cart_detail` VALUES (1022, 110, 54);
INSERT INTO `tb_cart_detail` VALUES (1023, 111, 1);
INSERT INTO `tb_cart_detail` VALUES (1024, 111, 12);
INSERT INTO `tb_cart_detail` VALUES (1025, 111, 17);
INSERT INTO `tb_cart_detail` VALUES (1026, 111, 21);
INSERT INTO `tb_cart_detail` VALUES (1027, 111, 25);
INSERT INTO `tb_cart_detail` VALUES (1028, 111, 31);
INSERT INTO `tb_cart_detail` VALUES (1029, 111, 42);
INSERT INTO `tb_cart_detail` VALUES (1030, 111, 46);
INSERT INTO `tb_cart_detail` VALUES (1031, 111, 50);
INSERT INTO `tb_cart_detail` VALUES (1032, 111, 54);
INSERT INTO `tb_cart_detail` VALUES (1033, 112, 1);
INSERT INTO `tb_cart_detail` VALUES (1034, 112, 12);
INSERT INTO `tb_cart_detail` VALUES (1035, 112, 17);
INSERT INTO `tb_cart_detail` VALUES (1036, 112, 21);
INSERT INTO `tb_cart_detail` VALUES (1037, 112, 25);
INSERT INTO `tb_cart_detail` VALUES (1038, 112, 31);
INSERT INTO `tb_cart_detail` VALUES (1039, 112, 42);
INSERT INTO `tb_cart_detail` VALUES (1040, 112, 46);
INSERT INTO `tb_cart_detail` VALUES (1041, 112, 50);
INSERT INTO `tb_cart_detail` VALUES (1042, 112, 54);
INSERT INTO `tb_cart_detail` VALUES (1043, 113, 1);
INSERT INTO `tb_cart_detail` VALUES (1044, 113, 12);
INSERT INTO `tb_cart_detail` VALUES (1045, 113, 16);
INSERT INTO `tb_cart_detail` VALUES (1046, 113, 21);
INSERT INTO `tb_cart_detail` VALUES (1047, 113, 25);
INSERT INTO `tb_cart_detail` VALUES (1048, 113, 31);
INSERT INTO `tb_cart_detail` VALUES (1049, 113, 42);
INSERT INTO `tb_cart_detail` VALUES (1050, 113, 46);
INSERT INTO `tb_cart_detail` VALUES (1051, 113, 50);
INSERT INTO `tb_cart_detail` VALUES (1052, 113, 54);
INSERT INTO `tb_cart_detail` VALUES (1053, 114, 1);
INSERT INTO `tb_cart_detail` VALUES (1054, 114, 12);
INSERT INTO `tb_cart_detail` VALUES (1055, 114, 17);
INSERT INTO `tb_cart_detail` VALUES (1056, 114, 24);
INSERT INTO `tb_cart_detail` VALUES (1057, 114, 25);
INSERT INTO `tb_cart_detail` VALUES (1058, 114, 31);
INSERT INTO `tb_cart_detail` VALUES (1059, 114, 42);
INSERT INTO `tb_cart_detail` VALUES (1060, 114, 46);
INSERT INTO `tb_cart_detail` VALUES (1061, 114, 50);
INSERT INTO `tb_cart_detail` VALUES (1062, 114, 54);
INSERT INTO `tb_cart_detail` VALUES (1063, 115, 1);
INSERT INTO `tb_cart_detail` VALUES (1064, 115, 12);
INSERT INTO `tb_cart_detail` VALUES (1065, 115, 17);
INSERT INTO `tb_cart_detail` VALUES (1066, 115, 21);
INSERT INTO `tb_cart_detail` VALUES (1067, 115, 25);
INSERT INTO `tb_cart_detail` VALUES (1068, 115, 31);
INSERT INTO `tb_cart_detail` VALUES (1069, 115, 44);
INSERT INTO `tb_cart_detail` VALUES (1070, 115, 48);
INSERT INTO `tb_cart_detail` VALUES (1071, 115, 52);
INSERT INTO `tb_cart_detail` VALUES (1072, 115, 56);
INSERT INTO `tb_cart_detail` VALUES (1073, 116, 3);
INSERT INTO `tb_cart_detail` VALUES (1074, 116, 13);
INSERT INTO `tb_cart_detail` VALUES (1075, 116, 14);
INSERT INTO `tb_cart_detail` VALUES (1076, 116, 24);
INSERT INTO `tb_cart_detail` VALUES (1077, 116, 27);
INSERT INTO `tb_cart_detail` VALUES (1078, 116, 32);
INSERT INTO `tb_cart_detail` VALUES (1079, 116, 45);
INSERT INTO `tb_cart_detail` VALUES (1080, 116, 49);
INSERT INTO `tb_cart_detail` VALUES (1081, 116, 53);
INSERT INTO `tb_cart_detail` VALUES (1082, 116, 57);
INSERT INTO `tb_cart_detail` VALUES (1083, 116, 41);
INSERT INTO `tb_cart_detail` VALUES (1084, 117, 2);
INSERT INTO `tb_cart_detail` VALUES (1085, 117, 13);
INSERT INTO `tb_cart_detail` VALUES (1086, 117, 14);
INSERT INTO `tb_cart_detail` VALUES (1087, 117, 24);
INSERT INTO `tb_cart_detail` VALUES (1088, 117, 26);
INSERT INTO `tb_cart_detail` VALUES (1089, 117, 32);
INSERT INTO `tb_cart_detail` VALUES (1090, 117, 45);
INSERT INTO `tb_cart_detail` VALUES (1091, 117, 49);
INSERT INTO `tb_cart_detail` VALUES (1092, 117, 53);
INSERT INTO `tb_cart_detail` VALUES (1093, 117, 57);
INSERT INTO `tb_cart_detail` VALUES (1094, 118, 1);
INSERT INTO `tb_cart_detail` VALUES (1095, 118, 12);
INSERT INTO `tb_cart_detail` VALUES (1096, 118, 17);
INSERT INTO `tb_cart_detail` VALUES (1097, 118, 21);
INSERT INTO `tb_cart_detail` VALUES (1098, 118, 25);
INSERT INTO `tb_cart_detail` VALUES (1099, 118, 31);
INSERT INTO `tb_cart_detail` VALUES (1100, 118, 44);
INSERT INTO `tb_cart_detail` VALUES (1101, 118, 48);
INSERT INTO `tb_cart_detail` VALUES (1102, 118, 52);
INSERT INTO `tb_cart_detail` VALUES (1103, 118, 56);
INSERT INTO `tb_cart_detail` VALUES (1104, 119, 9);
INSERT INTO `tb_cart_detail` VALUES (1105, 119, 28);
INSERT INTO `tb_cart_detail` VALUES (1106, 119, 32);
INSERT INTO `tb_cart_detail` VALUES (1107, 119, 45);
INSERT INTO `tb_cart_detail` VALUES (1108, 119, 49);
INSERT INTO `tb_cart_detail` VALUES (1109, 119, 53);
INSERT INTO `tb_cart_detail` VALUES (1110, 119, 57);
INSERT INTO `tb_cart_detail` VALUES (1111, 120, 1);
INSERT INTO `tb_cart_detail` VALUES (1112, 120, 12);
INSERT INTO `tb_cart_detail` VALUES (1113, 120, 17);
INSERT INTO `tb_cart_detail` VALUES (1114, 120, 21);
INSERT INTO `tb_cart_detail` VALUES (1115, 120, 25);
INSERT INTO `tb_cart_detail` VALUES (1116, 120, 31);
INSERT INTO `tb_cart_detail` VALUES (1117, 120, 44);
INSERT INTO `tb_cart_detail` VALUES (1118, 120, 48);
INSERT INTO `tb_cart_detail` VALUES (1119, 120, 52);
INSERT INTO `tb_cart_detail` VALUES (1120, 120, 56);
INSERT INTO `tb_cart_detail` VALUES (1121, 121, 1);
INSERT INTO `tb_cart_detail` VALUES (1122, 121, 12);
INSERT INTO `tb_cart_detail` VALUES (1123, 121, 17);
INSERT INTO `tb_cart_detail` VALUES (1124, 121, 21);
INSERT INTO `tb_cart_detail` VALUES (1125, 121, 25);
INSERT INTO `tb_cart_detail` VALUES (1126, 121, 31);
INSERT INTO `tb_cart_detail` VALUES (1127, 121, 44);
INSERT INTO `tb_cart_detail` VALUES (1128, 121, 48);
INSERT INTO `tb_cart_detail` VALUES (1129, 121, 52);
INSERT INTO `tb_cart_detail` VALUES (1130, 121, 56);
INSERT INTO `tb_cart_detail` VALUES (1131, 122, 1);
INSERT INTO `tb_cart_detail` VALUES (1132, 122, 12);
INSERT INTO `tb_cart_detail` VALUES (1133, 122, 17);
INSERT INTO `tb_cart_detail` VALUES (1134, 122, 21);
INSERT INTO `tb_cart_detail` VALUES (1135, 122, 27);
INSERT INTO `tb_cart_detail` VALUES (1136, 122, 31);
INSERT INTO `tb_cart_detail` VALUES (1137, 122, 42);
INSERT INTO `tb_cart_detail` VALUES (1138, 122, 46);
INSERT INTO `tb_cart_detail` VALUES (1139, 122, 50);
INSERT INTO `tb_cart_detail` VALUES (1140, 122, 54);
INSERT INTO `tb_cart_detail` VALUES (1141, 123, 1);
INSERT INTO `tb_cart_detail` VALUES (1142, 123, 12);
INSERT INTO `tb_cart_detail` VALUES (1143, 123, 64);
INSERT INTO `tb_cart_detail` VALUES (1144, 123, 27);
INSERT INTO `tb_cart_detail` VALUES (1145, 123, 23);
INSERT INTO `tb_cart_detail` VALUES (1146, 123, 31);
INSERT INTO `tb_cart_detail` VALUES (1147, 123, 42);
INSERT INTO `tb_cart_detail` VALUES (1148, 123, 46);
INSERT INTO `tb_cart_detail` VALUES (1149, 123, 50);
INSERT INTO `tb_cart_detail` VALUES (1150, 123, 54);
INSERT INTO `tb_cart_detail` VALUES (1151, 124, 1);
INSERT INTO `tb_cart_detail` VALUES (1152, 124, 12);
INSERT INTO `tb_cart_detail` VALUES (1153, 124, 17);
INSERT INTO `tb_cart_detail` VALUES (1154, 124, 21);
INSERT INTO `tb_cart_detail` VALUES (1155, 124, 27);
INSERT INTO `tb_cart_detail` VALUES (1156, 124, 31);
INSERT INTO `tb_cart_detail` VALUES (1157, 124, 42);
INSERT INTO `tb_cart_detail` VALUES (1158, 124, 46);
INSERT INTO `tb_cart_detail` VALUES (1159, 124, 50);
INSERT INTO `tb_cart_detail` VALUES (1160, 124, 54);
INSERT INTO `tb_cart_detail` VALUES (1161, 125, 1);
INSERT INTO `tb_cart_detail` VALUES (1162, 125, 12);
INSERT INTO `tb_cart_detail` VALUES (1163, 125, 17);
INSERT INTO `tb_cart_detail` VALUES (1164, 125, 21);
INSERT INTO `tb_cart_detail` VALUES (1165, 125, 25);
INSERT INTO `tb_cart_detail` VALUES (1166, 125, 31);
INSERT INTO `tb_cart_detail` VALUES (1167, 125, 42);
INSERT INTO `tb_cart_detail` VALUES (1168, 125, 46);
INSERT INTO `tb_cart_detail` VALUES (1169, 125, 50);
INSERT INTO `tb_cart_detail` VALUES (1170, 125, 54);
INSERT INTO `tb_cart_detail` VALUES (1171, 126, 1);
INSERT INTO `tb_cart_detail` VALUES (1172, 126, 12);
INSERT INTO `tb_cart_detail` VALUES (1173, 126, 17);
INSERT INTO `tb_cart_detail` VALUES (1174, 126, 21);
INSERT INTO `tb_cart_detail` VALUES (1175, 126, 25);
INSERT INTO `tb_cart_detail` VALUES (1176, 126, 31);
INSERT INTO `tb_cart_detail` VALUES (1177, 126, 42);
INSERT INTO `tb_cart_detail` VALUES (1178, 126, 46);
INSERT INTO `tb_cart_detail` VALUES (1179, 126, 50);
INSERT INTO `tb_cart_detail` VALUES (1180, 126, 54);
INSERT INTO `tb_cart_detail` VALUES (1181, 127, 9);
INSERT INTO `tb_cart_detail` VALUES (1182, 127, 27);
INSERT INTO `tb_cart_detail` VALUES (1183, 127, 31);
INSERT INTO `tb_cart_detail` VALUES (1184, 127, 44);
INSERT INTO `tb_cart_detail` VALUES (1185, 127, 48);
INSERT INTO `tb_cart_detail` VALUES (1186, 127, 52);
INSERT INTO `tb_cart_detail` VALUES (1187, 127, 56);
INSERT INTO `tb_cart_detail` VALUES (1188, 127, 34);
INSERT INTO `tb_cart_detail` VALUES (1189, 127, 41);
INSERT INTO `tb_cart_detail` VALUES (1190, 128, 1);
INSERT INTO `tb_cart_detail` VALUES (1191, 128, 12);
INSERT INTO `tb_cart_detail` VALUES (1192, 128, 15);
INSERT INTO `tb_cart_detail` VALUES (1193, 128, 23);
INSERT INTO `tb_cart_detail` VALUES (1194, 128, 27);
INSERT INTO `tb_cart_detail` VALUES (1195, 128, 32);
INSERT INTO `tb_cart_detail` VALUES (1196, 128, 44);
INSERT INTO `tb_cart_detail` VALUES (1197, 128, 48);
INSERT INTO `tb_cart_detail` VALUES (1198, 128, 52);
INSERT INTO `tb_cart_detail` VALUES (1199, 128, 56);
INSERT INTO `tb_cart_detail` VALUES (1200, 128, 35);
INSERT INTO `tb_cart_detail` VALUES (1201, 128, 40);
INSERT INTO `tb_cart_detail` VALUES (1202, 129, 1);
INSERT INTO `tb_cart_detail` VALUES (1203, 129, 12);
INSERT INTO `tb_cart_detail` VALUES (1204, 129, 17);
INSERT INTO `tb_cart_detail` VALUES (1205, 129, 21);
INSERT INTO `tb_cart_detail` VALUES (1206, 129, 25);
INSERT INTO `tb_cart_detail` VALUES (1207, 129, 31);
INSERT INTO `tb_cart_detail` VALUES (1208, 129, 42);
INSERT INTO `tb_cart_detail` VALUES (1209, 129, 46);
INSERT INTO `tb_cart_detail` VALUES (1210, 129, 50);
INSERT INTO `tb_cart_detail` VALUES (1211, 129, 54);
INSERT INTO `tb_cart_detail` VALUES (1212, 129, 41);
INSERT INTO `tb_cart_detail` VALUES (1213, 130, 2);
INSERT INTO `tb_cart_detail` VALUES (1214, 130, 12);
INSERT INTO `tb_cart_detail` VALUES (1215, 130, 17);
INSERT INTO `tb_cart_detail` VALUES (1216, 130, 24);
INSERT INTO `tb_cart_detail` VALUES (1217, 130, 25);
INSERT INTO `tb_cart_detail` VALUES (1218, 130, 31);
INSERT INTO `tb_cart_detail` VALUES (1219, 130, 42);
INSERT INTO `tb_cart_detail` VALUES (1220, 130, 46);
INSERT INTO `tb_cart_detail` VALUES (1221, 130, 50);
INSERT INTO `tb_cart_detail` VALUES (1222, 130, 54);
INSERT INTO `tb_cart_detail` VALUES (1223, 131, 1);
INSERT INTO `tb_cart_detail` VALUES (1224, 131, 12);
INSERT INTO `tb_cart_detail` VALUES (1225, 131, 17);
INSERT INTO `tb_cart_detail` VALUES (1226, 131, 21);
INSERT INTO `tb_cart_detail` VALUES (1227, 131, 25);
INSERT INTO `tb_cart_detail` VALUES (1228, 131, 31);
INSERT INTO `tb_cart_detail` VALUES (1229, 131, 42);
INSERT INTO `tb_cart_detail` VALUES (1230, 131, 46);
INSERT INTO `tb_cart_detail` VALUES (1231, 131, 50);
INSERT INTO `tb_cart_detail` VALUES (1232, 131, 54);
INSERT INTO `tb_cart_detail` VALUES (1233, 132, 1);
INSERT INTO `tb_cart_detail` VALUES (1234, 132, 12);
INSERT INTO `tb_cart_detail` VALUES (1235, 132, 17);
INSERT INTO `tb_cart_detail` VALUES (1236, 132, 21);
INSERT INTO `tb_cart_detail` VALUES (1237, 132, 25);
INSERT INTO `tb_cart_detail` VALUES (1238, 132, 31);
INSERT INTO `tb_cart_detail` VALUES (1239, 132, 42);
INSERT INTO `tb_cart_detail` VALUES (1240, 132, 46);
INSERT INTO `tb_cart_detail` VALUES (1241, 132, 50);
INSERT INTO `tb_cart_detail` VALUES (1242, 132, 54);
INSERT INTO `tb_cart_detail` VALUES (1243, 133, 1);
INSERT INTO `tb_cart_detail` VALUES (1244, 133, 12);
INSERT INTO `tb_cart_detail` VALUES (1245, 133, 17);
INSERT INTO `tb_cart_detail` VALUES (1246, 133, 21);
INSERT INTO `tb_cart_detail` VALUES (1247, 133, 25);
INSERT INTO `tb_cart_detail` VALUES (1248, 133, 31);
INSERT INTO `tb_cart_detail` VALUES (1249, 133, 42);
INSERT INTO `tb_cart_detail` VALUES (1250, 133, 46);
INSERT INTO `tb_cart_detail` VALUES (1251, 133, 50);
INSERT INTO `tb_cart_detail` VALUES (1252, 133, 54);
INSERT INTO `tb_cart_detail` VALUES (1253, 134, 4);
INSERT INTO `tb_cart_detail` VALUES (1254, 134, 13);
INSERT INTO `tb_cart_detail` VALUES (1255, 134, 66);
INSERT INTO `tb_cart_detail` VALUES (1256, 134, 27);
INSERT INTO `tb_cart_detail` VALUES (1257, 134, 22);
INSERT INTO `tb_cart_detail` VALUES (1258, 134, 32);
INSERT INTO `tb_cart_detail` VALUES (1259, 134, 45);
INSERT INTO `tb_cart_detail` VALUES (1260, 134, 49);
INSERT INTO `tb_cart_detail` VALUES (1261, 134, 53);
INSERT INTO `tb_cart_detail` VALUES (1262, 134, 57);
INSERT INTO `tb_cart_detail` VALUES (1263, 134, 35);
INSERT INTO `tb_cart_detail` VALUES (1264, 134, 41);
INSERT INTO `tb_cart_detail` VALUES (1265, 135, 2);
INSERT INTO `tb_cart_detail` VALUES (1266, 135, 13);
INSERT INTO `tb_cart_detail` VALUES (1267, 135, 18);
INSERT INTO `tb_cart_detail` VALUES (1268, 135, 23);
INSERT INTO `tb_cart_detail` VALUES (1269, 135, 26);
INSERT INTO `tb_cart_detail` VALUES (1270, 135, 32);
INSERT INTO `tb_cart_detail` VALUES (1271, 135, 44);
INSERT INTO `tb_cart_detail` VALUES (1272, 135, 48);
INSERT INTO `tb_cart_detail` VALUES (1273, 135, 52);
INSERT INTO `tb_cart_detail` VALUES (1274, 135, 55);
INSERT INTO `tb_cart_detail` VALUES (1275, 135, 34);
INSERT INTO `tb_cart_detail` VALUES (1276, 135, 35);
INSERT INTO `tb_cart_detail` VALUES (1277, 135, 36);
INSERT INTO `tb_cart_detail` VALUES (1278, 136, 1);
INSERT INTO `tb_cart_detail` VALUES (1279, 136, 13);
INSERT INTO `tb_cart_detail` VALUES (1280, 136, 14);
INSERT INTO `tb_cart_detail` VALUES (1281, 136, 23);
INSERT INTO `tb_cart_detail` VALUES (1282, 136, 26);
INSERT INTO `tb_cart_detail` VALUES (1283, 136, 32);
INSERT INTO `tb_cart_detail` VALUES (1284, 136, 43);
INSERT INTO `tb_cart_detail` VALUES (1285, 136, 47);
INSERT INTO `tb_cart_detail` VALUES (1286, 136, 51);
INSERT INTO `tb_cart_detail` VALUES (1287, 136, 55);
INSERT INTO `tb_cart_detail` VALUES (1288, 136, 34);
INSERT INTO `tb_cart_detail` VALUES (1289, 136, 35);
INSERT INTO `tb_cart_detail` VALUES (1290, 136, 40);
INSERT INTO `tb_cart_detail` VALUES (1291, 136, 41);
INSERT INTO `tb_cart_detail` VALUES (1292, 137, 4);
INSERT INTO `tb_cart_detail` VALUES (1293, 137, 13);
INSERT INTO `tb_cart_detail` VALUES (1294, 137, 14);
INSERT INTO `tb_cart_detail` VALUES (1295, 137, 27);
INSERT INTO `tb_cart_detail` VALUES (1296, 137, 23);
INSERT INTO `tb_cart_detail` VALUES (1297, 137, 32);
INSERT INTO `tb_cart_detail` VALUES (1298, 137, 45);
INSERT INTO `tb_cart_detail` VALUES (1299, 137, 49);
INSERT INTO `tb_cart_detail` VALUES (1300, 137, 53);
INSERT INTO `tb_cart_detail` VALUES (1301, 137, 57);
INSERT INTO `tb_cart_detail` VALUES (1302, 137, 34);
INSERT INTO `tb_cart_detail` VALUES (1303, 137, 35);
INSERT INTO `tb_cart_detail` VALUES (1304, 138, 1);
INSERT INTO `tb_cart_detail` VALUES (1305, 138, 12);
INSERT INTO `tb_cart_detail` VALUES (1306, 138, 17);
INSERT INTO `tb_cart_detail` VALUES (1307, 138, 21);
INSERT INTO `tb_cart_detail` VALUES (1308, 138, 25);
INSERT INTO `tb_cart_detail` VALUES (1309, 138, 31);
INSERT INTO `tb_cart_detail` VALUES (1310, 138, 42);
INSERT INTO `tb_cart_detail` VALUES (1311, 138, 46);
INSERT INTO `tb_cart_detail` VALUES (1312, 138, 50);
INSERT INTO `tb_cart_detail` VALUES (1313, 138, 54);
INSERT INTO `tb_cart_detail` VALUES (1314, 139, 1);
INSERT INTO `tb_cart_detail` VALUES (1315, 139, 12);
INSERT INTO `tb_cart_detail` VALUES (1316, 139, 17);
INSERT INTO `tb_cart_detail` VALUES (1317, 139, 21);
INSERT INTO `tb_cart_detail` VALUES (1318, 139, 25);
INSERT INTO `tb_cart_detail` VALUES (1319, 139, 31);
INSERT INTO `tb_cart_detail` VALUES (1320, 139, 42);
INSERT INTO `tb_cart_detail` VALUES (1321, 139, 46);
INSERT INTO `tb_cart_detail` VALUES (1322, 139, 50);
INSERT INTO `tb_cart_detail` VALUES (1323, 139, 54);
INSERT INTO `tb_cart_detail` VALUES (1324, 140, 1);
INSERT INTO `tb_cart_detail` VALUES (1325, 140, 12);
INSERT INTO `tb_cart_detail` VALUES (1326, 140, 17);
INSERT INTO `tb_cart_detail` VALUES (1327, 140, 23);
INSERT INTO `tb_cart_detail` VALUES (1328, 140, 26);
INSERT INTO `tb_cart_detail` VALUES (1329, 140, 32);
INSERT INTO `tb_cart_detail` VALUES (1330, 140, 45);
INSERT INTO `tb_cart_detail` VALUES (1331, 140, 49);
INSERT INTO `tb_cart_detail` VALUES (1332, 140, 53);
INSERT INTO `tb_cart_detail` VALUES (1333, 140, 57);
INSERT INTO `tb_cart_detail` VALUES (1334, 140, 35);
INSERT INTO `tb_cart_detail` VALUES (1335, 140, 41);
INSERT INTO `tb_cart_detail` VALUES (1336, 141, 1);
INSERT INTO `tb_cart_detail` VALUES (1337, 141, 12);
INSERT INTO `tb_cart_detail` VALUES (1338, 141, 17);
INSERT INTO `tb_cart_detail` VALUES (1339, 141, 23);
INSERT INTO `tb_cart_detail` VALUES (1340, 141, 26);
INSERT INTO `tb_cart_detail` VALUES (1341, 141, 32);
INSERT INTO `tb_cart_detail` VALUES (1342, 141, 45);
INSERT INTO `tb_cart_detail` VALUES (1343, 141, 49);
INSERT INTO `tb_cart_detail` VALUES (1344, 141, 53);
INSERT INTO `tb_cart_detail` VALUES (1345, 141, 57);
INSERT INTO `tb_cart_detail` VALUES (1346, 141, 35);
INSERT INTO `tb_cart_detail` VALUES (1347, 141, 41);
INSERT INTO `tb_cart_detail` VALUES (1348, 142, 1);
INSERT INTO `tb_cart_detail` VALUES (1349, 142, 12);
INSERT INTO `tb_cart_detail` VALUES (1350, 142, 65);
INSERT INTO `tb_cart_detail` VALUES (1351, 142, 29);
INSERT INTO `tb_cart_detail` VALUES (1352, 142, 21);
INSERT INTO `tb_cart_detail` VALUES (1353, 142, 32);
INSERT INTO `tb_cart_detail` VALUES (1354, 142, 42);
INSERT INTO `tb_cart_detail` VALUES (1355, 142, 46);
INSERT INTO `tb_cart_detail` VALUES (1356, 142, 51);
INSERT INTO `tb_cart_detail` VALUES (1357, 142, 55);
INSERT INTO `tb_cart_detail` VALUES (1358, 142, 35);
INSERT INTO `tb_cart_detail` VALUES (1359, 142, 36);
INSERT INTO `tb_cart_detail` VALUES (1360, 143, 1);
INSERT INTO `tb_cart_detail` VALUES (1361, 143, 12);
INSERT INTO `tb_cart_detail` VALUES (1362, 143, 65);
INSERT INTO `tb_cart_detail` VALUES (1363, 143, 29);
INSERT INTO `tb_cart_detail` VALUES (1364, 143, 21);
INSERT INTO `tb_cart_detail` VALUES (1365, 143, 32);
INSERT INTO `tb_cart_detail` VALUES (1366, 143, 42);
INSERT INTO `tb_cart_detail` VALUES (1367, 143, 46);
INSERT INTO `tb_cart_detail` VALUES (1368, 143, 51);
INSERT INTO `tb_cart_detail` VALUES (1369, 143, 55);
INSERT INTO `tb_cart_detail` VALUES (1370, 143, 35);
INSERT INTO `tb_cart_detail` VALUES (1371, 143, 36);
INSERT INTO `tb_cart_detail` VALUES (1372, 144, 1);
INSERT INTO `tb_cart_detail` VALUES (1373, 144, 12);
INSERT INTO `tb_cart_detail` VALUES (1374, 144, 65);
INSERT INTO `tb_cart_detail` VALUES (1375, 144, 29);
INSERT INTO `tb_cart_detail` VALUES (1376, 144, 21);
INSERT INTO `tb_cart_detail` VALUES (1377, 144, 32);
INSERT INTO `tb_cart_detail` VALUES (1378, 144, 42);
INSERT INTO `tb_cart_detail` VALUES (1379, 144, 46);
INSERT INTO `tb_cart_detail` VALUES (1380, 144, 51);
INSERT INTO `tb_cart_detail` VALUES (1381, 144, 55);
INSERT INTO `tb_cart_detail` VALUES (1382, 144, 35);
INSERT INTO `tb_cart_detail` VALUES (1383, 144, 36);
INSERT INTO `tb_cart_detail` VALUES (1384, 145, 1);
INSERT INTO `tb_cart_detail` VALUES (1385, 145, 12);
INSERT INTO `tb_cart_detail` VALUES (1386, 145, 65);
INSERT INTO `tb_cart_detail` VALUES (1387, 145, 29);
INSERT INTO `tb_cart_detail` VALUES (1388, 145, 21);
INSERT INTO `tb_cart_detail` VALUES (1389, 145, 32);
INSERT INTO `tb_cart_detail` VALUES (1390, 145, 42);
INSERT INTO `tb_cart_detail` VALUES (1391, 145, 46);
INSERT INTO `tb_cart_detail` VALUES (1392, 145, 51);
INSERT INTO `tb_cart_detail` VALUES (1393, 145, 55);
INSERT INTO `tb_cart_detail` VALUES (1394, 145, 35);
INSERT INTO `tb_cart_detail` VALUES (1395, 145, 36);
INSERT INTO `tb_cart_detail` VALUES (1396, 146, 1);
INSERT INTO `tb_cart_detail` VALUES (1397, 146, 12);
INSERT INTO `tb_cart_detail` VALUES (1398, 146, 65);
INSERT INTO `tb_cart_detail` VALUES (1399, 146, 29);
INSERT INTO `tb_cart_detail` VALUES (1400, 146, 21);
INSERT INTO `tb_cart_detail` VALUES (1401, 146, 32);
INSERT INTO `tb_cart_detail` VALUES (1402, 146, 42);
INSERT INTO `tb_cart_detail` VALUES (1403, 146, 46);
INSERT INTO `tb_cart_detail` VALUES (1404, 146, 51);
INSERT INTO `tb_cart_detail` VALUES (1405, 146, 55);
INSERT INTO `tb_cart_detail` VALUES (1406, 146, 35);
INSERT INTO `tb_cart_detail` VALUES (1407, 146, 36);
INSERT INTO `tb_cart_detail` VALUES (1408, 147, 3);
INSERT INTO `tb_cart_detail` VALUES (1409, 147, 13);
INSERT INTO `tb_cart_detail` VALUES (1410, 147, 66);
INSERT INTO `tb_cart_detail` VALUES (1411, 147, 29);
INSERT INTO `tb_cart_detail` VALUES (1412, 147, 22);
INSERT INTO `tb_cart_detail` VALUES (1413, 147, 32);
INSERT INTO `tb_cart_detail` VALUES (1414, 147, 44);
INSERT INTO `tb_cart_detail` VALUES (1415, 147, 48);
INSERT INTO `tb_cart_detail` VALUES (1416, 147, 52);
INSERT INTO `tb_cart_detail` VALUES (1417, 147, 56);
INSERT INTO `tb_cart_detail` VALUES (1418, 147, 35);
INSERT INTO `tb_cart_detail` VALUES (1419, 147, 36);
INSERT INTO `tb_cart_detail` VALUES (1420, 147, 41);
INSERT INTO `tb_cart_detail` VALUES (1421, 148, 1);
INSERT INTO `tb_cart_detail` VALUES (1422, 148, 12);
INSERT INTO `tb_cart_detail` VALUES (1423, 148, 17);
INSERT INTO `tb_cart_detail` VALUES (1424, 148, 21);
INSERT INTO `tb_cart_detail` VALUES (1425, 148, 25);
INSERT INTO `tb_cart_detail` VALUES (1426, 148, 31);
INSERT INTO `tb_cart_detail` VALUES (1427, 148, 42);
INSERT INTO `tb_cart_detail` VALUES (1428, 148, 46);
INSERT INTO `tb_cart_detail` VALUES (1429, 148, 50);
INSERT INTO `tb_cart_detail` VALUES (1430, 148, 54);
INSERT INTO `tb_cart_detail` VALUES (1431, 149, 1);
INSERT INTO `tb_cart_detail` VALUES (1432, 149, 12);
INSERT INTO `tb_cart_detail` VALUES (1433, 149, 17);
INSERT INTO `tb_cart_detail` VALUES (1434, 149, 21);
INSERT INTO `tb_cart_detail` VALUES (1435, 149, 25);
INSERT INTO `tb_cart_detail` VALUES (1436, 149, 31);
INSERT INTO `tb_cart_detail` VALUES (1437, 149, 42);
INSERT INTO `tb_cart_detail` VALUES (1438, 149, 46);
INSERT INTO `tb_cart_detail` VALUES (1439, 149, 50);
INSERT INTO `tb_cart_detail` VALUES (1440, 149, 54);
INSERT INTO `tb_cart_detail` VALUES (1441, 150, 1);
INSERT INTO `tb_cart_detail` VALUES (1442, 150, 12);
INSERT INTO `tb_cart_detail` VALUES (1443, 150, 16);
INSERT INTO `tb_cart_detail` VALUES (1444, 150, 24);
INSERT INTO `tb_cart_detail` VALUES (1445, 150, 25);
INSERT INTO `tb_cart_detail` VALUES (1446, 150, 31);
INSERT INTO `tb_cart_detail` VALUES (1447, 150, 43);
INSERT INTO `tb_cart_detail` VALUES (1448, 150, 46);
INSERT INTO `tb_cart_detail` VALUES (1449, 150, 50);
INSERT INTO `tb_cart_detail` VALUES (1450, 150, 54);
INSERT INTO `tb_cart_detail` VALUES (1451, 151, 11);
INSERT INTO `tb_cart_detail` VALUES (1452, 151, 28);
INSERT INTO `tb_cart_detail` VALUES (1453, 151, 31);
INSERT INTO `tb_cart_detail` VALUES (1454, 151, 42);
INSERT INTO `tb_cart_detail` VALUES (1455, 151, 46);
INSERT INTO `tb_cart_detail` VALUES (1456, 151, 50);
INSERT INTO `tb_cart_detail` VALUES (1457, 151, 54);
INSERT INTO `tb_cart_detail` VALUES (1458, 152, 1);
INSERT INTO `tb_cart_detail` VALUES (1459, 152, 12);
INSERT INTO `tb_cart_detail` VALUES (1460, 152, 16);
INSERT INTO `tb_cart_detail` VALUES (1461, 152, 24);
INSERT INTO `tb_cart_detail` VALUES (1462, 152, 25);
INSERT INTO `tb_cart_detail` VALUES (1463, 152, 31);
INSERT INTO `tb_cart_detail` VALUES (1464, 152, 43);
INSERT INTO `tb_cart_detail` VALUES (1465, 152, 46);
INSERT INTO `tb_cart_detail` VALUES (1466, 152, 50);
INSERT INTO `tb_cart_detail` VALUES (1467, 152, 54);
INSERT INTO `tb_cart_detail` VALUES (1468, 153, 11);
INSERT INTO `tb_cart_detail` VALUES (1469, 153, 28);
INSERT INTO `tb_cart_detail` VALUES (1470, 153, 31);
INSERT INTO `tb_cart_detail` VALUES (1471, 153, 42);
INSERT INTO `tb_cart_detail` VALUES (1472, 153, 46);
INSERT INTO `tb_cart_detail` VALUES (1473, 153, 50);
INSERT INTO `tb_cart_detail` VALUES (1474, 153, 54);
INSERT INTO `tb_cart_detail` VALUES (1475, 154, 3);
INSERT INTO `tb_cart_detail` VALUES (1476, 154, 13);
INSERT INTO `tb_cart_detail` VALUES (1477, 154, 18);
INSERT INTO `tb_cart_detail` VALUES (1478, 154, 23);
INSERT INTO `tb_cart_detail` VALUES (1479, 154, 26);
INSERT INTO `tb_cart_detail` VALUES (1480, 154, 32);
INSERT INTO `tb_cart_detail` VALUES (1481, 154, 44);
INSERT INTO `tb_cart_detail` VALUES (1482, 154, 48);
INSERT INTO `tb_cart_detail` VALUES (1483, 154, 52);
INSERT INTO `tb_cart_detail` VALUES (1484, 154, 56);
INSERT INTO `tb_cart_detail` VALUES (1485, 155, 3);
INSERT INTO `tb_cart_detail` VALUES (1486, 155, 13);
INSERT INTO `tb_cart_detail` VALUES (1487, 155, 18);
INSERT INTO `tb_cart_detail` VALUES (1488, 155, 23);
INSERT INTO `tb_cart_detail` VALUES (1489, 155, 26);
INSERT INTO `tb_cart_detail` VALUES (1490, 155, 32);
INSERT INTO `tb_cart_detail` VALUES (1491, 155, 44);
INSERT INTO `tb_cart_detail` VALUES (1492, 155, 48);
INSERT INTO `tb_cart_detail` VALUES (1493, 155, 52);
INSERT INTO `tb_cart_detail` VALUES (1494, 155, 56);
INSERT INTO `tb_cart_detail` VALUES (1495, 156, 2);
INSERT INTO `tb_cart_detail` VALUES (1496, 156, 13);
INSERT INTO `tb_cart_detail` VALUES (1497, 156, 18);
INSERT INTO `tb_cart_detail` VALUES (1498, 156, 23);
INSERT INTO `tb_cart_detail` VALUES (1499, 156, 26);
INSERT INTO `tb_cart_detail` VALUES (1500, 156, 32);
INSERT INTO `tb_cart_detail` VALUES (1501, 156, 44);
INSERT INTO `tb_cart_detail` VALUES (1502, 156, 48);
INSERT INTO `tb_cart_detail` VALUES (1503, 156, 52);
INSERT INTO `tb_cart_detail` VALUES (1504, 156, 56);
INSERT INTO `tb_cart_detail` VALUES (1505, 156, 41);
INSERT INTO `tb_cart_detail` VALUES (1506, 157, 2);
INSERT INTO `tb_cart_detail` VALUES (1507, 157, 13);
INSERT INTO `tb_cart_detail` VALUES (1508, 157, 18);
INSERT INTO `tb_cart_detail` VALUES (1509, 157, 23);
INSERT INTO `tb_cart_detail` VALUES (1510, 157, 26);
INSERT INTO `tb_cart_detail` VALUES (1511, 157, 32);
INSERT INTO `tb_cart_detail` VALUES (1512, 157, 44);
INSERT INTO `tb_cart_detail` VALUES (1513, 157, 48);
INSERT INTO `tb_cart_detail` VALUES (1514, 157, 52);
INSERT INTO `tb_cart_detail` VALUES (1515, 157, 56);
INSERT INTO `tb_cart_detail` VALUES (1516, 157, 41);
INSERT INTO `tb_cart_detail` VALUES (1517, 158, 2);
INSERT INTO `tb_cart_detail` VALUES (1518, 158, 13);
INSERT INTO `tb_cart_detail` VALUES (1519, 158, 18);
INSERT INTO `tb_cart_detail` VALUES (1520, 158, 23);
INSERT INTO `tb_cart_detail` VALUES (1521, 158, 26);
INSERT INTO `tb_cart_detail` VALUES (1522, 158, 32);
INSERT INTO `tb_cart_detail` VALUES (1523, 158, 44);
INSERT INTO `tb_cart_detail` VALUES (1524, 158, 48);
INSERT INTO `tb_cart_detail` VALUES (1525, 158, 52);
INSERT INTO `tb_cart_detail` VALUES (1526, 158, 56);
INSERT INTO `tb_cart_detail` VALUES (1527, 158, 41);
INSERT INTO `tb_cart_detail` VALUES (1528, 159, 2);
INSERT INTO `tb_cart_detail` VALUES (1529, 159, 13);
INSERT INTO `tb_cart_detail` VALUES (1530, 159, 18);
INSERT INTO `tb_cart_detail` VALUES (1531, 159, 23);
INSERT INTO `tb_cart_detail` VALUES (1532, 159, 26);
INSERT INTO `tb_cart_detail` VALUES (1533, 159, 32);
INSERT INTO `tb_cart_detail` VALUES (1534, 159, 44);
INSERT INTO `tb_cart_detail` VALUES (1535, 159, 48);
INSERT INTO `tb_cart_detail` VALUES (1536, 159, 52);
INSERT INTO `tb_cart_detail` VALUES (1537, 159, 56);
INSERT INTO `tb_cart_detail` VALUES (1538, 159, 41);
INSERT INTO `tb_cart_detail` VALUES (1539, 160, 2);
INSERT INTO `tb_cart_detail` VALUES (1540, 160, 13);
INSERT INTO `tb_cart_detail` VALUES (1541, 160, 18);
INSERT INTO `tb_cart_detail` VALUES (1542, 160, 23);
INSERT INTO `tb_cart_detail` VALUES (1543, 160, 26);
INSERT INTO `tb_cart_detail` VALUES (1544, 160, 32);
INSERT INTO `tb_cart_detail` VALUES (1545, 160, 44);
INSERT INTO `tb_cart_detail` VALUES (1546, 160, 48);
INSERT INTO `tb_cart_detail` VALUES (1547, 160, 52);
INSERT INTO `tb_cart_detail` VALUES (1548, 160, 56);
INSERT INTO `tb_cart_detail` VALUES (1549, 160, 41);
INSERT INTO `tb_cart_detail` VALUES (1550, 161, 2);
INSERT INTO `tb_cart_detail` VALUES (1551, 161, 13);
INSERT INTO `tb_cart_detail` VALUES (1552, 161, 18);
INSERT INTO `tb_cart_detail` VALUES (1553, 161, 23);
INSERT INTO `tb_cart_detail` VALUES (1554, 161, 26);
INSERT INTO `tb_cart_detail` VALUES (1555, 161, 32);
INSERT INTO `tb_cart_detail` VALUES (1556, 161, 43);
INSERT INTO `tb_cart_detail` VALUES (1557, 161, 47);
INSERT INTO `tb_cart_detail` VALUES (1558, 161, 51);
INSERT INTO `tb_cart_detail` VALUES (1559, 161, 55);
INSERT INTO `tb_cart_detail` VALUES (1560, 161, 34);
INSERT INTO `tb_cart_detail` VALUES (1561, 162, 2);
INSERT INTO `tb_cart_detail` VALUES (1562, 162, 13);
INSERT INTO `tb_cart_detail` VALUES (1563, 162, 18);
INSERT INTO `tb_cart_detail` VALUES (1564, 162, 23);
INSERT INTO `tb_cart_detail` VALUES (1565, 162, 26);
INSERT INTO `tb_cart_detail` VALUES (1566, 162, 32);
INSERT INTO `tb_cart_detail` VALUES (1567, 162, 44);
INSERT INTO `tb_cart_detail` VALUES (1568, 162, 48);
INSERT INTO `tb_cart_detail` VALUES (1569, 162, 52);
INSERT INTO `tb_cart_detail` VALUES (1570, 162, 56);
INSERT INTO `tb_cart_detail` VALUES (1571, 162, 35);
INSERT INTO `tb_cart_detail` VALUES (1572, 162, 41);
INSERT INTO `tb_cart_detail` VALUES (1573, 163, 1);
INSERT INTO `tb_cart_detail` VALUES (1574, 163, 12);
INSERT INTO `tb_cart_detail` VALUES (1575, 163, 17);
INSERT INTO `tb_cart_detail` VALUES (1576, 163, 21);
INSERT INTO `tb_cart_detail` VALUES (1577, 163, 25);
INSERT INTO `tb_cart_detail` VALUES (1578, 163, 31);
INSERT INTO `tb_cart_detail` VALUES (1579, 163, 42);
INSERT INTO `tb_cart_detail` VALUES (1580, 163, 46);
INSERT INTO `tb_cart_detail` VALUES (1581, 163, 50);
INSERT INTO `tb_cart_detail` VALUES (1582, 163, 54);
INSERT INTO `tb_cart_detail` VALUES (1583, 163, 34);
INSERT INTO `tb_cart_detail` VALUES (1584, 163, 40);
INSERT INTO `tb_cart_detail` VALUES (1585, 164, 1);
INSERT INTO `tb_cart_detail` VALUES (1586, 164, 12);
INSERT INTO `tb_cart_detail` VALUES (1587, 164, 17);
INSERT INTO `tb_cart_detail` VALUES (1588, 164, 21);
INSERT INTO `tb_cart_detail` VALUES (1589, 164, 25);
INSERT INTO `tb_cart_detail` VALUES (1590, 164, 31);
INSERT INTO `tb_cart_detail` VALUES (1591, 164, 43);
INSERT INTO `tb_cart_detail` VALUES (1592, 164, 47);
INSERT INTO `tb_cart_detail` VALUES (1593, 164, 52);
INSERT INTO `tb_cart_detail` VALUES (1594, 164, 56);
INSERT INTO `tb_cart_detail` VALUES (1595, 164, 33);
INSERT INTO `tb_cart_detail` VALUES (1596, 164, 40);
INSERT INTO `tb_cart_detail` VALUES (1597, 165, 3);
INSERT INTO `tb_cart_detail` VALUES (1598, 165, 13);
INSERT INTO `tb_cart_detail` VALUES (1599, 165, 18);
INSERT INTO `tb_cart_detail` VALUES (1600, 165, 23);
INSERT INTO `tb_cart_detail` VALUES (1601, 165, 26);
INSERT INTO `tb_cart_detail` VALUES (1602, 165, 32);
INSERT INTO `tb_cart_detail` VALUES (1603, 165, 44);
INSERT INTO `tb_cart_detail` VALUES (1604, 165, 48);
INSERT INTO `tb_cart_detail` VALUES (1605, 165, 52);
INSERT INTO `tb_cart_detail` VALUES (1606, 165, 56);
INSERT INTO `tb_cart_detail` VALUES (1607, 165, 41);
INSERT INTO `tb_cart_detail` VALUES (1608, 166, 2);
INSERT INTO `tb_cart_detail` VALUES (1609, 166, 13);
INSERT INTO `tb_cart_detail` VALUES (1610, 166, 16);
INSERT INTO `tb_cart_detail` VALUES (1611, 166, 23);
INSERT INTO `tb_cart_detail` VALUES (1612, 166, 26);
INSERT INTO `tb_cart_detail` VALUES (1613, 166, 32);
INSERT INTO `tb_cart_detail` VALUES (1614, 166, 44);
INSERT INTO `tb_cart_detail` VALUES (1615, 166, 48);
INSERT INTO `tb_cart_detail` VALUES (1616, 166, 52);
INSERT INTO `tb_cart_detail` VALUES (1617, 166, 56);
INSERT INTO `tb_cart_detail` VALUES (1618, 166, 35);
INSERT INTO `tb_cart_detail` VALUES (1619, 166, 40);
INSERT INTO `tb_cart_detail` VALUES (1620, 167, 3);
INSERT INTO `tb_cart_detail` VALUES (1621, 167, 13);
INSERT INTO `tb_cart_detail` VALUES (1622, 167, 18);
INSERT INTO `tb_cart_detail` VALUES (1623, 167, 23);
INSERT INTO `tb_cart_detail` VALUES (1624, 167, 26);
INSERT INTO `tb_cart_detail` VALUES (1625, 167, 32);
INSERT INTO `tb_cart_detail` VALUES (1626, 167, 45);
INSERT INTO `tb_cart_detail` VALUES (1627, 167, 49);
INSERT INTO `tb_cart_detail` VALUES (1628, 167, 53);
INSERT INTO `tb_cart_detail` VALUES (1629, 167, 57);
INSERT INTO `tb_cart_detail` VALUES (1630, 167, 36);
INSERT INTO `tb_cart_detail` VALUES (1631, 167, 41);
INSERT INTO `tb_cart_detail` VALUES (1632, 168, 3);
INSERT INTO `tb_cart_detail` VALUES (1633, 168, 13);
INSERT INTO `tb_cart_detail` VALUES (1634, 168, 18);
INSERT INTO `tb_cart_detail` VALUES (1635, 168, 23);
INSERT INTO `tb_cart_detail` VALUES (1636, 168, 26);
INSERT INTO `tb_cart_detail` VALUES (1637, 168, 32);
INSERT INTO `tb_cart_detail` VALUES (1638, 168, 44);
INSERT INTO `tb_cart_detail` VALUES (1639, 168, 48);
INSERT INTO `tb_cart_detail` VALUES (1640, 168, 52);
INSERT INTO `tb_cart_detail` VALUES (1641, 168, 56);
INSERT INTO `tb_cart_detail` VALUES (1642, 168, 41);
INSERT INTO `tb_cart_detail` VALUES (1643, 169, 3);
INSERT INTO `tb_cart_detail` VALUES (1644, 169, 13);
INSERT INTO `tb_cart_detail` VALUES (1645, 169, 18);
INSERT INTO `tb_cart_detail` VALUES (1646, 169, 23);
INSERT INTO `tb_cart_detail` VALUES (1647, 169, 26);
INSERT INTO `tb_cart_detail` VALUES (1648, 169, 32);
INSERT INTO `tb_cart_detail` VALUES (1649, 169, 44);
INSERT INTO `tb_cart_detail` VALUES (1650, 169, 48);
INSERT INTO `tb_cart_detail` VALUES (1651, 169, 52);
INSERT INTO `tb_cart_detail` VALUES (1652, 169, 56);
INSERT INTO `tb_cart_detail` VALUES (1653, 169, 41);
INSERT INTO `tb_cart_detail` VALUES (1654, 170, 1);
INSERT INTO `tb_cart_detail` VALUES (1655, 170, 12);
INSERT INTO `tb_cart_detail` VALUES (1656, 170, 18);
INSERT INTO `tb_cart_detail` VALUES (1657, 170, 23);
INSERT INTO `tb_cart_detail` VALUES (1658, 170, 26);
INSERT INTO `tb_cart_detail` VALUES (1659, 170, 32);
INSERT INTO `tb_cart_detail` VALUES (1660, 170, 42);
INSERT INTO `tb_cart_detail` VALUES (1661, 170, 46);
INSERT INTO `tb_cart_detail` VALUES (1662, 170, 50);
INSERT INTO `tb_cart_detail` VALUES (1663, 170, 54);
INSERT INTO `tb_cart_detail` VALUES (1664, 170, 34);
INSERT INTO `tb_cart_detail` VALUES (1665, 171, 1);
INSERT INTO `tb_cart_detail` VALUES (1666, 171, 12);
INSERT INTO `tb_cart_detail` VALUES (1667, 171, 18);
INSERT INTO `tb_cart_detail` VALUES (1668, 171, 23);
INSERT INTO `tb_cart_detail` VALUES (1669, 171, 26);
INSERT INTO `tb_cart_detail` VALUES (1670, 171, 32);
INSERT INTO `tb_cart_detail` VALUES (1671, 171, 42);
INSERT INTO `tb_cart_detail` VALUES (1672, 171, 46);
INSERT INTO `tb_cart_detail` VALUES (1673, 171, 50);
INSERT INTO `tb_cart_detail` VALUES (1674, 171, 54);
INSERT INTO `tb_cart_detail` VALUES (1675, 171, 34);
INSERT INTO `tb_cart_detail` VALUES (1676, 172, 1);
INSERT INTO `tb_cart_detail` VALUES (1677, 172, 12);
INSERT INTO `tb_cart_detail` VALUES (1678, 172, 17);
INSERT INTO `tb_cart_detail` VALUES (1679, 172, 21);
INSERT INTO `tb_cart_detail` VALUES (1680, 172, 25);
INSERT INTO `tb_cart_detail` VALUES (1681, 172, 31);
INSERT INTO `tb_cart_detail` VALUES (1682, 172, 42);
INSERT INTO `tb_cart_detail` VALUES (1683, 172, 46);
INSERT INTO `tb_cart_detail` VALUES (1684, 172, 50);
INSERT INTO `tb_cart_detail` VALUES (1685, 172, 54);
INSERT INTO `tb_cart_detail` VALUES (1686, 172, 35);
INSERT INTO `tb_cart_detail` VALUES (1687, 172, 41);
INSERT INTO `tb_cart_detail` VALUES (1688, 173, 1);
INSERT INTO `tb_cart_detail` VALUES (1689, 173, 12);
INSERT INTO `tb_cart_detail` VALUES (1690, 173, 17);
INSERT INTO `tb_cart_detail` VALUES (1691, 173, 21);
INSERT INTO `tb_cart_detail` VALUES (1692, 173, 25);
INSERT INTO `tb_cart_detail` VALUES (1693, 173, 31);
INSERT INTO `tb_cart_detail` VALUES (1694, 173, 42);
INSERT INTO `tb_cart_detail` VALUES (1695, 173, 46);
INSERT INTO `tb_cart_detail` VALUES (1696, 173, 50);
INSERT INTO `tb_cart_detail` VALUES (1697, 173, 54);
INSERT INTO `tb_cart_detail` VALUES (1698, 173, 35);
INSERT INTO `tb_cart_detail` VALUES (1699, 173, 41);
INSERT INTO `tb_cart_detail` VALUES (1700, 174, 1);
INSERT INTO `tb_cart_detail` VALUES (1701, 174, 12);
INSERT INTO `tb_cart_detail` VALUES (1702, 174, 17);
INSERT INTO `tb_cart_detail` VALUES (1703, 174, 21);
INSERT INTO `tb_cart_detail` VALUES (1704, 174, 25);
INSERT INTO `tb_cart_detail` VALUES (1705, 174, 32);
INSERT INTO `tb_cart_detail` VALUES (1706, 174, 42);
INSERT INTO `tb_cart_detail` VALUES (1707, 174, 46);
INSERT INTO `tb_cart_detail` VALUES (1708, 174, 51);
INSERT INTO `tb_cart_detail` VALUES (1709, 174, 55);
INSERT INTO `tb_cart_detail` VALUES (1710, 174, 34);
INSERT INTO `tb_cart_detail` VALUES (1711, 174, 35);
INSERT INTO `tb_cart_detail` VALUES (1712, 174, 40);
INSERT INTO `tb_cart_detail` VALUES (1713, 174, 41);
INSERT INTO `tb_cart_detail` VALUES (1714, 175, 2);
INSERT INTO `tb_cart_detail` VALUES (1715, 175, 13);
INSERT INTO `tb_cart_detail` VALUES (1716, 175, 18);
INSERT INTO `tb_cart_detail` VALUES (1717, 175, 23);
INSERT INTO `tb_cart_detail` VALUES (1718, 175, 26);
INSERT INTO `tb_cart_detail` VALUES (1719, 175, 32);
INSERT INTO `tb_cart_detail` VALUES (1720, 175, 42);
INSERT INTO `tb_cart_detail` VALUES (1721, 175, 46);
INSERT INTO `tb_cart_detail` VALUES (1722, 175, 50);
INSERT INTO `tb_cart_detail` VALUES (1723, 175, 55);
INSERT INTO `tb_cart_detail` VALUES (1724, 175, 34);
INSERT INTO `tb_cart_detail` VALUES (1725, 175, 35);
INSERT INTO `tb_cart_detail` VALUES (1726, 176, 2);
INSERT INTO `tb_cart_detail` VALUES (1727, 176, 13);
INSERT INTO `tb_cart_detail` VALUES (1728, 176, 18);
INSERT INTO `tb_cart_detail` VALUES (1729, 176, 23);
INSERT INTO `tb_cart_detail` VALUES (1730, 176, 26);
INSERT INTO `tb_cart_detail` VALUES (1731, 176, 32);
INSERT INTO `tb_cart_detail` VALUES (1732, 176, 42);
INSERT INTO `tb_cart_detail` VALUES (1733, 176, 47);
INSERT INTO `tb_cart_detail` VALUES (1734, 176, 51);
INSERT INTO `tb_cart_detail` VALUES (1735, 176, 55);
INSERT INTO `tb_cart_detail` VALUES (1736, 176, 34);
INSERT INTO `tb_cart_detail` VALUES (1737, 176, 35);
INSERT INTO `tb_cart_detail` VALUES (1738, 177, 9);
INSERT INTO `tb_cart_detail` VALUES (1739, 177, 28);
INSERT INTO `tb_cart_detail` VALUES (1740, 177, 32);
INSERT INTO `tb_cart_detail` VALUES (1741, 177, 45);
INSERT INTO `tb_cart_detail` VALUES (1742, 177, 49);
INSERT INTO `tb_cart_detail` VALUES (1743, 177, 53);
INSERT INTO `tb_cart_detail` VALUES (1744, 177, 57);
INSERT INTO `tb_cart_detail` VALUES (1745, 177, 34);
INSERT INTO `tb_cart_detail` VALUES (1746, 177, 35);
INSERT INTO `tb_cart_detail` VALUES (1747, 177, 36);
INSERT INTO `tb_cart_detail` VALUES (1748, 177, 37);
INSERT INTO `tb_cart_detail` VALUES (1749, 177, 38);
INSERT INTO `tb_cart_detail` VALUES (1750, 177, 39);
INSERT INTO `tb_cart_detail` VALUES (1751, 177, 41);
INSERT INTO `tb_cart_detail` VALUES (1752, 178, 9);
INSERT INTO `tb_cart_detail` VALUES (1753, 178, 28);
INSERT INTO `tb_cart_detail` VALUES (1754, 178, 32);
INSERT INTO `tb_cart_detail` VALUES (1755, 178, 45);
INSERT INTO `tb_cart_detail` VALUES (1756, 178, 49);
INSERT INTO `tb_cart_detail` VALUES (1757, 178, 53);
INSERT INTO `tb_cart_detail` VALUES (1758, 178, 57);
INSERT INTO `tb_cart_detail` VALUES (1759, 178, 34);
INSERT INTO `tb_cart_detail` VALUES (1760, 178, 35);
INSERT INTO `tb_cart_detail` VALUES (1761, 178, 36);
INSERT INTO `tb_cart_detail` VALUES (1762, 178, 37);
INSERT INTO `tb_cart_detail` VALUES (1763, 178, 38);
INSERT INTO `tb_cart_detail` VALUES (1764, 178, 39);
INSERT INTO `tb_cart_detail` VALUES (1765, 178, 41);
INSERT INTO `tb_cart_detail` VALUES (1766, 179, 1);
INSERT INTO `tb_cart_detail` VALUES (1767, 179, 12);
INSERT INTO `tb_cart_detail` VALUES (1768, 179, 17);
INSERT INTO `tb_cart_detail` VALUES (1769, 179, 21);
INSERT INTO `tb_cart_detail` VALUES (1770, 179, 25);
INSERT INTO `tb_cart_detail` VALUES (1771, 179, 31);
INSERT INTO `tb_cart_detail` VALUES (1772, 179, 42);
INSERT INTO `tb_cart_detail` VALUES (1773, 179, 46);
INSERT INTO `tb_cart_detail` VALUES (1774, 179, 50);
INSERT INTO `tb_cart_detail` VALUES (1775, 179, 54);
INSERT INTO `tb_cart_detail` VALUES (1776, 179, 33);
INSERT INTO `tb_cart_detail` VALUES (1777, 179, 34);
INSERT INTO `tb_cart_detail` VALUES (1778, 179, 35);
INSERT INTO `tb_cart_detail` VALUES (1779, 179, 36);
INSERT INTO `tb_cart_detail` VALUES (1780, 179, 37);
INSERT INTO `tb_cart_detail` VALUES (1781, 179, 38);
INSERT INTO `tb_cart_detail` VALUES (1782, 179, 39);
INSERT INTO `tb_cart_detail` VALUES (1783, 179, 40);
INSERT INTO `tb_cart_detail` VALUES (1784, 179, 41);
INSERT INTO `tb_cart_detail` VALUES (1785, 180, 3);
INSERT INTO `tb_cart_detail` VALUES (1786, 180, 13);
INSERT INTO `tb_cart_detail` VALUES (1787, 180, 15);
INSERT INTO `tb_cart_detail` VALUES (1788, 180, 23);
INSERT INTO `tb_cart_detail` VALUES (1789, 180, 27);
INSERT INTO `tb_cart_detail` VALUES (1790, 180, 32);
INSERT INTO `tb_cart_detail` VALUES (1791, 180, 44);
INSERT INTO `tb_cart_detail` VALUES (1792, 180, 48);
INSERT INTO `tb_cart_detail` VALUES (1793, 180, 52);
INSERT INTO `tb_cart_detail` VALUES (1794, 180, 56);
INSERT INTO `tb_cart_detail` VALUES (1795, 180, 36);
INSERT INTO `tb_cart_detail` VALUES (1796, 180, 41);
INSERT INTO `tb_cart_detail` VALUES (1797, 181, 2);
INSERT INTO `tb_cart_detail` VALUES (1798, 181, 13);
INSERT INTO `tb_cart_detail` VALUES (1799, 181, 15);
INSERT INTO `tb_cart_detail` VALUES (1800, 181, 23);
INSERT INTO `tb_cart_detail` VALUES (1801, 181, 26);
INSERT INTO `tb_cart_detail` VALUES (1802, 181, 32);
INSERT INTO `tb_cart_detail` VALUES (1803, 181, 44);
INSERT INTO `tb_cart_detail` VALUES (1804, 181, 48);
INSERT INTO `tb_cart_detail` VALUES (1805, 181, 52);
INSERT INTO `tb_cart_detail` VALUES (1806, 181, 57);
INSERT INTO `tb_cart_detail` VALUES (1807, 181, 36);
INSERT INTO `tb_cart_detail` VALUES (1808, 181, 41);
INSERT INTO `tb_cart_detail` VALUES (1809, 182, 1);
INSERT INTO `tb_cart_detail` VALUES (1810, 182, 12);
INSERT INTO `tb_cart_detail` VALUES (1811, 182, 17);
INSERT INTO `tb_cart_detail` VALUES (1812, 182, 21);
INSERT INTO `tb_cart_detail` VALUES (1813, 182, 25);
INSERT INTO `tb_cart_detail` VALUES (1814, 182, 31);
INSERT INTO `tb_cart_detail` VALUES (1815, 182, 43);
INSERT INTO `tb_cart_detail` VALUES (1816, 182, 47);
INSERT INTO `tb_cart_detail` VALUES (1817, 182, 51);
INSERT INTO `tb_cart_detail` VALUES (1818, 182, 55);
INSERT INTO `tb_cart_detail` VALUES (1819, 182, 34);
INSERT INTO `tb_cart_detail` VALUES (1820, 182, 35);
INSERT INTO `tb_cart_detail` VALUES (1821, 182, 40);
INSERT INTO `tb_cart_detail` VALUES (1822, 182, 41);
INSERT INTO `tb_cart_detail` VALUES (1823, 183, 1);
INSERT INTO `tb_cart_detail` VALUES (1824, 183, 12);
INSERT INTO `tb_cart_detail` VALUES (1825, 183, 17);
INSERT INTO `tb_cart_detail` VALUES (1826, 183, 21);
INSERT INTO `tb_cart_detail` VALUES (1827, 183, 25);
INSERT INTO `tb_cart_detail` VALUES (1828, 183, 31);
INSERT INTO `tb_cart_detail` VALUES (1829, 183, 43);
INSERT INTO `tb_cart_detail` VALUES (1830, 183, 47);
INSERT INTO `tb_cart_detail` VALUES (1831, 183, 51);
INSERT INTO `tb_cart_detail` VALUES (1832, 183, 55);
INSERT INTO `tb_cart_detail` VALUES (1833, 183, 34);
INSERT INTO `tb_cart_detail` VALUES (1834, 183, 35);
INSERT INTO `tb_cart_detail` VALUES (1835, 183, 40);
INSERT INTO `tb_cart_detail` VALUES (1836, 183, 41);
INSERT INTO `tb_cart_detail` VALUES (1837, 184, 2);
INSERT INTO `tb_cart_detail` VALUES (1838, 184, 13);
INSERT INTO `tb_cart_detail` VALUES (1839, 184, 18);
INSERT INTO `tb_cart_detail` VALUES (1840, 184, 23);
INSERT INTO `tb_cart_detail` VALUES (1841, 184, 26);
INSERT INTO `tb_cart_detail` VALUES (1842, 184, 32);
INSERT INTO `tb_cart_detail` VALUES (1843, 184, 44);
INSERT INTO `tb_cart_detail` VALUES (1844, 184, 48);
INSERT INTO `tb_cart_detail` VALUES (1845, 184, 52);
INSERT INTO `tb_cart_detail` VALUES (1846, 184, 57);
INSERT INTO `tb_cart_detail` VALUES (1847, 184, 34);
INSERT INTO `tb_cart_detail` VALUES (1848, 184, 35);
INSERT INTO `tb_cart_detail` VALUES (1849, 184, 36);
INSERT INTO `tb_cart_detail` VALUES (1850, 184, 37);
INSERT INTO `tb_cart_detail` VALUES (1851, 184, 41);
INSERT INTO `tb_cart_detail` VALUES (1852, 185, 4);
INSERT INTO `tb_cart_detail` VALUES (1853, 185, 13);
INSERT INTO `tb_cart_detail` VALUES (1854, 185, 66);
INSERT INTO `tb_cart_detail` VALUES (1855, 185, 27);
INSERT INTO `tb_cart_detail` VALUES (1856, 185, 22);
INSERT INTO `tb_cart_detail` VALUES (1857, 185, 32);
INSERT INTO `tb_cart_detail` VALUES (1858, 185, 45);
INSERT INTO `tb_cart_detail` VALUES (1859, 185, 48);
INSERT INTO `tb_cart_detail` VALUES (1860, 185, 53);
INSERT INTO `tb_cart_detail` VALUES (1861, 185, 57);
INSERT INTO `tb_cart_detail` VALUES (1862, 185, 38);
INSERT INTO `tb_cart_detail` VALUES (1863, 186, 3);
INSERT INTO `tb_cart_detail` VALUES (1864, 186, 13);
INSERT INTO `tb_cart_detail` VALUES (1865, 186, 15);
INSERT INTO `tb_cart_detail` VALUES (1866, 186, 24);
INSERT INTO `tb_cart_detail` VALUES (1867, 186, 27);
INSERT INTO `tb_cart_detail` VALUES (1868, 186, 32);
INSERT INTO `tb_cart_detail` VALUES (1869, 186, 44);
INSERT INTO `tb_cart_detail` VALUES (1870, 186, 49);
INSERT INTO `tb_cart_detail` VALUES (1871, 186, 52);
INSERT INTO `tb_cart_detail` VALUES (1872, 186, 57);
INSERT INTO `tb_cart_detail` VALUES (1873, 186, 34);
INSERT INTO `tb_cart_detail` VALUES (1874, 186, 35);
INSERT INTO `tb_cart_detail` VALUES (1875, 186, 39);
INSERT INTO `tb_cart_detail` VALUES (1876, 186, 40);
INSERT INTO `tb_cart_detail` VALUES (1877, 187, 3);
INSERT INTO `tb_cart_detail` VALUES (1878, 187, 13);
INSERT INTO `tb_cart_detail` VALUES (1879, 187, 15);
INSERT INTO `tb_cart_detail` VALUES (1880, 187, 24);
INSERT INTO `tb_cart_detail` VALUES (1881, 187, 27);
INSERT INTO `tb_cart_detail` VALUES (1882, 187, 32);
INSERT INTO `tb_cart_detail` VALUES (1883, 187, 44);
INSERT INTO `tb_cart_detail` VALUES (1884, 187, 49);
INSERT INTO `tb_cart_detail` VALUES (1885, 187, 52);
INSERT INTO `tb_cart_detail` VALUES (1886, 187, 57);
INSERT INTO `tb_cart_detail` VALUES (1887, 187, 34);
INSERT INTO `tb_cart_detail` VALUES (1888, 187, 35);
INSERT INTO `tb_cart_detail` VALUES (1889, 187, 39);
INSERT INTO `tb_cart_detail` VALUES (1890, 187, 40);
INSERT INTO `tb_cart_detail` VALUES (1891, 188, 3);
INSERT INTO `tb_cart_detail` VALUES (1892, 188, 13);
INSERT INTO `tb_cart_detail` VALUES (1893, 188, 15);
INSERT INTO `tb_cart_detail` VALUES (1894, 188, 24);
INSERT INTO `tb_cart_detail` VALUES (1895, 188, 27);
INSERT INTO `tb_cart_detail` VALUES (1896, 188, 32);
INSERT INTO `tb_cart_detail` VALUES (1897, 188, 44);
INSERT INTO `tb_cart_detail` VALUES (1898, 188, 49);
INSERT INTO `tb_cart_detail` VALUES (1899, 188, 52);
INSERT INTO `tb_cart_detail` VALUES (1900, 188, 57);
INSERT INTO `tb_cart_detail` VALUES (1901, 188, 34);
INSERT INTO `tb_cart_detail` VALUES (1902, 188, 35);
INSERT INTO `tb_cart_detail` VALUES (1903, 188, 39);
INSERT INTO `tb_cart_detail` VALUES (1904, 188, 40);
INSERT INTO `tb_cart_detail` VALUES (1905, 189, 1);
INSERT INTO `tb_cart_detail` VALUES (1906, 189, 12);
INSERT INTO `tb_cart_detail` VALUES (1907, 189, 17);
INSERT INTO `tb_cart_detail` VALUES (1908, 189, 21);
INSERT INTO `tb_cart_detail` VALUES (1909, 189, 25);
INSERT INTO `tb_cart_detail` VALUES (1910, 189, 32);
INSERT INTO `tb_cart_detail` VALUES (1911, 189, 43);
INSERT INTO `tb_cart_detail` VALUES (1912, 189, 47);
INSERT INTO `tb_cart_detail` VALUES (1913, 189, 51);
INSERT INTO `tb_cart_detail` VALUES (1914, 189, 54);
INSERT INTO `tb_cart_detail` VALUES (1915, 189, 34);
INSERT INTO `tb_cart_detail` VALUES (1916, 189, 40);
INSERT INTO `tb_cart_detail` VALUES (1917, 190, 1);
INSERT INTO `tb_cart_detail` VALUES (1918, 190, 13);
INSERT INTO `tb_cart_detail` VALUES (1919, 190, 17);
INSERT INTO `tb_cart_detail` VALUES (1920, 190, 23);
INSERT INTO `tb_cart_detail` VALUES (1921, 190, 25);
INSERT INTO `tb_cart_detail` VALUES (1922, 190, 31);
INSERT INTO `tb_cart_detail` VALUES (1923, 190, 42);
INSERT INTO `tb_cart_detail` VALUES (1924, 190, 47);
INSERT INTO `tb_cart_detail` VALUES (1925, 190, 50);
INSERT INTO `tb_cart_detail` VALUES (1926, 190, 55);
INSERT INTO `tb_cart_detail` VALUES (1927, 190, 34);
INSERT INTO `tb_cart_detail` VALUES (1928, 190, 41);
INSERT INTO `tb_cart_detail` VALUES (1929, 191, 1);
INSERT INTO `tb_cart_detail` VALUES (1930, 191, 12);
INSERT INTO `tb_cart_detail` VALUES (1931, 191, 17);
INSERT INTO `tb_cart_detail` VALUES (1932, 191, 21);
INSERT INTO `tb_cart_detail` VALUES (1933, 191, 25);
INSERT INTO `tb_cart_detail` VALUES (1934, 191, 31);
INSERT INTO `tb_cart_detail` VALUES (1935, 191, 42);
INSERT INTO `tb_cart_detail` VALUES (1936, 191, 46);
INSERT INTO `tb_cart_detail` VALUES (1937, 191, 51);
INSERT INTO `tb_cart_detail` VALUES (1938, 191, 55);
INSERT INTO `tb_cart_detail` VALUES (1939, 191, 33);
INSERT INTO `tb_cart_detail` VALUES (1940, 191, 40);
INSERT INTO `tb_cart_detail` VALUES (1941, 192, 11);
INSERT INTO `tb_cart_detail` VALUES (1942, 192, 28);
INSERT INTO `tb_cart_detail` VALUES (1943, 192, 32);
INSERT INTO `tb_cart_detail` VALUES (1944, 192, 44);
INSERT INTO `tb_cart_detail` VALUES (1945, 192, 48);
INSERT INTO `tb_cart_detail` VALUES (1946, 192, 52);
INSERT INTO `tb_cart_detail` VALUES (1947, 192, 56);
INSERT INTO `tb_cart_detail` VALUES (1948, 193, 1);
INSERT INTO `tb_cart_detail` VALUES (1949, 193, 13);
INSERT INTO `tb_cart_detail` VALUES (1950, 193, 15);
INSERT INTO `tb_cart_detail` VALUES (1951, 193, 23);
INSERT INTO `tb_cart_detail` VALUES (1952, 193, 27);
INSERT INTO `tb_cart_detail` VALUES (1953, 193, 31);
INSERT INTO `tb_cart_detail` VALUES (1954, 193, 44);
INSERT INTO `tb_cart_detail` VALUES (1955, 193, 46);
INSERT INTO `tb_cart_detail` VALUES (1956, 193, 50);
INSERT INTO `tb_cart_detail` VALUES (1957, 193, 54);
INSERT INTO `tb_cart_detail` VALUES (1958, 193, 33);
INSERT INTO `tb_cart_detail` VALUES (1959, 194, 2);
INSERT INTO `tb_cart_detail` VALUES (1960, 194, 13);
INSERT INTO `tb_cart_detail` VALUES (1961, 194, 16);
INSERT INTO `tb_cart_detail` VALUES (1962, 194, 23);
INSERT INTO `tb_cart_detail` VALUES (1963, 194, 26);
INSERT INTO `tb_cart_detail` VALUES (1964, 194, 32);
INSERT INTO `tb_cart_detail` VALUES (1965, 194, 44);
INSERT INTO `tb_cart_detail` VALUES (1966, 194, 48);
INSERT INTO `tb_cart_detail` VALUES (1967, 194, 52);
INSERT INTO `tb_cart_detail` VALUES (1968, 194, 55);
INSERT INTO `tb_cart_detail` VALUES (1969, 194, 33);
INSERT INTO `tb_cart_detail` VALUES (1970, 194, 34);
INSERT INTO `tb_cart_detail` VALUES (1971, 194, 35);
INSERT INTO `tb_cart_detail` VALUES (1972, 194, 36);
INSERT INTO `tb_cart_detail` VALUES (1973, 194, 39);
INSERT INTO `tb_cart_detail` VALUES (1974, 194, 40);
INSERT INTO `tb_cart_detail` VALUES (1975, 194, 41);
INSERT INTO `tb_cart_detail` VALUES (1976, 195, 2);
INSERT INTO `tb_cart_detail` VALUES (1977, 195, 13);
INSERT INTO `tb_cart_detail` VALUES (1978, 195, 18);
INSERT INTO `tb_cart_detail` VALUES (1979, 195, 23);
INSERT INTO `tb_cart_detail` VALUES (1980, 195, 27);
INSERT INTO `tb_cart_detail` VALUES (1981, 195, 32);
INSERT INTO `tb_cart_detail` VALUES (1982, 195, 44);
INSERT INTO `tb_cart_detail` VALUES (1983, 195, 47);
INSERT INTO `tb_cart_detail` VALUES (1984, 195, 52);
INSERT INTO `tb_cart_detail` VALUES (1985, 195, 56);
INSERT INTO `tb_cart_detail` VALUES (1986, 195, 34);
INSERT INTO `tb_cart_detail` VALUES (1987, 195, 35);
INSERT INTO `tb_cart_detail` VALUES (1988, 195, 36);
INSERT INTO `tb_cart_detail` VALUES (1989, 195, 40);
INSERT INTO `tb_cart_detail` VALUES (1990, 195, 41);
INSERT INTO `tb_cart_detail` VALUES (1991, 196, 2);
INSERT INTO `tb_cart_detail` VALUES (1992, 196, 13);
INSERT INTO `tb_cart_detail` VALUES (1993, 196, 16);
INSERT INTO `tb_cart_detail` VALUES (1994, 196, 23);
INSERT INTO `tb_cart_detail` VALUES (1995, 196, 26);
INSERT INTO `tb_cart_detail` VALUES (1996, 196, 32);
INSERT INTO `tb_cart_detail` VALUES (1997, 196, 44);
INSERT INTO `tb_cart_detail` VALUES (1998, 196, 48);
INSERT INTO `tb_cart_detail` VALUES (1999, 196, 52);
INSERT INTO `tb_cart_detail` VALUES (2000, 196, 55);
INSERT INTO `tb_cart_detail` VALUES (2001, 196, 33);
INSERT INTO `tb_cart_detail` VALUES (2002, 196, 34);
INSERT INTO `tb_cart_detail` VALUES (2003, 196, 35);
INSERT INTO `tb_cart_detail` VALUES (2004, 196, 36);
INSERT INTO `tb_cart_detail` VALUES (2005, 196, 39);
INSERT INTO `tb_cart_detail` VALUES (2006, 196, 40);
INSERT INTO `tb_cart_detail` VALUES (2007, 196, 41);
INSERT INTO `tb_cart_detail` VALUES (2008, 197, 2);
INSERT INTO `tb_cart_detail` VALUES (2009, 197, 13);
INSERT INTO `tb_cart_detail` VALUES (2010, 197, 18);
INSERT INTO `tb_cart_detail` VALUES (2011, 197, 23);
INSERT INTO `tb_cart_detail` VALUES (2012, 197, 27);
INSERT INTO `tb_cart_detail` VALUES (2013, 197, 32);
INSERT INTO `tb_cart_detail` VALUES (2014, 197, 44);
INSERT INTO `tb_cart_detail` VALUES (2015, 197, 47);
INSERT INTO `tb_cart_detail` VALUES (2016, 197, 52);
INSERT INTO `tb_cart_detail` VALUES (2017, 197, 56);
INSERT INTO `tb_cart_detail` VALUES (2018, 197, 34);
INSERT INTO `tb_cart_detail` VALUES (2019, 197, 35);
INSERT INTO `tb_cart_detail` VALUES (2020, 197, 36);
INSERT INTO `tb_cart_detail` VALUES (2021, 197, 40);
INSERT INTO `tb_cart_detail` VALUES (2022, 197, 41);
INSERT INTO `tb_cart_detail` VALUES (2023, 198, 2);
INSERT INTO `tb_cart_detail` VALUES (2024, 198, 13);
INSERT INTO `tb_cart_detail` VALUES (2025, 198, 18);
INSERT INTO `tb_cart_detail` VALUES (2026, 198, 23);
INSERT INTO `tb_cart_detail` VALUES (2027, 198, 25);
INSERT INTO `tb_cart_detail` VALUES (2028, 198, 32);
INSERT INTO `tb_cart_detail` VALUES (2029, 198, 44);
INSERT INTO `tb_cart_detail` VALUES (2030, 198, 48);
INSERT INTO `tb_cart_detail` VALUES (2031, 198, 51);
INSERT INTO `tb_cart_detail` VALUES (2032, 198, 56);
INSERT INTO `tb_cart_detail` VALUES (2033, 198, 33);
INSERT INTO `tb_cart_detail` VALUES (2034, 198, 34);
INSERT INTO `tb_cart_detail` VALUES (2035, 198, 35);
INSERT INTO `tb_cart_detail` VALUES (2036, 198, 36);
INSERT INTO `tb_cart_detail` VALUES (2037, 198, 40);
INSERT INTO `tb_cart_detail` VALUES (2038, 198, 41);
INSERT INTO `tb_cart_detail` VALUES (2039, 199, 2);
INSERT INTO `tb_cart_detail` VALUES (2040, 199, 13);
INSERT INTO `tb_cart_detail` VALUES (2041, 199, 16);
INSERT INTO `tb_cart_detail` VALUES (2042, 199, 23);
INSERT INTO `tb_cart_detail` VALUES (2043, 199, 26);
INSERT INTO `tb_cart_detail` VALUES (2044, 199, 32);
INSERT INTO `tb_cart_detail` VALUES (2045, 199, 44);
INSERT INTO `tb_cart_detail` VALUES (2046, 199, 48);
INSERT INTO `tb_cart_detail` VALUES (2047, 199, 52);
INSERT INTO `tb_cart_detail` VALUES (2048, 199, 55);
INSERT INTO `tb_cart_detail` VALUES (2049, 199, 33);
INSERT INTO `tb_cart_detail` VALUES (2050, 199, 34);
INSERT INTO `tb_cart_detail` VALUES (2051, 199, 35);
INSERT INTO `tb_cart_detail` VALUES (2052, 199, 36);
INSERT INTO `tb_cart_detail` VALUES (2053, 199, 39);
INSERT INTO `tb_cart_detail` VALUES (2054, 199, 40);
INSERT INTO `tb_cart_detail` VALUES (2055, 199, 41);
INSERT INTO `tb_cart_detail` VALUES (2056, 200, 2);
INSERT INTO `tb_cart_detail` VALUES (2057, 200, 13);
INSERT INTO `tb_cart_detail` VALUES (2058, 200, 18);
INSERT INTO `tb_cart_detail` VALUES (2059, 200, 23);
INSERT INTO `tb_cart_detail` VALUES (2060, 200, 27);
INSERT INTO `tb_cart_detail` VALUES (2061, 200, 32);
INSERT INTO `tb_cart_detail` VALUES (2062, 200, 44);
INSERT INTO `tb_cart_detail` VALUES (2063, 200, 47);
INSERT INTO `tb_cart_detail` VALUES (2064, 200, 52);
INSERT INTO `tb_cart_detail` VALUES (2065, 200, 56);
INSERT INTO `tb_cart_detail` VALUES (2066, 200, 34);
INSERT INTO `tb_cart_detail` VALUES (2067, 200, 35);
INSERT INTO `tb_cart_detail` VALUES (2068, 200, 36);
INSERT INTO `tb_cart_detail` VALUES (2069, 200, 40);
INSERT INTO `tb_cart_detail` VALUES (2070, 200, 41);
INSERT INTO `tb_cart_detail` VALUES (2071, 201, 2);
INSERT INTO `tb_cart_detail` VALUES (2072, 201, 13);
INSERT INTO `tb_cart_detail` VALUES (2073, 201, 18);
INSERT INTO `tb_cart_detail` VALUES (2074, 201, 23);
INSERT INTO `tb_cart_detail` VALUES (2075, 201, 25);
INSERT INTO `tb_cart_detail` VALUES (2076, 201, 32);
INSERT INTO `tb_cart_detail` VALUES (2077, 201, 44);
INSERT INTO `tb_cart_detail` VALUES (2078, 201, 48);
INSERT INTO `tb_cart_detail` VALUES (2079, 201, 51);
INSERT INTO `tb_cart_detail` VALUES (2080, 201, 56);
INSERT INTO `tb_cart_detail` VALUES (2081, 201, 33);
INSERT INTO `tb_cart_detail` VALUES (2082, 201, 34);
INSERT INTO `tb_cart_detail` VALUES (2083, 201, 35);
INSERT INTO `tb_cart_detail` VALUES (2084, 201, 36);
INSERT INTO `tb_cart_detail` VALUES (2085, 201, 40);
INSERT INTO `tb_cart_detail` VALUES (2086, 201, 41);
INSERT INTO `tb_cart_detail` VALUES (2087, 202, 2);
INSERT INTO `tb_cart_detail` VALUES (2088, 202, 13);
INSERT INTO `tb_cart_detail` VALUES (2089, 202, 15);
INSERT INTO `tb_cart_detail` VALUES (2090, 202, 21);
INSERT INTO `tb_cart_detail` VALUES (2091, 202, 28);
INSERT INTO `tb_cart_detail` VALUES (2092, 202, 31);
INSERT INTO `tb_cart_detail` VALUES (2093, 202, 44);
INSERT INTO `tb_cart_detail` VALUES (2094, 202, 47);
INSERT INTO `tb_cart_detail` VALUES (2095, 202, 52);
INSERT INTO `tb_cart_detail` VALUES (2096, 202, 56);
INSERT INTO `tb_cart_detail` VALUES (2097, 202, 33);
INSERT INTO `tb_cart_detail` VALUES (2098, 202, 34);
INSERT INTO `tb_cart_detail` VALUES (2099, 202, 35);
INSERT INTO `tb_cart_detail` VALUES (2100, 202, 36);
INSERT INTO `tb_cart_detail` VALUES (2101, 202, 63);
INSERT INTO `tb_cart_detail` VALUES (2102, 202, 39);
INSERT INTO `tb_cart_detail` VALUES (2103, 202, 40);
INSERT INTO `tb_cart_detail` VALUES (2104, 202, 41);
INSERT INTO `tb_cart_detail` VALUES (2105, 203, 2);
INSERT INTO `tb_cart_detail` VALUES (2106, 203, 13);
INSERT INTO `tb_cart_detail` VALUES (2107, 203, 16);
INSERT INTO `tb_cart_detail` VALUES (2108, 203, 23);
INSERT INTO `tb_cart_detail` VALUES (2109, 203, 26);
INSERT INTO `tb_cart_detail` VALUES (2110, 203, 32);
INSERT INTO `tb_cart_detail` VALUES (2111, 203, 44);
INSERT INTO `tb_cart_detail` VALUES (2112, 203, 48);
INSERT INTO `tb_cart_detail` VALUES (2113, 203, 52);
INSERT INTO `tb_cart_detail` VALUES (2114, 203, 55);
INSERT INTO `tb_cart_detail` VALUES (2115, 203, 33);
INSERT INTO `tb_cart_detail` VALUES (2116, 203, 34);
INSERT INTO `tb_cart_detail` VALUES (2117, 203, 35);
INSERT INTO `tb_cart_detail` VALUES (2118, 203, 36);
INSERT INTO `tb_cart_detail` VALUES (2119, 203, 39);
INSERT INTO `tb_cart_detail` VALUES (2120, 203, 40);
INSERT INTO `tb_cart_detail` VALUES (2121, 203, 41);
INSERT INTO `tb_cart_detail` VALUES (2122, 204, 2);
INSERT INTO `tb_cart_detail` VALUES (2123, 204, 13);
INSERT INTO `tb_cart_detail` VALUES (2124, 204, 18);
INSERT INTO `tb_cart_detail` VALUES (2125, 204, 23);
INSERT INTO `tb_cart_detail` VALUES (2126, 204, 27);
INSERT INTO `tb_cart_detail` VALUES (2127, 204, 32);
INSERT INTO `tb_cart_detail` VALUES (2128, 204, 44);
INSERT INTO `tb_cart_detail` VALUES (2129, 204, 47);
INSERT INTO `tb_cart_detail` VALUES (2130, 204, 52);
INSERT INTO `tb_cart_detail` VALUES (2131, 204, 56);
INSERT INTO `tb_cart_detail` VALUES (2132, 204, 34);
INSERT INTO `tb_cart_detail` VALUES (2133, 204, 35);
INSERT INTO `tb_cart_detail` VALUES (2134, 204, 36);
INSERT INTO `tb_cart_detail` VALUES (2135, 204, 40);
INSERT INTO `tb_cart_detail` VALUES (2136, 204, 41);
INSERT INTO `tb_cart_detail` VALUES (2137, 205, 2);
INSERT INTO `tb_cart_detail` VALUES (2138, 205, 13);
INSERT INTO `tb_cart_detail` VALUES (2139, 205, 18);
INSERT INTO `tb_cart_detail` VALUES (2140, 205, 23);
INSERT INTO `tb_cart_detail` VALUES (2141, 205, 25);
INSERT INTO `tb_cart_detail` VALUES (2142, 205, 32);
INSERT INTO `tb_cart_detail` VALUES (2143, 205, 44);
INSERT INTO `tb_cart_detail` VALUES (2144, 205, 48);
INSERT INTO `tb_cart_detail` VALUES (2145, 205, 51);
INSERT INTO `tb_cart_detail` VALUES (2146, 205, 56);
INSERT INTO `tb_cart_detail` VALUES (2147, 205, 33);
INSERT INTO `tb_cart_detail` VALUES (2148, 205, 34);
INSERT INTO `tb_cart_detail` VALUES (2149, 205, 35);
INSERT INTO `tb_cart_detail` VALUES (2150, 205, 36);
INSERT INTO `tb_cart_detail` VALUES (2151, 205, 40);
INSERT INTO `tb_cart_detail` VALUES (2152, 205, 41);
INSERT INTO `tb_cart_detail` VALUES (2153, 206, 2);
INSERT INTO `tb_cart_detail` VALUES (2154, 206, 13);
INSERT INTO `tb_cart_detail` VALUES (2155, 206, 15);
INSERT INTO `tb_cart_detail` VALUES (2156, 206, 21);
INSERT INTO `tb_cart_detail` VALUES (2157, 206, 28);
INSERT INTO `tb_cart_detail` VALUES (2158, 206, 31);
INSERT INTO `tb_cart_detail` VALUES (2159, 206, 44);
INSERT INTO `tb_cart_detail` VALUES (2160, 206, 47);
INSERT INTO `tb_cart_detail` VALUES (2161, 206, 52);
INSERT INTO `tb_cart_detail` VALUES (2162, 206, 56);
INSERT INTO `tb_cart_detail` VALUES (2163, 206, 33);
INSERT INTO `tb_cart_detail` VALUES (2164, 206, 34);
INSERT INTO `tb_cart_detail` VALUES (2165, 206, 35);
INSERT INTO `tb_cart_detail` VALUES (2166, 206, 36);
INSERT INTO `tb_cart_detail` VALUES (2167, 206, 63);
INSERT INTO `tb_cart_detail` VALUES (2168, 206, 39);
INSERT INTO `tb_cart_detail` VALUES (2169, 206, 40);
INSERT INTO `tb_cart_detail` VALUES (2170, 206, 41);
INSERT INTO `tb_cart_detail` VALUES (2171, 207, 1);
INSERT INTO `tb_cart_detail` VALUES (2172, 207, 12);
INSERT INTO `tb_cart_detail` VALUES (2173, 207, 17);
INSERT INTO `tb_cart_detail` VALUES (2174, 207, 21);
INSERT INTO `tb_cart_detail` VALUES (2175, 207, 25);
INSERT INTO `tb_cart_detail` VALUES (2176, 207, 31);
INSERT INTO `tb_cart_detail` VALUES (2177, 207, 42);
INSERT INTO `tb_cart_detail` VALUES (2178, 207, 46);
INSERT INTO `tb_cart_detail` VALUES (2179, 207, 50);
INSERT INTO `tb_cart_detail` VALUES (2180, 207, 54);
INSERT INTO `tb_cart_detail` VALUES (2181, 207, 33);
INSERT INTO `tb_cart_detail` VALUES (2182, 207, 40);
INSERT INTO `tb_cart_detail` VALUES (2183, 207, 41);
INSERT INTO `tb_cart_detail` VALUES (2184, 208, 1);
INSERT INTO `tb_cart_detail` VALUES (2185, 208, 12);
INSERT INTO `tb_cart_detail` VALUES (2186, 208, 17);
INSERT INTO `tb_cart_detail` VALUES (2187, 208, 21);
INSERT INTO `tb_cart_detail` VALUES (2188, 208, 25);
INSERT INTO `tb_cart_detail` VALUES (2189, 208, 31);
INSERT INTO `tb_cart_detail` VALUES (2190, 208, 42);
INSERT INTO `tb_cart_detail` VALUES (2191, 208, 46);
INSERT INTO `tb_cart_detail` VALUES (2192, 208, 50);
INSERT INTO `tb_cart_detail` VALUES (2193, 208, 54);
INSERT INTO `tb_cart_detail` VALUES (2194, 209, 2);
INSERT INTO `tb_cart_detail` VALUES (2195, 209, 13);
INSERT INTO `tb_cart_detail` VALUES (2196, 209, 16);
INSERT INTO `tb_cart_detail` VALUES (2197, 209, 23);
INSERT INTO `tb_cart_detail` VALUES (2198, 209, 26);
INSERT INTO `tb_cart_detail` VALUES (2199, 209, 32);
INSERT INTO `tb_cart_detail` VALUES (2200, 209, 44);
INSERT INTO `tb_cart_detail` VALUES (2201, 209, 48);
INSERT INTO `tb_cart_detail` VALUES (2202, 209, 52);
INSERT INTO `tb_cart_detail` VALUES (2203, 209, 55);
INSERT INTO `tb_cart_detail` VALUES (2204, 209, 33);
INSERT INTO `tb_cart_detail` VALUES (2205, 209, 34);
INSERT INTO `tb_cart_detail` VALUES (2206, 209, 35);
INSERT INTO `tb_cart_detail` VALUES (2207, 209, 36);
INSERT INTO `tb_cart_detail` VALUES (2208, 209, 39);
INSERT INTO `tb_cart_detail` VALUES (2209, 209, 40);
INSERT INTO `tb_cart_detail` VALUES (2210, 209, 41);
INSERT INTO `tb_cart_detail` VALUES (2211, 210, 2);
INSERT INTO `tb_cart_detail` VALUES (2212, 210, 13);
INSERT INTO `tb_cart_detail` VALUES (2213, 210, 18);
INSERT INTO `tb_cart_detail` VALUES (2214, 210, 23);
INSERT INTO `tb_cart_detail` VALUES (2215, 210, 27);
INSERT INTO `tb_cart_detail` VALUES (2216, 210, 32);
INSERT INTO `tb_cart_detail` VALUES (2217, 210, 44);
INSERT INTO `tb_cart_detail` VALUES (2218, 210, 47);
INSERT INTO `tb_cart_detail` VALUES (2219, 210, 52);
INSERT INTO `tb_cart_detail` VALUES (2220, 210, 56);
INSERT INTO `tb_cart_detail` VALUES (2221, 210, 34);
INSERT INTO `tb_cart_detail` VALUES (2222, 210, 35);
INSERT INTO `tb_cart_detail` VALUES (2223, 210, 36);
INSERT INTO `tb_cart_detail` VALUES (2224, 210, 40);
INSERT INTO `tb_cart_detail` VALUES (2225, 210, 41);
INSERT INTO `tb_cart_detail` VALUES (2226, 211, 2);
INSERT INTO `tb_cart_detail` VALUES (2227, 211, 13);
INSERT INTO `tb_cart_detail` VALUES (2228, 211, 18);
INSERT INTO `tb_cart_detail` VALUES (2229, 211, 23);
INSERT INTO `tb_cart_detail` VALUES (2230, 211, 25);
INSERT INTO `tb_cart_detail` VALUES (2231, 211, 32);
INSERT INTO `tb_cart_detail` VALUES (2232, 211, 44);
INSERT INTO `tb_cart_detail` VALUES (2233, 211, 48);
INSERT INTO `tb_cart_detail` VALUES (2234, 211, 51);
INSERT INTO `tb_cart_detail` VALUES (2235, 211, 56);
INSERT INTO `tb_cart_detail` VALUES (2236, 211, 33);
INSERT INTO `tb_cart_detail` VALUES (2237, 211, 34);
INSERT INTO `tb_cart_detail` VALUES (2238, 211, 35);
INSERT INTO `tb_cart_detail` VALUES (2239, 211, 36);
INSERT INTO `tb_cart_detail` VALUES (2240, 211, 40);
INSERT INTO `tb_cart_detail` VALUES (2241, 211, 41);
INSERT INTO `tb_cart_detail` VALUES (2242, 212, 2);
INSERT INTO `tb_cart_detail` VALUES (2243, 212, 13);
INSERT INTO `tb_cart_detail` VALUES (2244, 212, 15);
INSERT INTO `tb_cart_detail` VALUES (2245, 212, 21);
INSERT INTO `tb_cart_detail` VALUES (2246, 212, 28);
INSERT INTO `tb_cart_detail` VALUES (2247, 212, 31);
INSERT INTO `tb_cart_detail` VALUES (2248, 212, 44);
INSERT INTO `tb_cart_detail` VALUES (2249, 212, 47);
INSERT INTO `tb_cart_detail` VALUES (2250, 212, 52);
INSERT INTO `tb_cart_detail` VALUES (2251, 212, 56);
INSERT INTO `tb_cart_detail` VALUES (2252, 212, 33);
INSERT INTO `tb_cart_detail` VALUES (2253, 212, 34);
INSERT INTO `tb_cart_detail` VALUES (2254, 212, 35);
INSERT INTO `tb_cart_detail` VALUES (2255, 212, 36);
INSERT INTO `tb_cart_detail` VALUES (2256, 212, 63);
INSERT INTO `tb_cart_detail` VALUES (2257, 212, 39);
INSERT INTO `tb_cart_detail` VALUES (2258, 212, 40);
INSERT INTO `tb_cart_detail` VALUES (2259, 212, 41);
INSERT INTO `tb_cart_detail` VALUES (2260, 213, 2);
INSERT INTO `tb_cart_detail` VALUES (2261, 213, 13);
INSERT INTO `tb_cart_detail` VALUES (2262, 213, 15);
INSERT INTO `tb_cart_detail` VALUES (2263, 213, 23);
INSERT INTO `tb_cart_detail` VALUES (2264, 213, 27);
INSERT INTO `tb_cart_detail` VALUES (2265, 213, 32);
INSERT INTO `tb_cart_detail` VALUES (2266, 213, 42);
INSERT INTO `tb_cart_detail` VALUES (2267, 213, 47);
INSERT INTO `tb_cart_detail` VALUES (2268, 213, 52);
INSERT INTO `tb_cart_detail` VALUES (2269, 213, 55);
INSERT INTO `tb_cart_detail` VALUES (2270, 213, 34);
INSERT INTO `tb_cart_detail` VALUES (2271, 213, 35);
INSERT INTO `tb_cart_detail` VALUES (2272, 213, 63);
INSERT INTO `tb_cart_detail` VALUES (2273, 213, 39);
INSERT INTO `tb_cart_detail` VALUES (2274, 213, 40);
INSERT INTO `tb_cart_detail` VALUES (2275, 214, 1);
INSERT INTO `tb_cart_detail` VALUES (2276, 214, 12);
INSERT INTO `tb_cart_detail` VALUES (2277, 214, 17);
INSERT INTO `tb_cart_detail` VALUES (2278, 214, 21);
INSERT INTO `tb_cart_detail` VALUES (2279, 214, 25);
INSERT INTO `tb_cart_detail` VALUES (2280, 214, 31);
INSERT INTO `tb_cart_detail` VALUES (2281, 214, 42);
INSERT INTO `tb_cart_detail` VALUES (2282, 214, 46);
INSERT INTO `tb_cart_detail` VALUES (2283, 214, 50);
INSERT INTO `tb_cart_detail` VALUES (2284, 214, 54);
INSERT INTO `tb_cart_detail` VALUES (2285, 214, 33);
INSERT INTO `tb_cart_detail` VALUES (2286, 214, 40);
INSERT INTO `tb_cart_detail` VALUES (2287, 214, 41);
INSERT INTO `tb_cart_detail` VALUES (2288, 215, 1);
INSERT INTO `tb_cart_detail` VALUES (2289, 215, 12);
INSERT INTO `tb_cart_detail` VALUES (2290, 215, 17);
INSERT INTO `tb_cart_detail` VALUES (2291, 215, 21);
INSERT INTO `tb_cart_detail` VALUES (2292, 215, 25);
INSERT INTO `tb_cart_detail` VALUES (2293, 215, 31);
INSERT INTO `tb_cart_detail` VALUES (2294, 215, 42);
INSERT INTO `tb_cart_detail` VALUES (2295, 215, 46);
INSERT INTO `tb_cart_detail` VALUES (2296, 215, 50);
INSERT INTO `tb_cart_detail` VALUES (2297, 215, 54);
INSERT INTO `tb_cart_detail` VALUES (2298, 216, 1);
INSERT INTO `tb_cart_detail` VALUES (2299, 216, 12);
INSERT INTO `tb_cart_detail` VALUES (2300, 216, 17);
INSERT INTO `tb_cart_detail` VALUES (2301, 216, 21);
INSERT INTO `tb_cart_detail` VALUES (2302, 216, 25);
INSERT INTO `tb_cart_detail` VALUES (2303, 216, 31);
INSERT INTO `tb_cart_detail` VALUES (2304, 216, 42);
INSERT INTO `tb_cart_detail` VALUES (2305, 216, 46);
INSERT INTO `tb_cart_detail` VALUES (2306, 216, 50);
INSERT INTO `tb_cart_detail` VALUES (2307, 216, 54);
INSERT INTO `tb_cart_detail` VALUES (2308, 216, 33);
INSERT INTO `tb_cart_detail` VALUES (2309, 217, 1);
INSERT INTO `tb_cart_detail` VALUES (2310, 217, 12);
INSERT INTO `tb_cart_detail` VALUES (2311, 217, 17);
INSERT INTO `tb_cart_detail` VALUES (2312, 217, 21);
INSERT INTO `tb_cart_detail` VALUES (2313, 217, 25);
INSERT INTO `tb_cart_detail` VALUES (2314, 217, 31);
INSERT INTO `tb_cart_detail` VALUES (2315, 217, 42);
INSERT INTO `tb_cart_detail` VALUES (2316, 217, 46);
INSERT INTO `tb_cart_detail` VALUES (2317, 217, 50);
INSERT INTO `tb_cart_detail` VALUES (2318, 217, 54);
INSERT INTO `tb_cart_detail` VALUES (2319, 217, 33);
INSERT INTO `tb_cart_detail` VALUES (2320, 218, 1);
INSERT INTO `tb_cart_detail` VALUES (2321, 218, 12);
INSERT INTO `tb_cart_detail` VALUES (2322, 218, 17);
INSERT INTO `tb_cart_detail` VALUES (2323, 218, 21);
INSERT INTO `tb_cart_detail` VALUES (2324, 218, 25);
INSERT INTO `tb_cart_detail` VALUES (2325, 218, 31);
INSERT INTO `tb_cart_detail` VALUES (2326, 218, 42);
INSERT INTO `tb_cart_detail` VALUES (2327, 218, 46);
INSERT INTO `tb_cart_detail` VALUES (2328, 218, 50);
INSERT INTO `tb_cart_detail` VALUES (2329, 218, 54);
INSERT INTO `tb_cart_detail` VALUES (2330, 218, 33);
INSERT INTO `tb_cart_detail` VALUES (2331, 219, 1);
INSERT INTO `tb_cart_detail` VALUES (2332, 219, 12);
INSERT INTO `tb_cart_detail` VALUES (2333, 219, 17);
INSERT INTO `tb_cart_detail` VALUES (2334, 219, 21);
INSERT INTO `tb_cart_detail` VALUES (2335, 219, 25);
INSERT INTO `tb_cart_detail` VALUES (2336, 219, 31);
INSERT INTO `tb_cart_detail` VALUES (2337, 219, 42);
INSERT INTO `tb_cart_detail` VALUES (2338, 219, 46);
INSERT INTO `tb_cart_detail` VALUES (2339, 219, 50);
INSERT INTO `tb_cart_detail` VALUES (2340, 219, 54);
INSERT INTO `tb_cart_detail` VALUES (2341, 219, 33);
INSERT INTO `tb_cart_detail` VALUES (2342, 220, 10);
INSERT INTO `tb_cart_detail` VALUES (2343, 220, 28);
INSERT INTO `tb_cart_detail` VALUES (2344, 220, 31);
INSERT INTO `tb_cart_detail` VALUES (2345, 220, 42);
INSERT INTO `tb_cart_detail` VALUES (2346, 220, 47);
INSERT INTO `tb_cart_detail` VALUES (2347, 220, 50);
INSERT INTO `tb_cart_detail` VALUES (2348, 220, 54);
INSERT INTO `tb_cart_detail` VALUES (2349, 220, 35);
INSERT INTO `tb_cart_detail` VALUES (2350, 220, 37);
INSERT INTO `tb_cart_detail` VALUES (2351, 221, 2);
INSERT INTO `tb_cart_detail` VALUES (2352, 221, 13);
INSERT INTO `tb_cart_detail` VALUES (2353, 221, 16);
INSERT INTO `tb_cart_detail` VALUES (2354, 221, 23);
INSERT INTO `tb_cart_detail` VALUES (2355, 221, 26);
INSERT INTO `tb_cart_detail` VALUES (2356, 221, 32);
INSERT INTO `tb_cart_detail` VALUES (2357, 221, 44);
INSERT INTO `tb_cart_detail` VALUES (2358, 221, 48);
INSERT INTO `tb_cart_detail` VALUES (2359, 221, 52);
INSERT INTO `tb_cart_detail` VALUES (2360, 221, 55);
INSERT INTO `tb_cart_detail` VALUES (2361, 221, 33);
INSERT INTO `tb_cart_detail` VALUES (2362, 221, 34);
INSERT INTO `tb_cart_detail` VALUES (2363, 221, 35);
INSERT INTO `tb_cart_detail` VALUES (2364, 221, 36);
INSERT INTO `tb_cart_detail` VALUES (2365, 221, 39);
INSERT INTO `tb_cart_detail` VALUES (2366, 221, 40);
INSERT INTO `tb_cart_detail` VALUES (2367, 221, 41);
INSERT INTO `tb_cart_detail` VALUES (2368, 222, 2);
INSERT INTO `tb_cart_detail` VALUES (2369, 222, 13);
INSERT INTO `tb_cart_detail` VALUES (2370, 222, 18);
INSERT INTO `tb_cart_detail` VALUES (2371, 222, 23);
INSERT INTO `tb_cart_detail` VALUES (2372, 222, 27);
INSERT INTO `tb_cart_detail` VALUES (2373, 222, 32);
INSERT INTO `tb_cart_detail` VALUES (2374, 222, 44);
INSERT INTO `tb_cart_detail` VALUES (2375, 222, 47);
INSERT INTO `tb_cart_detail` VALUES (2376, 222, 52);
INSERT INTO `tb_cart_detail` VALUES (2377, 222, 56);
INSERT INTO `tb_cart_detail` VALUES (2378, 222, 34);
INSERT INTO `tb_cart_detail` VALUES (2379, 222, 35);
INSERT INTO `tb_cart_detail` VALUES (2380, 222, 36);
INSERT INTO `tb_cart_detail` VALUES (2381, 222, 40);
INSERT INTO `tb_cart_detail` VALUES (2382, 222, 41);
INSERT INTO `tb_cart_detail` VALUES (2383, 223, 2);
INSERT INTO `tb_cart_detail` VALUES (2384, 223, 13);
INSERT INTO `tb_cart_detail` VALUES (2385, 223, 18);
INSERT INTO `tb_cart_detail` VALUES (2386, 223, 23);
INSERT INTO `tb_cart_detail` VALUES (2387, 223, 25);
INSERT INTO `tb_cart_detail` VALUES (2388, 223, 32);
INSERT INTO `tb_cart_detail` VALUES (2389, 223, 44);
INSERT INTO `tb_cart_detail` VALUES (2390, 223, 48);
INSERT INTO `tb_cart_detail` VALUES (2391, 223, 51);
INSERT INTO `tb_cart_detail` VALUES (2392, 223, 56);
INSERT INTO `tb_cart_detail` VALUES (2393, 223, 33);
INSERT INTO `tb_cart_detail` VALUES (2394, 223, 34);
INSERT INTO `tb_cart_detail` VALUES (2395, 223, 35);
INSERT INTO `tb_cart_detail` VALUES (2396, 223, 36);
INSERT INTO `tb_cart_detail` VALUES (2397, 223, 40);
INSERT INTO `tb_cart_detail` VALUES (2398, 223, 41);
INSERT INTO `tb_cart_detail` VALUES (2399, 224, 2);
INSERT INTO `tb_cart_detail` VALUES (2400, 224, 13);
INSERT INTO `tb_cart_detail` VALUES (2401, 224, 15);
INSERT INTO `tb_cart_detail` VALUES (2402, 224, 21);
INSERT INTO `tb_cart_detail` VALUES (2403, 224, 28);
INSERT INTO `tb_cart_detail` VALUES (2404, 224, 31);
INSERT INTO `tb_cart_detail` VALUES (2405, 224, 44);
INSERT INTO `tb_cart_detail` VALUES (2406, 224, 47);
INSERT INTO `tb_cart_detail` VALUES (2407, 224, 52);
INSERT INTO `tb_cart_detail` VALUES (2408, 224, 56);
INSERT INTO `tb_cart_detail` VALUES (2409, 224, 33);
INSERT INTO `tb_cart_detail` VALUES (2410, 224, 34);
INSERT INTO `tb_cart_detail` VALUES (2411, 224, 35);
INSERT INTO `tb_cart_detail` VALUES (2412, 224, 36);
INSERT INTO `tb_cart_detail` VALUES (2413, 224, 63);
INSERT INTO `tb_cart_detail` VALUES (2414, 224, 39);
INSERT INTO `tb_cart_detail` VALUES (2415, 224, 40);
INSERT INTO `tb_cart_detail` VALUES (2416, 224, 41);
INSERT INTO `tb_cart_detail` VALUES (2417, 225, 2);
INSERT INTO `tb_cart_detail` VALUES (2418, 225, 13);
INSERT INTO `tb_cart_detail` VALUES (2419, 225, 15);
INSERT INTO `tb_cart_detail` VALUES (2420, 225, 23);
INSERT INTO `tb_cart_detail` VALUES (2421, 225, 27);
INSERT INTO `tb_cart_detail` VALUES (2422, 225, 32);
INSERT INTO `tb_cart_detail` VALUES (2423, 225, 42);
INSERT INTO `tb_cart_detail` VALUES (2424, 225, 47);
INSERT INTO `tb_cart_detail` VALUES (2425, 225, 52);
INSERT INTO `tb_cart_detail` VALUES (2426, 225, 55);
INSERT INTO `tb_cart_detail` VALUES (2427, 225, 34);
INSERT INTO `tb_cart_detail` VALUES (2428, 225, 35);
INSERT INTO `tb_cart_detail` VALUES (2429, 225, 63);
INSERT INTO `tb_cart_detail` VALUES (2430, 225, 39);
INSERT INTO `tb_cart_detail` VALUES (2431, 225, 40);
INSERT INTO `tb_cart_detail` VALUES (2432, 226, 10);
INSERT INTO `tb_cart_detail` VALUES (2433, 226, 28);
INSERT INTO `tb_cart_detail` VALUES (2434, 226, 32);
INSERT INTO `tb_cart_detail` VALUES (2435, 226, 43);
INSERT INTO `tb_cart_detail` VALUES (2436, 226, 47);
INSERT INTO `tb_cart_detail` VALUES (2437, 226, 51);
INSERT INTO `tb_cart_detail` VALUES (2438, 226, 54);
INSERT INTO `tb_cart_detail` VALUES (2439, 226, 34);
INSERT INTO `tb_cart_detail` VALUES (2440, 226, 35);
INSERT INTO `tb_cart_detail` VALUES (2441, 226, 41);
INSERT INTO `tb_cart_detail` VALUES (2442, 227, 1);
INSERT INTO `tb_cart_detail` VALUES (2443, 227, 13);
INSERT INTO `tb_cart_detail` VALUES (2444, 227, 18);
INSERT INTO `tb_cart_detail` VALUES (2445, 227, 23);
INSERT INTO `tb_cart_detail` VALUES (2446, 227, 26);
INSERT INTO `tb_cart_detail` VALUES (2447, 227, 32);
INSERT INTO `tb_cart_detail` VALUES (2448, 227, 42);
INSERT INTO `tb_cart_detail` VALUES (2449, 227, 46);
INSERT INTO `tb_cart_detail` VALUES (2450, 227, 51);
INSERT INTO `tb_cart_detail` VALUES (2451, 227, 55);
INSERT INTO `tb_cart_detail` VALUES (2452, 227, 35);
INSERT INTO `tb_cart_detail` VALUES (2453, 227, 40);
INSERT INTO `tb_cart_detail` VALUES (2454, 228, 3);
INSERT INTO `tb_cart_detail` VALUES (2455, 228, 13);
INSERT INTO `tb_cart_detail` VALUES (2456, 228, 14);
INSERT INTO `tb_cart_detail` VALUES (2457, 228, 23);
INSERT INTO `tb_cart_detail` VALUES (2458, 228, 28);
INSERT INTO `tb_cart_detail` VALUES (2459, 228, 32);
INSERT INTO `tb_cart_detail` VALUES (2460, 228, 44);
INSERT INTO `tb_cart_detail` VALUES (2461, 228, 48);
INSERT INTO `tb_cart_detail` VALUES (2462, 228, 52);
INSERT INTO `tb_cart_detail` VALUES (2463, 228, 56);
INSERT INTO `tb_cart_detail` VALUES (2464, 228, 35);
INSERT INTO `tb_cart_detail` VALUES (2465, 228, 40);
INSERT INTO `tb_cart_detail` VALUES (2466, 228, 41);
INSERT INTO `tb_cart_detail` VALUES (2467, 229, 1);
INSERT INTO `tb_cart_detail` VALUES (2468, 229, 12);
INSERT INTO `tb_cart_detail` VALUES (2469, 229, 17);
INSERT INTO `tb_cart_detail` VALUES (2470, 229, 24);
INSERT INTO `tb_cart_detail` VALUES (2471, 229, 25);
INSERT INTO `tb_cart_detail` VALUES (2472, 229, 31);
INSERT INTO `tb_cart_detail` VALUES (2473, 229, 42);
INSERT INTO `tb_cart_detail` VALUES (2474, 229, 46);
INSERT INTO `tb_cart_detail` VALUES (2475, 229, 50);
INSERT INTO `tb_cart_detail` VALUES (2476, 229, 54);
INSERT INTO `tb_cart_detail` VALUES (2477, 230, 2);
INSERT INTO `tb_cart_detail` VALUES (2478, 230, 13);
INSERT INTO `tb_cart_detail` VALUES (2479, 230, 18);
INSERT INTO `tb_cart_detail` VALUES (2480, 230, 23);
INSERT INTO `tb_cart_detail` VALUES (2481, 230, 26);
INSERT INTO `tb_cart_detail` VALUES (2482, 230, 31);
INSERT INTO `tb_cart_detail` VALUES (2483, 230, 44);
INSERT INTO `tb_cart_detail` VALUES (2484, 230, 48);
INSERT INTO `tb_cart_detail` VALUES (2485, 230, 52);
INSERT INTO `tb_cart_detail` VALUES (2486, 230, 56);
INSERT INTO `tb_cart_detail` VALUES (2487, 230, 35);
INSERT INTO `tb_cart_detail` VALUES (2488, 231, 1);
INSERT INTO `tb_cart_detail` VALUES (2489, 231, 12);
INSERT INTO `tb_cart_detail` VALUES (2490, 231, 17);
INSERT INTO `tb_cart_detail` VALUES (2491, 231, 23);
INSERT INTO `tb_cart_detail` VALUES (2492, 231, 25);
INSERT INTO `tb_cart_detail` VALUES (2493, 231, 31);
INSERT INTO `tb_cart_detail` VALUES (2494, 231, 43);
INSERT INTO `tb_cart_detail` VALUES (2495, 231, 46);
INSERT INTO `tb_cart_detail` VALUES (2496, 231, 50);
INSERT INTO `tb_cart_detail` VALUES (2497, 231, 54);
INSERT INTO `tb_cart_detail` VALUES (2498, 232, 3);
INSERT INTO `tb_cart_detail` VALUES (2499, 232, 13);
INSERT INTO `tb_cart_detail` VALUES (2500, 232, 14);
INSERT INTO `tb_cart_detail` VALUES (2501, 232, 24);
INSERT INTO `tb_cart_detail` VALUES (2502, 232, 28);
INSERT INTO `tb_cart_detail` VALUES (2503, 232, 32);
INSERT INTO `tb_cart_detail` VALUES (2504, 232, 45);
INSERT INTO `tb_cart_detail` VALUES (2505, 232, 49);
INSERT INTO `tb_cart_detail` VALUES (2506, 232, 53);
INSERT INTO `tb_cart_detail` VALUES (2507, 232, 57);
INSERT INTO `tb_cart_detail` VALUES (2508, 232, 35);
INSERT INTO `tb_cart_detail` VALUES (2509, 232, 36);
INSERT INTO `tb_cart_detail` VALUES (2510, 233, 2);
INSERT INTO `tb_cart_detail` VALUES (2511, 233, 13);
INSERT INTO `tb_cart_detail` VALUES (2512, 233, 18);
INSERT INTO `tb_cart_detail` VALUES (2513, 233, 23);
INSERT INTO `tb_cart_detail` VALUES (2514, 233, 26);
INSERT INTO `tb_cart_detail` VALUES (2515, 233, 32);
INSERT INTO `tb_cart_detail` VALUES (2516, 233, 43);
INSERT INTO `tb_cart_detail` VALUES (2517, 233, 47);
INSERT INTO `tb_cart_detail` VALUES (2518, 233, 51);
INSERT INTO `tb_cart_detail` VALUES (2519, 233, 55);
INSERT INTO `tb_cart_detail` VALUES (2520, 233, 35);
INSERT INTO `tb_cart_detail` VALUES (2521, 233, 41);
INSERT INTO `tb_cart_detail` VALUES (2522, 234, 3);
INSERT INTO `tb_cart_detail` VALUES (2523, 234, 13);
INSERT INTO `tb_cart_detail` VALUES (2524, 234, 14);
INSERT INTO `tb_cart_detail` VALUES (2525, 234, 24);
INSERT INTO `tb_cart_detail` VALUES (2526, 234, 27);
INSERT INTO `tb_cart_detail` VALUES (2527, 234, 32);
INSERT INTO `tb_cart_detail` VALUES (2528, 234, 45);
INSERT INTO `tb_cart_detail` VALUES (2529, 234, 48);
INSERT INTO `tb_cart_detail` VALUES (2530, 234, 53);
INSERT INTO `tb_cart_detail` VALUES (2531, 234, 56);
INSERT INTO `tb_cart_detail` VALUES (2532, 234, 35);
INSERT INTO `tb_cart_detail` VALUES (2533, 234, 36);
INSERT INTO `tb_cart_detail` VALUES (2534, 235, 3);
INSERT INTO `tb_cart_detail` VALUES (2535, 235, 13);
INSERT INTO `tb_cart_detail` VALUES (2536, 235, 14);
INSERT INTO `tb_cart_detail` VALUES (2537, 235, 24);
INSERT INTO `tb_cart_detail` VALUES (2538, 235, 27);
INSERT INTO `tb_cart_detail` VALUES (2539, 235, 32);
INSERT INTO `tb_cart_detail` VALUES (2540, 235, 45);
INSERT INTO `tb_cart_detail` VALUES (2541, 235, 48);
INSERT INTO `tb_cart_detail` VALUES (2542, 235, 53);
INSERT INTO `tb_cart_detail` VALUES (2543, 235, 56);
INSERT INTO `tb_cart_detail` VALUES (2544, 235, 35);
INSERT INTO `tb_cart_detail` VALUES (2545, 235, 36);
INSERT INTO `tb_cart_detail` VALUES (2546, 236, 3);
INSERT INTO `tb_cart_detail` VALUES (2547, 236, 13);
INSERT INTO `tb_cart_detail` VALUES (2548, 236, 14);
INSERT INTO `tb_cart_detail` VALUES (2549, 236, 24);
INSERT INTO `tb_cart_detail` VALUES (2550, 236, 27);
INSERT INTO `tb_cart_detail` VALUES (2551, 236, 32);
INSERT INTO `tb_cart_detail` VALUES (2552, 236, 45);
INSERT INTO `tb_cart_detail` VALUES (2553, 236, 48);
INSERT INTO `tb_cart_detail` VALUES (2554, 236, 53);
INSERT INTO `tb_cart_detail` VALUES (2555, 236, 56);
INSERT INTO `tb_cart_detail` VALUES (2556, 236, 35);
INSERT INTO `tb_cart_detail` VALUES (2557, 236, 36);
INSERT INTO `tb_cart_detail` VALUES (2558, 237, 3);
INSERT INTO `tb_cart_detail` VALUES (2559, 237, 13);
INSERT INTO `tb_cart_detail` VALUES (2560, 237, 14);
INSERT INTO `tb_cart_detail` VALUES (2561, 237, 24);
INSERT INTO `tb_cart_detail` VALUES (2562, 237, 27);
INSERT INTO `tb_cart_detail` VALUES (2563, 237, 32);
INSERT INTO `tb_cart_detail` VALUES (2564, 237, 45);
INSERT INTO `tb_cart_detail` VALUES (2565, 237, 48);
INSERT INTO `tb_cart_detail` VALUES (2566, 237, 53);
INSERT INTO `tb_cart_detail` VALUES (2567, 237, 56);
INSERT INTO `tb_cart_detail` VALUES (2568, 237, 35);
INSERT INTO `tb_cart_detail` VALUES (2569, 237, 36);
INSERT INTO `tb_cart_detail` VALUES (2570, 238, 3);
INSERT INTO `tb_cart_detail` VALUES (2571, 238, 13);
INSERT INTO `tb_cart_detail` VALUES (2572, 238, 14);
INSERT INTO `tb_cart_detail` VALUES (2573, 238, 24);
INSERT INTO `tb_cart_detail` VALUES (2574, 238, 27);
INSERT INTO `tb_cart_detail` VALUES (2575, 238, 32);
INSERT INTO `tb_cart_detail` VALUES (2576, 238, 45);
INSERT INTO `tb_cart_detail` VALUES (2577, 238, 48);
INSERT INTO `tb_cart_detail` VALUES (2578, 238, 53);
INSERT INTO `tb_cart_detail` VALUES (2579, 238, 56);
INSERT INTO `tb_cart_detail` VALUES (2580, 238, 35);
INSERT INTO `tb_cart_detail` VALUES (2581, 238, 36);
INSERT INTO `tb_cart_detail` VALUES (2582, 239, 2);
INSERT INTO `tb_cart_detail` VALUES (2583, 239, 12);
INSERT INTO `tb_cart_detail` VALUES (2584, 239, 18);
INSERT INTO `tb_cart_detail` VALUES (2585, 239, 21);
INSERT INTO `tb_cart_detail` VALUES (2586, 239, 26);
INSERT INTO `tb_cart_detail` VALUES (2587, 239, 31);
INSERT INTO `tb_cart_detail` VALUES (2588, 239, 43);
INSERT INTO `tb_cart_detail` VALUES (2589, 239, 46);
INSERT INTO `tb_cart_detail` VALUES (2590, 239, 51);
INSERT INTO `tb_cart_detail` VALUES (2591, 239, 54);
INSERT INTO `tb_cart_detail` VALUES (2592, 239, 34);
INSERT INTO `tb_cart_detail` VALUES (2593, 240, 2);
INSERT INTO `tb_cart_detail` VALUES (2594, 240, 12);
INSERT INTO `tb_cart_detail` VALUES (2595, 240, 18);
INSERT INTO `tb_cart_detail` VALUES (2596, 240, 21);
INSERT INTO `tb_cart_detail` VALUES (2597, 240, 26);
INSERT INTO `tb_cart_detail` VALUES (2598, 240, 31);
INSERT INTO `tb_cart_detail` VALUES (2599, 240, 43);
INSERT INTO `tb_cart_detail` VALUES (2600, 240, 46);
INSERT INTO `tb_cart_detail` VALUES (2601, 240, 51);
INSERT INTO `tb_cart_detail` VALUES (2602, 240, 54);
INSERT INTO `tb_cart_detail` VALUES (2603, 240, 34);
INSERT INTO `tb_cart_detail` VALUES (2604, 241, 2);
INSERT INTO `tb_cart_detail` VALUES (2605, 241, 13);
INSERT INTO `tb_cart_detail` VALUES (2606, 241, 18);
INSERT INTO `tb_cart_detail` VALUES (2607, 241, 23);
INSERT INTO `tb_cart_detail` VALUES (2608, 241, 26);
INSERT INTO `tb_cart_detail` VALUES (2609, 241, 32);
INSERT INTO `tb_cart_detail` VALUES (2610, 241, 42);
INSERT INTO `tb_cart_detail` VALUES (2611, 241, 46);
INSERT INTO `tb_cart_detail` VALUES (2612, 241, 51);
INSERT INTO `tb_cart_detail` VALUES (2613, 241, 55);
INSERT INTO `tb_cart_detail` VALUES (2614, 241, 35);
INSERT INTO `tb_cart_detail` VALUES (2615, 241, 41);
INSERT INTO `tb_cart_detail` VALUES (2616, 242, 3);
INSERT INTO `tb_cart_detail` VALUES (2617, 242, 13);
INSERT INTO `tb_cart_detail` VALUES (2618, 242, 14);
INSERT INTO `tb_cart_detail` VALUES (2619, 242, 23);
INSERT INTO `tb_cart_detail` VALUES (2620, 242, 27);
INSERT INTO `tb_cart_detail` VALUES (2621, 242, 32);
INSERT INTO `tb_cart_detail` VALUES (2622, 242, 42);
INSERT INTO `tb_cart_detail` VALUES (2623, 242, 46);
INSERT INTO `tb_cart_detail` VALUES (2624, 242, 50);
INSERT INTO `tb_cart_detail` VALUES (2625, 242, 54);
INSERT INTO `tb_cart_detail` VALUES (2626, 242, 35);
INSERT INTO `tb_cart_detail` VALUES (2627, 242, 41);
INSERT INTO `tb_cart_detail` VALUES (2628, 243, 10);
INSERT INTO `tb_cart_detail` VALUES (2629, 243, 28);
INSERT INTO `tb_cart_detail` VALUES (2630, 243, 32);
INSERT INTO `tb_cart_detail` VALUES (2631, 243, 44);
INSERT INTO `tb_cart_detail` VALUES (2632, 243, 48);
INSERT INTO `tb_cart_detail` VALUES (2633, 243, 51);
INSERT INTO `tb_cart_detail` VALUES (2634, 243, 56);
INSERT INTO `tb_cart_detail` VALUES (2635, 243, 35);
INSERT INTO `tb_cart_detail` VALUES (2636, 244, 10);
INSERT INTO `tb_cart_detail` VALUES (2637, 244, 28);
INSERT INTO `tb_cart_detail` VALUES (2638, 244, 32);
INSERT INTO `tb_cart_detail` VALUES (2639, 244, 44);
INSERT INTO `tb_cart_detail` VALUES (2640, 244, 48);
INSERT INTO `tb_cart_detail` VALUES (2641, 244, 51);
INSERT INTO `tb_cart_detail` VALUES (2642, 244, 56);
INSERT INTO `tb_cart_detail` VALUES (2643, 244, 35);
INSERT INTO `tb_cart_detail` VALUES (2644, 245, 1);
INSERT INTO `tb_cart_detail` VALUES (2645, 245, 12);
INSERT INTO `tb_cart_detail` VALUES (2646, 245, 14);
INSERT INTO `tb_cart_detail` VALUES (2647, 245, 23);
INSERT INTO `tb_cart_detail` VALUES (2648, 245, 25);
INSERT INTO `tb_cart_detail` VALUES (2649, 245, 32);
INSERT INTO `tb_cart_detail` VALUES (2650, 245, 42);
INSERT INTO `tb_cart_detail` VALUES (2651, 245, 46);
INSERT INTO `tb_cart_detail` VALUES (2652, 245, 50);
INSERT INTO `tb_cart_detail` VALUES (2653, 245, 56);
INSERT INTO `tb_cart_detail` VALUES (2654, 245, 35);
INSERT INTO `tb_cart_detail` VALUES (2655, 245, 37);
INSERT INTO `tb_cart_detail` VALUES (2656, 245, 38);
INSERT INTO `tb_cart_detail` VALUES (2657, 245, 39);
INSERT INTO `tb_cart_detail` VALUES (2658, 246, 3);
INSERT INTO `tb_cart_detail` VALUES (2659, 246, 13);
INSERT INTO `tb_cart_detail` VALUES (2660, 246, 14);
INSERT INTO `tb_cart_detail` VALUES (2661, 246, 23);
INSERT INTO `tb_cart_detail` VALUES (2662, 246, 27);
INSERT INTO `tb_cart_detail` VALUES (2663, 246, 32);
INSERT INTO `tb_cart_detail` VALUES (2664, 246, 43);
INSERT INTO `tb_cart_detail` VALUES (2665, 246, 48);
INSERT INTO `tb_cart_detail` VALUES (2666, 246, 52);
INSERT INTO `tb_cart_detail` VALUES (2667, 246, 57);
INSERT INTO `tb_cart_detail` VALUES (2668, 246, 36);
INSERT INTO `tb_cart_detail` VALUES (2669, 246, 41);
INSERT INTO `tb_cart_detail` VALUES (2670, 247, 1);
INSERT INTO `tb_cart_detail` VALUES (2671, 247, 13);
INSERT INTO `tb_cart_detail` VALUES (2672, 247, 17);
INSERT INTO `tb_cart_detail` VALUES (2673, 247, 23);
INSERT INTO `tb_cart_detail` VALUES (2674, 247, 27);
INSERT INTO `tb_cart_detail` VALUES (2675, 247, 31);
INSERT INTO `tb_cart_detail` VALUES (2676, 247, 42);
INSERT INTO `tb_cart_detail` VALUES (2677, 247, 47);
INSERT INTO `tb_cart_detail` VALUES (2678, 247, 50);
INSERT INTO `tb_cart_detail` VALUES (2679, 247, 55);
INSERT INTO `tb_cart_detail` VALUES (2680, 247, 33);
INSERT INTO `tb_cart_detail` VALUES (2681, 248, 1);
INSERT INTO `tb_cart_detail` VALUES (2682, 248, 13);
INSERT INTO `tb_cart_detail` VALUES (2683, 248, 17);
INSERT INTO `tb_cart_detail` VALUES (2684, 248, 23);
INSERT INTO `tb_cart_detail` VALUES (2685, 248, 27);
INSERT INTO `tb_cart_detail` VALUES (2686, 248, 31);
INSERT INTO `tb_cart_detail` VALUES (2687, 248, 42);
INSERT INTO `tb_cart_detail` VALUES (2688, 248, 47);
INSERT INTO `tb_cart_detail` VALUES (2689, 248, 50);
INSERT INTO `tb_cart_detail` VALUES (2690, 248, 55);
INSERT INTO `tb_cart_detail` VALUES (2691, 248, 33);
INSERT INTO `tb_cart_detail` VALUES (2692, 249, 1);
INSERT INTO `tb_cart_detail` VALUES (2693, 249, 12);
INSERT INTO `tb_cart_detail` VALUES (2694, 249, 17);
INSERT INTO `tb_cart_detail` VALUES (2695, 249, 21);
INSERT INTO `tb_cart_detail` VALUES (2696, 249, 25);
INSERT INTO `tb_cart_detail` VALUES (2697, 249, 31);
INSERT INTO `tb_cart_detail` VALUES (2698, 249, 42);
INSERT INTO `tb_cart_detail` VALUES (2699, 249, 46);
INSERT INTO `tb_cart_detail` VALUES (2700, 249, 50);
INSERT INTO `tb_cart_detail` VALUES (2701, 249, 54);
INSERT INTO `tb_cart_detail` VALUES (2702, 249, 33);
INSERT INTO `tb_cart_detail` VALUES (2703, 250, 1);
INSERT INTO `tb_cart_detail` VALUES (2704, 250, 12);
INSERT INTO `tb_cart_detail` VALUES (2705, 250, 17);
INSERT INTO `tb_cart_detail` VALUES (2706, 250, 21);
INSERT INTO `tb_cart_detail` VALUES (2707, 250, 25);
INSERT INTO `tb_cart_detail` VALUES (2708, 250, 31);
INSERT INTO `tb_cart_detail` VALUES (2709, 250, 43);
INSERT INTO `tb_cart_detail` VALUES (2710, 250, 47);
INSERT INTO `tb_cart_detail` VALUES (2711, 250, 51);
INSERT INTO `tb_cart_detail` VALUES (2712, 250, 55);
INSERT INTO `tb_cart_detail` VALUES (2713, 250, 34);
INSERT INTO `tb_cart_detail` VALUES (2714, 250, 41);
INSERT INTO `tb_cart_detail` VALUES (2715, 251, 1);
INSERT INTO `tb_cart_detail` VALUES (2716, 251, 12);
INSERT INTO `tb_cart_detail` VALUES (2717, 251, 17);
INSERT INTO `tb_cart_detail` VALUES (2718, 251, 21);
INSERT INTO `tb_cart_detail` VALUES (2719, 251, 25);
INSERT INTO `tb_cart_detail` VALUES (2720, 251, 31);
INSERT INTO `tb_cart_detail` VALUES (2721, 251, 43);
INSERT INTO `tb_cart_detail` VALUES (2722, 251, 47);
INSERT INTO `tb_cart_detail` VALUES (2723, 251, 51);
INSERT INTO `tb_cart_detail` VALUES (2724, 251, 55);
INSERT INTO `tb_cart_detail` VALUES (2725, 251, 34);
INSERT INTO `tb_cart_detail` VALUES (2726, 251, 41);
INSERT INTO `tb_cart_detail` VALUES (2727, 252, 3);
INSERT INTO `tb_cart_detail` VALUES (2728, 252, 13);
INSERT INTO `tb_cart_detail` VALUES (2729, 252, 18);
INSERT INTO `tb_cart_detail` VALUES (2730, 252, 23);
INSERT INTO `tb_cart_detail` VALUES (2731, 252, 26);
INSERT INTO `tb_cart_detail` VALUES (2732, 252, 32);
INSERT INTO `tb_cart_detail` VALUES (2733, 252, 43);
INSERT INTO `tb_cart_detail` VALUES (2734, 252, 47);
INSERT INTO `tb_cart_detail` VALUES (2735, 252, 51);
INSERT INTO `tb_cart_detail` VALUES (2736, 252, 55);
INSERT INTO `tb_cart_detail` VALUES (2737, 252, 35);
INSERT INTO `tb_cart_detail` VALUES (2738, 252, 41);
INSERT INTO `tb_cart_detail` VALUES (2739, 253, 3);
INSERT INTO `tb_cart_detail` VALUES (2740, 253, 13);
INSERT INTO `tb_cart_detail` VALUES (2741, 253, 18);
INSERT INTO `tb_cart_detail` VALUES (2742, 253, 23);
INSERT INTO `tb_cart_detail` VALUES (2743, 253, 26);
INSERT INTO `tb_cart_detail` VALUES (2744, 253, 32);
INSERT INTO `tb_cart_detail` VALUES (2745, 253, 43);
INSERT INTO `tb_cart_detail` VALUES (2746, 253, 47);
INSERT INTO `tb_cart_detail` VALUES (2747, 253, 51);
INSERT INTO `tb_cart_detail` VALUES (2748, 253, 55);
INSERT INTO `tb_cart_detail` VALUES (2749, 253, 35);
INSERT INTO `tb_cart_detail` VALUES (2750, 253, 41);
INSERT INTO `tb_cart_detail` VALUES (2751, 254, 3);
INSERT INTO `tb_cart_detail` VALUES (2752, 254, 13);
INSERT INTO `tb_cart_detail` VALUES (2753, 254, 18);
INSERT INTO `tb_cart_detail` VALUES (2754, 254, 23);
INSERT INTO `tb_cart_detail` VALUES (2755, 254, 26);
INSERT INTO `tb_cart_detail` VALUES (2756, 254, 32);
INSERT INTO `tb_cart_detail` VALUES (2757, 254, 43);
INSERT INTO `tb_cart_detail` VALUES (2758, 254, 47);
INSERT INTO `tb_cart_detail` VALUES (2759, 254, 51);
INSERT INTO `tb_cart_detail` VALUES (2760, 254, 55);
INSERT INTO `tb_cart_detail` VALUES (2761, 254, 35);
INSERT INTO `tb_cart_detail` VALUES (2762, 254, 41);
INSERT INTO `tb_cart_detail` VALUES (2763, 255, 4);
INSERT INTO `tb_cart_detail` VALUES (2764, 255, 13);
INSERT INTO `tb_cart_detail` VALUES (2765, 255, 14);
INSERT INTO `tb_cart_detail` VALUES (2766, 255, 24);
INSERT INTO `tb_cart_detail` VALUES (2767, 255, 30);
INSERT INTO `tb_cart_detail` VALUES (2768, 255, 32);
INSERT INTO `tb_cart_detail` VALUES (2769, 255, 45);
INSERT INTO `tb_cart_detail` VALUES (2770, 255, 49);
INSERT INTO `tb_cart_detail` VALUES (2771, 255, 53);
INSERT INTO `tb_cart_detail` VALUES (2772, 255, 57);
INSERT INTO `tb_cart_detail` VALUES (2773, 255, 33);
INSERT INTO `tb_cart_detail` VALUES (2774, 255, 34);
INSERT INTO `tb_cart_detail` VALUES (2775, 255, 35);
INSERT INTO `tb_cart_detail` VALUES (2776, 255, 36);
INSERT INTO `tb_cart_detail` VALUES (2777, 255, 37);
INSERT INTO `tb_cart_detail` VALUES (2778, 255, 38);
INSERT INTO `tb_cart_detail` VALUES (2779, 255, 39);
INSERT INTO `tb_cart_detail` VALUES (2780, 255, 40);
INSERT INTO `tb_cart_detail` VALUES (2781, 255, 41);
INSERT INTO `tb_cart_detail` VALUES (2782, 256, 3);
INSERT INTO `tb_cart_detail` VALUES (2783, 256, 13);
INSERT INTO `tb_cart_detail` VALUES (2784, 256, 18);
INSERT INTO `tb_cart_detail` VALUES (2785, 256, 23);
INSERT INTO `tb_cart_detail` VALUES (2786, 256, 26);
INSERT INTO `tb_cart_detail` VALUES (2787, 256, 32);
INSERT INTO `tb_cart_detail` VALUES (2788, 256, 43);
INSERT INTO `tb_cart_detail` VALUES (2789, 256, 47);
INSERT INTO `tb_cart_detail` VALUES (2790, 256, 51);
INSERT INTO `tb_cart_detail` VALUES (2791, 256, 55);
INSERT INTO `tb_cart_detail` VALUES (2792, 256, 35);
INSERT INTO `tb_cart_detail` VALUES (2793, 256, 41);
INSERT INTO `tb_cart_detail` VALUES (2794, 257, 4);
INSERT INTO `tb_cart_detail` VALUES (2795, 257, 13);
INSERT INTO `tb_cart_detail` VALUES (2796, 257, 14);
INSERT INTO `tb_cart_detail` VALUES (2797, 257, 24);
INSERT INTO `tb_cart_detail` VALUES (2798, 257, 30);
INSERT INTO `tb_cart_detail` VALUES (2799, 257, 32);
INSERT INTO `tb_cart_detail` VALUES (2800, 257, 45);
INSERT INTO `tb_cart_detail` VALUES (2801, 257, 49);
INSERT INTO `tb_cart_detail` VALUES (2802, 257, 53);
INSERT INTO `tb_cart_detail` VALUES (2803, 257, 57);
INSERT INTO `tb_cart_detail` VALUES (2804, 257, 33);
INSERT INTO `tb_cart_detail` VALUES (2805, 257, 34);
INSERT INTO `tb_cart_detail` VALUES (2806, 257, 35);
INSERT INTO `tb_cart_detail` VALUES (2807, 257, 36);
INSERT INTO `tb_cart_detail` VALUES (2808, 257, 37);
INSERT INTO `tb_cart_detail` VALUES (2809, 257, 38);
INSERT INTO `tb_cart_detail` VALUES (2810, 257, 39);
INSERT INTO `tb_cart_detail` VALUES (2811, 257, 40);
INSERT INTO `tb_cart_detail` VALUES (2812, 257, 41);
INSERT INTO `tb_cart_detail` VALUES (2813, 258, 3);
INSERT INTO `tb_cart_detail` VALUES (2814, 258, 13);
INSERT INTO `tb_cart_detail` VALUES (2815, 258, 18);
INSERT INTO `tb_cart_detail` VALUES (2816, 258, 23);
INSERT INTO `tb_cart_detail` VALUES (2817, 258, 26);
INSERT INTO `tb_cart_detail` VALUES (2818, 258, 32);
INSERT INTO `tb_cart_detail` VALUES (2819, 258, 43);
INSERT INTO `tb_cart_detail` VALUES (2820, 258, 47);
INSERT INTO `tb_cart_detail` VALUES (2821, 258, 51);
INSERT INTO `tb_cart_detail` VALUES (2822, 258, 55);
INSERT INTO `tb_cart_detail` VALUES (2823, 258, 35);
INSERT INTO `tb_cart_detail` VALUES (2824, 258, 41);
INSERT INTO `tb_cart_detail` VALUES (2825, 259, 4);
INSERT INTO `tb_cart_detail` VALUES (2826, 259, 13);
INSERT INTO `tb_cart_detail` VALUES (2827, 259, 14);
INSERT INTO `tb_cart_detail` VALUES (2828, 259, 24);
INSERT INTO `tb_cart_detail` VALUES (2829, 259, 30);
INSERT INTO `tb_cart_detail` VALUES (2830, 259, 32);
INSERT INTO `tb_cart_detail` VALUES (2831, 259, 45);
INSERT INTO `tb_cart_detail` VALUES (2832, 259, 49);
INSERT INTO `tb_cart_detail` VALUES (2833, 259, 53);
INSERT INTO `tb_cart_detail` VALUES (2834, 259, 57);
INSERT INTO `tb_cart_detail` VALUES (2835, 259, 33);
INSERT INTO `tb_cart_detail` VALUES (2836, 259, 34);
INSERT INTO `tb_cart_detail` VALUES (2837, 259, 35);
INSERT INTO `tb_cart_detail` VALUES (2838, 259, 36);
INSERT INTO `tb_cart_detail` VALUES (2839, 259, 37);
INSERT INTO `tb_cart_detail` VALUES (2840, 259, 38);
INSERT INTO `tb_cart_detail` VALUES (2841, 259, 39);
INSERT INTO `tb_cart_detail` VALUES (2842, 259, 40);
INSERT INTO `tb_cart_detail` VALUES (2843, 259, 41);
INSERT INTO `tb_cart_detail` VALUES (2844, 260, 3);
INSERT INTO `tb_cart_detail` VALUES (2845, 260, 13);
INSERT INTO `tb_cart_detail` VALUES (2846, 260, 18);
INSERT INTO `tb_cart_detail` VALUES (2847, 260, 23);
INSERT INTO `tb_cart_detail` VALUES (2848, 260, 26);
INSERT INTO `tb_cart_detail` VALUES (2849, 260, 32);
INSERT INTO `tb_cart_detail` VALUES (2850, 260, 43);
INSERT INTO `tb_cart_detail` VALUES (2851, 260, 47);
INSERT INTO `tb_cart_detail` VALUES (2852, 260, 51);
INSERT INTO `tb_cart_detail` VALUES (2853, 260, 55);
INSERT INTO `tb_cart_detail` VALUES (2854, 260, 35);
INSERT INTO `tb_cart_detail` VALUES (2855, 260, 41);
INSERT INTO `tb_cart_detail` VALUES (2856, 261, 4);
INSERT INTO `tb_cart_detail` VALUES (2857, 261, 13);
INSERT INTO `tb_cart_detail` VALUES (2858, 261, 14);
INSERT INTO `tb_cart_detail` VALUES (2859, 261, 24);
INSERT INTO `tb_cart_detail` VALUES (2860, 261, 30);
INSERT INTO `tb_cart_detail` VALUES (2861, 261, 32);
INSERT INTO `tb_cart_detail` VALUES (2862, 261, 45);
INSERT INTO `tb_cart_detail` VALUES (2863, 261, 49);
INSERT INTO `tb_cart_detail` VALUES (2864, 261, 53);
INSERT INTO `tb_cart_detail` VALUES (2865, 261, 57);
INSERT INTO `tb_cart_detail` VALUES (2866, 261, 33);
INSERT INTO `tb_cart_detail` VALUES (2867, 261, 34);
INSERT INTO `tb_cart_detail` VALUES (2868, 261, 35);
INSERT INTO `tb_cart_detail` VALUES (2869, 261, 36);
INSERT INTO `tb_cart_detail` VALUES (2870, 261, 37);
INSERT INTO `tb_cart_detail` VALUES (2871, 261, 38);
INSERT INTO `tb_cart_detail` VALUES (2872, 261, 39);
INSERT INTO `tb_cart_detail` VALUES (2873, 261, 40);
INSERT INTO `tb_cart_detail` VALUES (2874, 261, 41);
INSERT INTO `tb_cart_detail` VALUES (2875, 262, 3);
INSERT INTO `tb_cart_detail` VALUES (2876, 262, 13);
INSERT INTO `tb_cart_detail` VALUES (2877, 262, 18);
INSERT INTO `tb_cart_detail` VALUES (2878, 262, 23);
INSERT INTO `tb_cart_detail` VALUES (2879, 262, 26);
INSERT INTO `tb_cart_detail` VALUES (2880, 262, 32);
INSERT INTO `tb_cart_detail` VALUES (2881, 262, 43);
INSERT INTO `tb_cart_detail` VALUES (2882, 262, 47);
INSERT INTO `tb_cart_detail` VALUES (2883, 262, 51);
INSERT INTO `tb_cart_detail` VALUES (2884, 262, 55);
INSERT INTO `tb_cart_detail` VALUES (2885, 262, 35);
INSERT INTO `tb_cart_detail` VALUES (2886, 262, 41);
INSERT INTO `tb_cart_detail` VALUES (2887, 263, 4);
INSERT INTO `tb_cart_detail` VALUES (2888, 263, 13);
INSERT INTO `tb_cart_detail` VALUES (2889, 263, 14);
INSERT INTO `tb_cart_detail` VALUES (2890, 263, 24);
INSERT INTO `tb_cart_detail` VALUES (2891, 263, 30);
INSERT INTO `tb_cart_detail` VALUES (2892, 263, 32);
INSERT INTO `tb_cart_detail` VALUES (2893, 263, 45);
INSERT INTO `tb_cart_detail` VALUES (2894, 263, 49);
INSERT INTO `tb_cart_detail` VALUES (2895, 263, 53);
INSERT INTO `tb_cart_detail` VALUES (2896, 263, 57);
INSERT INTO `tb_cart_detail` VALUES (2897, 263, 33);
INSERT INTO `tb_cart_detail` VALUES (2898, 263, 34);
INSERT INTO `tb_cart_detail` VALUES (2899, 263, 35);
INSERT INTO `tb_cart_detail` VALUES (2900, 263, 36);
INSERT INTO `tb_cart_detail` VALUES (2901, 263, 37);
INSERT INTO `tb_cart_detail` VALUES (2902, 263, 38);
INSERT INTO `tb_cart_detail` VALUES (2903, 263, 39);
INSERT INTO `tb_cart_detail` VALUES (2904, 263, 40);
INSERT INTO `tb_cart_detail` VALUES (2905, 263, 41);
INSERT INTO `tb_cart_detail` VALUES (2906, 264, 3);
INSERT INTO `tb_cart_detail` VALUES (2907, 264, 13);
INSERT INTO `tb_cart_detail` VALUES (2908, 264, 18);
INSERT INTO `tb_cart_detail` VALUES (2909, 264, 23);
INSERT INTO `tb_cart_detail` VALUES (2910, 264, 26);
INSERT INTO `tb_cart_detail` VALUES (2911, 264, 32);
INSERT INTO `tb_cart_detail` VALUES (2912, 264, 43);
INSERT INTO `tb_cart_detail` VALUES (2913, 264, 47);
INSERT INTO `tb_cart_detail` VALUES (2914, 264, 51);
INSERT INTO `tb_cart_detail` VALUES (2915, 264, 55);
INSERT INTO `tb_cart_detail` VALUES (2916, 264, 35);
INSERT INTO `tb_cart_detail` VALUES (2917, 264, 41);
INSERT INTO `tb_cart_detail` VALUES (2918, 265, 4);
INSERT INTO `tb_cart_detail` VALUES (2919, 265, 13);
INSERT INTO `tb_cart_detail` VALUES (2920, 265, 14);
INSERT INTO `tb_cart_detail` VALUES (2921, 265, 24);
INSERT INTO `tb_cart_detail` VALUES (2922, 265, 30);
INSERT INTO `tb_cart_detail` VALUES (2923, 265, 32);
INSERT INTO `tb_cart_detail` VALUES (2924, 265, 45);
INSERT INTO `tb_cart_detail` VALUES (2925, 265, 49);
INSERT INTO `tb_cart_detail` VALUES (2926, 265, 53);
INSERT INTO `tb_cart_detail` VALUES (2927, 265, 57);
INSERT INTO `tb_cart_detail` VALUES (2928, 265, 33);
INSERT INTO `tb_cart_detail` VALUES (2929, 265, 34);
INSERT INTO `tb_cart_detail` VALUES (2930, 265, 35);
INSERT INTO `tb_cart_detail` VALUES (2931, 265, 36);
INSERT INTO `tb_cart_detail` VALUES (2932, 265, 37);
INSERT INTO `tb_cart_detail` VALUES (2933, 265, 38);
INSERT INTO `tb_cart_detail` VALUES (2934, 265, 39);
INSERT INTO `tb_cart_detail` VALUES (2935, 265, 40);
INSERT INTO `tb_cart_detail` VALUES (2936, 265, 41);
INSERT INTO `tb_cart_detail` VALUES (2937, 266, 3);
INSERT INTO `tb_cart_detail` VALUES (2938, 266, 13);
INSERT INTO `tb_cart_detail` VALUES (2939, 266, 18);
INSERT INTO `tb_cart_detail` VALUES (2940, 266, 23);
INSERT INTO `tb_cart_detail` VALUES (2941, 266, 26);
INSERT INTO `tb_cart_detail` VALUES (2942, 266, 32);
INSERT INTO `tb_cart_detail` VALUES (2943, 266, 43);
INSERT INTO `tb_cart_detail` VALUES (2944, 266, 47);
INSERT INTO `tb_cart_detail` VALUES (2945, 266, 51);
INSERT INTO `tb_cart_detail` VALUES (2946, 266, 55);
INSERT INTO `tb_cart_detail` VALUES (2947, 266, 35);
INSERT INTO `tb_cart_detail` VALUES (2948, 266, 41);
INSERT INTO `tb_cart_detail` VALUES (2949, 267, 4);
INSERT INTO `tb_cart_detail` VALUES (2950, 267, 13);
INSERT INTO `tb_cart_detail` VALUES (2951, 267, 14);
INSERT INTO `tb_cart_detail` VALUES (2952, 267, 24);
INSERT INTO `tb_cart_detail` VALUES (2953, 267, 30);
INSERT INTO `tb_cart_detail` VALUES (2954, 267, 32);
INSERT INTO `tb_cart_detail` VALUES (2955, 267, 45);
INSERT INTO `tb_cart_detail` VALUES (2956, 267, 49);
INSERT INTO `tb_cart_detail` VALUES (2957, 267, 53);
INSERT INTO `tb_cart_detail` VALUES (2958, 267, 57);
INSERT INTO `tb_cart_detail` VALUES (2959, 267, 33);
INSERT INTO `tb_cart_detail` VALUES (2960, 267, 34);
INSERT INTO `tb_cart_detail` VALUES (2961, 267, 35);
INSERT INTO `tb_cart_detail` VALUES (2962, 267, 36);
INSERT INTO `tb_cart_detail` VALUES (2963, 267, 37);
INSERT INTO `tb_cart_detail` VALUES (2964, 267, 38);
INSERT INTO `tb_cart_detail` VALUES (2965, 267, 39);
INSERT INTO `tb_cart_detail` VALUES (2966, 267, 40);
INSERT INTO `tb_cart_detail` VALUES (2967, 267, 41);
INSERT INTO `tb_cart_detail` VALUES (2968, 268, 3);
INSERT INTO `tb_cart_detail` VALUES (2969, 268, 13);
INSERT INTO `tb_cart_detail` VALUES (2970, 268, 18);
INSERT INTO `tb_cart_detail` VALUES (2971, 268, 23);
INSERT INTO `tb_cart_detail` VALUES (2972, 268, 26);
INSERT INTO `tb_cart_detail` VALUES (2973, 268, 32);
INSERT INTO `tb_cart_detail` VALUES (2974, 268, 43);
INSERT INTO `tb_cart_detail` VALUES (2975, 268, 47);
INSERT INTO `tb_cart_detail` VALUES (2976, 268, 51);
INSERT INTO `tb_cart_detail` VALUES (2977, 268, 55);
INSERT INTO `tb_cart_detail` VALUES (2978, 268, 35);
INSERT INTO `tb_cart_detail` VALUES (2979, 268, 41);
INSERT INTO `tb_cart_detail` VALUES (2980, 269, 4);
INSERT INTO `tb_cart_detail` VALUES (2981, 269, 13);
INSERT INTO `tb_cart_detail` VALUES (2982, 269, 14);
INSERT INTO `tb_cart_detail` VALUES (2983, 269, 24);
INSERT INTO `tb_cart_detail` VALUES (2984, 269, 30);
INSERT INTO `tb_cart_detail` VALUES (2985, 269, 32);
INSERT INTO `tb_cart_detail` VALUES (2986, 269, 45);
INSERT INTO `tb_cart_detail` VALUES (2987, 269, 49);
INSERT INTO `tb_cart_detail` VALUES (2988, 269, 53);
INSERT INTO `tb_cart_detail` VALUES (2989, 269, 57);
INSERT INTO `tb_cart_detail` VALUES (2990, 269, 33);
INSERT INTO `tb_cart_detail` VALUES (2991, 269, 34);
INSERT INTO `tb_cart_detail` VALUES (2992, 269, 35);
INSERT INTO `tb_cart_detail` VALUES (2993, 269, 36);
INSERT INTO `tb_cart_detail` VALUES (2994, 269, 37);
INSERT INTO `tb_cart_detail` VALUES (2995, 269, 38);
INSERT INTO `tb_cart_detail` VALUES (2996, 269, 39);
INSERT INTO `tb_cart_detail` VALUES (2997, 269, 40);
INSERT INTO `tb_cart_detail` VALUES (2998, 269, 41);
INSERT INTO `tb_cart_detail` VALUES (2999, 270, 2);
INSERT INTO `tb_cart_detail` VALUES (3000, 270, 13);
INSERT INTO `tb_cart_detail` VALUES (3001, 270, 64);
INSERT INTO `tb_cart_detail` VALUES (3002, 270, 29);
INSERT INTO `tb_cart_detail` VALUES (3003, 270, 21);
INSERT INTO `tb_cart_detail` VALUES (3004, 270, 32);
INSERT INTO `tb_cart_detail` VALUES (3005, 270, 44);
INSERT INTO `tb_cart_detail` VALUES (3006, 270, 48);
INSERT INTO `tb_cart_detail` VALUES (3007, 270, 51);
INSERT INTO `tb_cart_detail` VALUES (3008, 270, 55);
INSERT INTO `tb_cart_detail` VALUES (3009, 270, 35);
INSERT INTO `tb_cart_detail` VALUES (3010, 270, 41);
INSERT INTO `tb_cart_detail` VALUES (3011, 271, 2);
INSERT INTO `tb_cart_detail` VALUES (3012, 271, 13);
INSERT INTO `tb_cart_detail` VALUES (3013, 271, 64);
INSERT INTO `tb_cart_detail` VALUES (3014, 271, 29);
INSERT INTO `tb_cart_detail` VALUES (3015, 271, 21);
INSERT INTO `tb_cart_detail` VALUES (3016, 271, 32);
INSERT INTO `tb_cart_detail` VALUES (3017, 271, 44);
INSERT INTO `tb_cart_detail` VALUES (3018, 271, 48);
INSERT INTO `tb_cart_detail` VALUES (3019, 271, 51);
INSERT INTO `tb_cart_detail` VALUES (3020, 271, 55);
INSERT INTO `tb_cart_detail` VALUES (3021, 271, 35);
INSERT INTO `tb_cart_detail` VALUES (3022, 271, 41);
INSERT INTO `tb_cart_detail` VALUES (3023, 272, 1);
INSERT INTO `tb_cart_detail` VALUES (3024, 272, 13);
INSERT INTO `tb_cart_detail` VALUES (3025, 272, 18);
INSERT INTO `tb_cart_detail` VALUES (3026, 272, 23);
INSERT INTO `tb_cart_detail` VALUES (3027, 272, 26);
INSERT INTO `tb_cart_detail` VALUES (3028, 272, 32);
INSERT INTO `tb_cart_detail` VALUES (3029, 272, 43);
INSERT INTO `tb_cart_detail` VALUES (3030, 272, 47);
INSERT INTO `tb_cart_detail` VALUES (3031, 272, 51);
INSERT INTO `tb_cart_detail` VALUES (3032, 272, 55);
INSERT INTO `tb_cart_detail` VALUES (3033, 272, 34);
INSERT INTO `tb_cart_detail` VALUES (3034, 272, 35);
INSERT INTO `tb_cart_detail` VALUES (3035, 272, 40);
INSERT INTO `tb_cart_detail` VALUES (3036, 273, 10);
INSERT INTO `tb_cart_detail` VALUES (3037, 273, 29);
INSERT INTO `tb_cart_detail` VALUES (3038, 273, 31);
INSERT INTO `tb_cart_detail` VALUES (3039, 273, 43);
INSERT INTO `tb_cart_detail` VALUES (3040, 273, 47);
INSERT INTO `tb_cart_detail` VALUES (3041, 273, 50);
INSERT INTO `tb_cart_detail` VALUES (3042, 273, 55);
INSERT INTO `tb_cart_detail` VALUES (3043, 273, 35);
INSERT INTO `tb_cart_detail` VALUES (3044, 273, 37);
INSERT INTO `tb_cart_detail` VALUES (3045, 274, 2);
INSERT INTO `tb_cart_detail` VALUES (3046, 274, 13);
INSERT INTO `tb_cart_detail` VALUES (3047, 274, 65);
INSERT INTO `tb_cart_detail` VALUES (3048, 274, 29);
INSERT INTO `tb_cart_detail` VALUES (3049, 274, 21);
INSERT INTO `tb_cart_detail` VALUES (3050, 274, 32);
INSERT INTO `tb_cart_detail` VALUES (3051, 274, 43);
INSERT INTO `tb_cart_detail` VALUES (3052, 274, 47);
INSERT INTO `tb_cart_detail` VALUES (3053, 274, 51);
INSERT INTO `tb_cart_detail` VALUES (3054, 274, 55);
INSERT INTO `tb_cart_detail` VALUES (3055, 275, 2);
INSERT INTO `tb_cart_detail` VALUES (3056, 275, 13);
INSERT INTO `tb_cart_detail` VALUES (3057, 275, 18);
INSERT INTO `tb_cart_detail` VALUES (3058, 275, 23);
INSERT INTO `tb_cart_detail` VALUES (3059, 275, 26);
INSERT INTO `tb_cart_detail` VALUES (3060, 275, 32);
INSERT INTO `tb_cart_detail` VALUES (3061, 275, 43);
INSERT INTO `tb_cart_detail` VALUES (3062, 275, 47);
INSERT INTO `tb_cart_detail` VALUES (3063, 275, 51);
INSERT INTO `tb_cart_detail` VALUES (3064, 275, 55);
INSERT INTO `tb_cart_detail` VALUES (3065, 275, 41);
INSERT INTO `tb_cart_detail` VALUES (3066, 276, 2);
INSERT INTO `tb_cart_detail` VALUES (3067, 276, 13);
INSERT INTO `tb_cart_detail` VALUES (3068, 276, 18);
INSERT INTO `tb_cart_detail` VALUES (3069, 276, 24);
INSERT INTO `tb_cart_detail` VALUES (3070, 276, 27);
INSERT INTO `tb_cart_detail` VALUES (3071, 276, 32);
INSERT INTO `tb_cart_detail` VALUES (3072, 276, 45);
INSERT INTO `tb_cart_detail` VALUES (3073, 276, 49);
INSERT INTO `tb_cart_detail` VALUES (3074, 276, 53);
INSERT INTO `tb_cart_detail` VALUES (3075, 276, 57);
INSERT INTO `tb_cart_detail` VALUES (3076, 276, 35);
INSERT INTO `tb_cart_detail` VALUES (3077, 276, 41);
INSERT INTO `tb_cart_detail` VALUES (3078, 277, 3);
INSERT INTO `tb_cart_detail` VALUES (3079, 277, 13);
INSERT INTO `tb_cart_detail` VALUES (3080, 277, 14);
INSERT INTO `tb_cart_detail` VALUES (3081, 277, 24);
INSERT INTO `tb_cart_detail` VALUES (3082, 277, 27);
INSERT INTO `tb_cart_detail` VALUES (3083, 277, 32);
INSERT INTO `tb_cart_detail` VALUES (3084, 277, 44);
INSERT INTO `tb_cart_detail` VALUES (3085, 277, 48);
INSERT INTO `tb_cart_detail` VALUES (3086, 277, 52);
INSERT INTO `tb_cart_detail` VALUES (3087, 277, 56);
INSERT INTO `tb_cart_detail` VALUES (3088, 277, 35);
INSERT INTO `tb_cart_detail` VALUES (3089, 277, 41);
INSERT INTO `tb_cart_detail` VALUES (3090, 278, 1);
INSERT INTO `tb_cart_detail` VALUES (3091, 278, 13);
INSERT INTO `tb_cart_detail` VALUES (3092, 278, 15);
INSERT INTO `tb_cart_detail` VALUES (3093, 278, 23);
INSERT INTO `tb_cart_detail` VALUES (3094, 278, 27);
INSERT INTO `tb_cart_detail` VALUES (3095, 278, 32);
INSERT INTO `tb_cart_detail` VALUES (3096, 278, 43);
INSERT INTO `tb_cart_detail` VALUES (3097, 278, 47);
INSERT INTO `tb_cart_detail` VALUES (3098, 278, 52);
INSERT INTO `tb_cart_detail` VALUES (3099, 278, 56);
INSERT INTO `tb_cart_detail` VALUES (3100, 278, 36);
INSERT INTO `tb_cart_detail` VALUES (3101, 278, 41);
INSERT INTO `tb_cart_detail` VALUES (3102, 279, 1);
INSERT INTO `tb_cart_detail` VALUES (3103, 279, 13);
INSERT INTO `tb_cart_detail` VALUES (3104, 279, 17);
INSERT INTO `tb_cart_detail` VALUES (3105, 279, 23);
INSERT INTO `tb_cart_detail` VALUES (3106, 279, 29);
INSERT INTO `tb_cart_detail` VALUES (3107, 279, 31);
INSERT INTO `tb_cart_detail` VALUES (3108, 279, 44);
INSERT INTO `tb_cart_detail` VALUES (3109, 279, 46);
INSERT INTO `tb_cart_detail` VALUES (3110, 279, 50);
INSERT INTO `tb_cart_detail` VALUES (3111, 279, 54);
INSERT INTO `tb_cart_detail` VALUES (3112, 280, 10);
INSERT INTO `tb_cart_detail` VALUES (3113, 280, 28);
INSERT INTO `tb_cart_detail` VALUES (3114, 280, 32);
INSERT INTO `tb_cart_detail` VALUES (3115, 280, 43);
INSERT INTO `tb_cart_detail` VALUES (3116, 280, 47);
INSERT INTO `tb_cart_detail` VALUES (3117, 280, 51);
INSERT INTO `tb_cart_detail` VALUES (3118, 280, 55);
INSERT INTO `tb_cart_detail` VALUES (3119, 280, 34);
INSERT INTO `tb_cart_detail` VALUES (3120, 280, 41);
INSERT INTO `tb_cart_detail` VALUES (3121, 281, 21);
INSERT INTO `tb_cart_detail` VALUES (3122, 281, 72);
INSERT INTO `tb_cart_detail` VALUES (3123, 281, 71);
INSERT INTO `tb_cart_detail` VALUES (3124, 281, 76);
INSERT INTO `tb_cart_detail` VALUES (3125, 281, 79);
INSERT INTO `tb_cart_detail` VALUES (3126, 281, 84);
INSERT INTO `tb_cart_detail` VALUES (3127, 281, 75);
INSERT INTO `tb_cart_detail` VALUES (3128, 282, 2);
INSERT INTO `tb_cart_detail` VALUES (3129, 282, 13);
INSERT INTO `tb_cart_detail` VALUES (3130, 282, 15);
INSERT INTO `tb_cart_detail` VALUES (3131, 282, 23);
INSERT INTO `tb_cart_detail` VALUES (3132, 282, 27);
INSERT INTO `tb_cart_detail` VALUES (3133, 282, 32);
INSERT INTO `tb_cart_detail` VALUES (3134, 282, 44);
INSERT INTO `tb_cart_detail` VALUES (3135, 282, 48);
INSERT INTO `tb_cart_detail` VALUES (3136, 282, 52);
INSERT INTO `tb_cart_detail` VALUES (3137, 282, 56);
INSERT INTO `tb_cart_detail` VALUES (3138, 282, 35);
INSERT INTO `tb_cart_detail` VALUES (3139, 282, 40);
INSERT INTO `tb_cart_detail` VALUES (3140, 283, 3);
INSERT INTO `tb_cart_detail` VALUES (3141, 283, 13);
INSERT INTO `tb_cart_detail` VALUES (3142, 283, 18);
INSERT INTO `tb_cart_detail` VALUES (3143, 283, 23);
INSERT INTO `tb_cart_detail` VALUES (3144, 283, 26);
INSERT INTO `tb_cart_detail` VALUES (3145, 283, 32);
INSERT INTO `tb_cart_detail` VALUES (3146, 283, 45);
INSERT INTO `tb_cart_detail` VALUES (3147, 283, 48);
INSERT INTO `tb_cart_detail` VALUES (3148, 283, 52);
INSERT INTO `tb_cart_detail` VALUES (3149, 283, 56);
INSERT INTO `tb_cart_detail` VALUES (3150, 283, 35);
INSERT INTO `tb_cart_detail` VALUES (3151, 283, 41);
INSERT INTO `tb_cart_detail` VALUES (3152, 284, 10);
INSERT INTO `tb_cart_detail` VALUES (3153, 284, 28);
INSERT INTO `tb_cart_detail` VALUES (3154, 284, 32);
INSERT INTO `tb_cart_detail` VALUES (3155, 284, 44);
INSERT INTO `tb_cart_detail` VALUES (3156, 284, 47);
INSERT INTO `tb_cart_detail` VALUES (3157, 284, 51);
INSERT INTO `tb_cart_detail` VALUES (3158, 284, 55);
INSERT INTO `tb_cart_detail` VALUES (3159, 284, 36);
INSERT INTO `tb_cart_detail` VALUES (3160, 285, 10);
INSERT INTO `tb_cart_detail` VALUES (3161, 285, 27);
INSERT INTO `tb_cart_detail` VALUES (3162, 285, 32);
INSERT INTO `tb_cart_detail` VALUES (3163, 285, 45);
INSERT INTO `tb_cart_detail` VALUES (3164, 285, 48);
INSERT INTO `tb_cart_detail` VALUES (3165, 285, 52);
INSERT INTO `tb_cart_detail` VALUES (3166, 285, 56);
INSERT INTO `tb_cart_detail` VALUES (3167, 286, 1);
INSERT INTO `tb_cart_detail` VALUES (3168, 286, 13);
INSERT INTO `tb_cart_detail` VALUES (3169, 286, 17);
INSERT INTO `tb_cart_detail` VALUES (3170, 286, 21);
INSERT INTO `tb_cart_detail` VALUES (3171, 286, 25);
INSERT INTO `tb_cart_detail` VALUES (3172, 286, 31);
INSERT INTO `tb_cart_detail` VALUES (3173, 286, 43);
INSERT INTO `tb_cart_detail` VALUES (3174, 286, 46);
INSERT INTO `tb_cart_detail` VALUES (3175, 286, 50);
INSERT INTO `tb_cart_detail` VALUES (3176, 286, 54);
INSERT INTO `tb_cart_detail` VALUES (3177, 286, 36);
INSERT INTO `tb_cart_detail` VALUES (3178, 287, 2);
INSERT INTO `tb_cart_detail` VALUES (3179, 287, 13);
INSERT INTO `tb_cart_detail` VALUES (3180, 287, 18);
INSERT INTO `tb_cart_detail` VALUES (3181, 287, 23);
INSERT INTO `tb_cart_detail` VALUES (3182, 287, 26);
INSERT INTO `tb_cart_detail` VALUES (3183, 287, 32);
INSERT INTO `tb_cart_detail` VALUES (3184, 287, 44);
INSERT INTO `tb_cart_detail` VALUES (3185, 287, 48);
INSERT INTO `tb_cart_detail` VALUES (3186, 287, 52);
INSERT INTO `tb_cart_detail` VALUES (3187, 287, 56);
INSERT INTO `tb_cart_detail` VALUES (3188, 288, 2);
INSERT INTO `tb_cart_detail` VALUES (3189, 288, 13);
INSERT INTO `tb_cart_detail` VALUES (3190, 288, 18);
INSERT INTO `tb_cart_detail` VALUES (3191, 288, 23);
INSERT INTO `tb_cart_detail` VALUES (3192, 288, 26);
INSERT INTO `tb_cart_detail` VALUES (3193, 288, 32);
INSERT INTO `tb_cart_detail` VALUES (3194, 288, 44);
INSERT INTO `tb_cart_detail` VALUES (3195, 288, 48);
INSERT INTO `tb_cart_detail` VALUES (3196, 288, 52);
INSERT INTO `tb_cart_detail` VALUES (3197, 288, 56);
INSERT INTO `tb_cart_detail` VALUES (3198, 289, 1);
INSERT INTO `tb_cart_detail` VALUES (3199, 289, 12);
INSERT INTO `tb_cart_detail` VALUES (3200, 289, 17);
INSERT INTO `tb_cart_detail` VALUES (3201, 289, 21);
INSERT INTO `tb_cart_detail` VALUES (3202, 289, 25);
INSERT INTO `tb_cart_detail` VALUES (3203, 289, 31);
INSERT INTO `tb_cart_detail` VALUES (3204, 289, 43);
INSERT INTO `tb_cart_detail` VALUES (3205, 289, 46);
INSERT INTO `tb_cart_detail` VALUES (3206, 289, 50);
INSERT INTO `tb_cart_detail` VALUES (3207, 289, 54);
INSERT INTO `tb_cart_detail` VALUES (3208, 290, 10);
INSERT INTO `tb_cart_detail` VALUES (3209, 290, 69);
INSERT INTO `tb_cart_detail` VALUES (3210, 290, 32);
INSERT INTO `tb_cart_detail` VALUES (3211, 290, 43);
INSERT INTO `tb_cart_detail` VALUES (3212, 290, 48);
INSERT INTO `tb_cart_detail` VALUES (3213, 290, 53);
INSERT INTO `tb_cart_detail` VALUES (3214, 290, 56);
INSERT INTO `tb_cart_detail` VALUES (3215, 291, 10);
INSERT INTO `tb_cart_detail` VALUES (3216, 291, 69);
INSERT INTO `tb_cart_detail` VALUES (3217, 291, 32);
INSERT INTO `tb_cart_detail` VALUES (3218, 291, 43);
INSERT INTO `tb_cart_detail` VALUES (3219, 291, 48);
INSERT INTO `tb_cart_detail` VALUES (3220, 291, 53);
INSERT INTO `tb_cart_detail` VALUES (3221, 291, 56);
INSERT INTO `tb_cart_detail` VALUES (3222, 292, 10);
INSERT INTO `tb_cart_detail` VALUES (3223, 292, 28);
INSERT INTO `tb_cart_detail` VALUES (3224, 292, 32);
INSERT INTO `tb_cart_detail` VALUES (3225, 292, 44);
INSERT INTO `tb_cart_detail` VALUES (3226, 292, 49);
INSERT INTO `tb_cart_detail` VALUES (3227, 292, 52);
INSERT INTO `tb_cart_detail` VALUES (3228, 292, 57);
INSERT INTO `tb_cart_detail` VALUES (3229, 292, 36);
INSERT INTO `tb_cart_detail` VALUES (3230, 293, 10);
INSERT INTO `tb_cart_detail` VALUES (3231, 293, 27);
INSERT INTO `tb_cart_detail` VALUES (3232, 293, 32);
INSERT INTO `tb_cart_detail` VALUES (3233, 293, 44);
INSERT INTO `tb_cart_detail` VALUES (3234, 293, 47);
INSERT INTO `tb_cart_detail` VALUES (3235, 293, 52);
INSERT INTO `tb_cart_detail` VALUES (3236, 293, 55);
INSERT INTO `tb_cart_detail` VALUES (3237, 294, 1);
INSERT INTO `tb_cart_detail` VALUES (3238, 294, 12);
INSERT INTO `tb_cart_detail` VALUES (3239, 294, 16);
INSERT INTO `tb_cart_detail` VALUES (3240, 294, 21);
INSERT INTO `tb_cart_detail` VALUES (3241, 294, 25);
INSERT INTO `tb_cart_detail` VALUES (3242, 294, 31);
INSERT INTO `tb_cart_detail` VALUES (3243, 294, 42);
INSERT INTO `tb_cart_detail` VALUES (3244, 294, 46);
INSERT INTO `tb_cart_detail` VALUES (3245, 294, 50);
INSERT INTO `tb_cart_detail` VALUES (3246, 294, 54);
INSERT INTO `tb_cart_detail` VALUES (3247, 295, 1);
INSERT INTO `tb_cart_detail` VALUES (3248, 295, 12);
INSERT INTO `tb_cart_detail` VALUES (3249, 295, 16);
INSERT INTO `tb_cart_detail` VALUES (3250, 295, 21);
INSERT INTO `tb_cart_detail` VALUES (3251, 295, 25);
INSERT INTO `tb_cart_detail` VALUES (3252, 295, 31);
INSERT INTO `tb_cart_detail` VALUES (3253, 295, 42);
INSERT INTO `tb_cart_detail` VALUES (3254, 295, 46);
INSERT INTO `tb_cart_detail` VALUES (3255, 295, 50);
INSERT INTO `tb_cart_detail` VALUES (3256, 295, 54);
INSERT INTO `tb_cart_detail` VALUES (3257, 296, 1);
INSERT INTO `tb_cart_detail` VALUES (3258, 296, 13);
INSERT INTO `tb_cart_detail` VALUES (3259, 296, 18);
INSERT INTO `tb_cart_detail` VALUES (3260, 296, 24);
INSERT INTO `tb_cart_detail` VALUES (3261, 296, 26);
INSERT INTO `tb_cart_detail` VALUES (3262, 296, 32);
INSERT INTO `tb_cart_detail` VALUES (3263, 296, 45);
INSERT INTO `tb_cart_detail` VALUES (3264, 296, 48);
INSERT INTO `tb_cart_detail` VALUES (3265, 296, 51);
INSERT INTO `tb_cart_detail` VALUES (3266, 296, 57);
INSERT INTO `tb_cart_detail` VALUES (3267, 296, 35);
INSERT INTO `tb_cart_detail` VALUES (3268, 296, 37);
INSERT INTO `tb_cart_detail` VALUES (3269, 296, 41);
INSERT INTO `tb_cart_detail` VALUES (3270, 297, 1);
INSERT INTO `tb_cart_detail` VALUES (3271, 297, 13);
INSERT INTO `tb_cart_detail` VALUES (3272, 297, 18);
INSERT INTO `tb_cart_detail` VALUES (3273, 297, 24);
INSERT INTO `tb_cart_detail` VALUES (3274, 297, 26);
INSERT INTO `tb_cart_detail` VALUES (3275, 297, 32);
INSERT INTO `tb_cart_detail` VALUES (3276, 297, 45);
INSERT INTO `tb_cart_detail` VALUES (3277, 297, 48);
INSERT INTO `tb_cart_detail` VALUES (3278, 297, 51);
INSERT INTO `tb_cart_detail` VALUES (3279, 297, 57);
INSERT INTO `tb_cart_detail` VALUES (3280, 297, 35);
INSERT INTO `tb_cart_detail` VALUES (3281, 297, 37);
INSERT INTO `tb_cart_detail` VALUES (3282, 297, 41);
INSERT INTO `tb_cart_detail` VALUES (3283, 298, 1);
INSERT INTO `tb_cart_detail` VALUES (3284, 298, 13);
INSERT INTO `tb_cart_detail` VALUES (3285, 298, 18);
INSERT INTO `tb_cart_detail` VALUES (3286, 298, 24);
INSERT INTO `tb_cart_detail` VALUES (3287, 298, 26);
INSERT INTO `tb_cart_detail` VALUES (3288, 298, 32);
INSERT INTO `tb_cart_detail` VALUES (3289, 298, 45);
INSERT INTO `tb_cart_detail` VALUES (3290, 298, 48);
INSERT INTO `tb_cart_detail` VALUES (3291, 298, 51);
INSERT INTO `tb_cart_detail` VALUES (3292, 298, 57);
INSERT INTO `tb_cart_detail` VALUES (3293, 298, 35);
INSERT INTO `tb_cart_detail` VALUES (3294, 298, 37);
INSERT INTO `tb_cart_detail` VALUES (3295, 298, 41);
INSERT INTO `tb_cart_detail` VALUES (3296, 299, 1);
INSERT INTO `tb_cart_detail` VALUES (3297, 299, 13);
INSERT INTO `tb_cart_detail` VALUES (3298, 299, 18);
INSERT INTO `tb_cart_detail` VALUES (3299, 299, 24);
INSERT INTO `tb_cart_detail` VALUES (3300, 299, 26);
INSERT INTO `tb_cart_detail` VALUES (3301, 299, 32);
INSERT INTO `tb_cart_detail` VALUES (3302, 299, 45);
INSERT INTO `tb_cart_detail` VALUES (3303, 299, 48);
INSERT INTO `tb_cart_detail` VALUES (3304, 299, 51);
INSERT INTO `tb_cart_detail` VALUES (3305, 299, 57);
INSERT INTO `tb_cart_detail` VALUES (3306, 299, 35);
INSERT INTO `tb_cart_detail` VALUES (3307, 299, 37);
INSERT INTO `tb_cart_detail` VALUES (3308, 299, 41);
INSERT INTO `tb_cart_detail` VALUES (3309, 300, 1);
INSERT INTO `tb_cart_detail` VALUES (3310, 300, 13);
INSERT INTO `tb_cart_detail` VALUES (3311, 300, 18);
INSERT INTO `tb_cart_detail` VALUES (3312, 300, 24);
INSERT INTO `tb_cart_detail` VALUES (3313, 300, 26);
INSERT INTO `tb_cart_detail` VALUES (3314, 300, 32);
INSERT INTO `tb_cart_detail` VALUES (3315, 300, 45);
INSERT INTO `tb_cart_detail` VALUES (3316, 300, 48);
INSERT INTO `tb_cart_detail` VALUES (3317, 300, 51);
INSERT INTO `tb_cart_detail` VALUES (3318, 300, 57);
INSERT INTO `tb_cart_detail` VALUES (3319, 300, 35);
INSERT INTO `tb_cart_detail` VALUES (3320, 300, 37);
INSERT INTO `tb_cart_detail` VALUES (3321, 300, 41);
INSERT INTO `tb_cart_detail` VALUES (3322, 301, 2);
INSERT INTO `tb_cart_detail` VALUES (3323, 301, 13);
INSERT INTO `tb_cart_detail` VALUES (3324, 301, 17);
INSERT INTO `tb_cart_detail` VALUES (3325, 301, 23);
INSERT INTO `tb_cart_detail` VALUES (3326, 301, 26);
INSERT INTO `tb_cart_detail` VALUES (3327, 301, 32);
INSERT INTO `tb_cart_detail` VALUES (3328, 301, 44);
INSERT INTO `tb_cart_detail` VALUES (3329, 301, 48);
INSERT INTO `tb_cart_detail` VALUES (3330, 301, 52);
INSERT INTO `tb_cart_detail` VALUES (3331, 301, 56);
INSERT INTO `tb_cart_detail` VALUES (3332, 301, 35);
INSERT INTO `tb_cart_detail` VALUES (3333, 302, 2);
INSERT INTO `tb_cart_detail` VALUES (3334, 302, 13);
INSERT INTO `tb_cart_detail` VALUES (3335, 302, 17);
INSERT INTO `tb_cart_detail` VALUES (3336, 302, 23);
INSERT INTO `tb_cart_detail` VALUES (3337, 302, 26);
INSERT INTO `tb_cart_detail` VALUES (3338, 302, 32);
INSERT INTO `tb_cart_detail` VALUES (3339, 302, 44);
INSERT INTO `tb_cart_detail` VALUES (3340, 302, 48);
INSERT INTO `tb_cart_detail` VALUES (3341, 302, 52);
INSERT INTO `tb_cart_detail` VALUES (3342, 302, 56);
INSERT INTO `tb_cart_detail` VALUES (3343, 302, 35);
INSERT INTO `tb_cart_detail` VALUES (3344, 303, 2);
INSERT INTO `tb_cart_detail` VALUES (3345, 303, 13);
INSERT INTO `tb_cart_detail` VALUES (3346, 303, 17);
INSERT INTO `tb_cart_detail` VALUES (3347, 303, 23);
INSERT INTO `tb_cart_detail` VALUES (3348, 303, 26);
INSERT INTO `tb_cart_detail` VALUES (3349, 303, 32);
INSERT INTO `tb_cart_detail` VALUES (3350, 303, 44);
INSERT INTO `tb_cart_detail` VALUES (3351, 303, 48);
INSERT INTO `tb_cart_detail` VALUES (3352, 303, 52);
INSERT INTO `tb_cart_detail` VALUES (3353, 303, 56);
INSERT INTO `tb_cart_detail` VALUES (3354, 303, 35);
INSERT INTO `tb_cart_detail` VALUES (3355, 304, 2);
INSERT INTO `tb_cart_detail` VALUES (3356, 304, 13);
INSERT INTO `tb_cart_detail` VALUES (3357, 304, 17);
INSERT INTO `tb_cart_detail` VALUES (3358, 304, 23);
INSERT INTO `tb_cart_detail` VALUES (3359, 304, 26);
INSERT INTO `tb_cart_detail` VALUES (3360, 304, 32);
INSERT INTO `tb_cart_detail` VALUES (3361, 304, 44);
INSERT INTO `tb_cart_detail` VALUES (3362, 304, 48);
INSERT INTO `tb_cart_detail` VALUES (3363, 304, 52);
INSERT INTO `tb_cart_detail` VALUES (3364, 304, 56);
INSERT INTO `tb_cart_detail` VALUES (3365, 304, 35);
INSERT INTO `tb_cart_detail` VALUES (3366, 305, 2);
INSERT INTO `tb_cart_detail` VALUES (3367, 305, 13);
INSERT INTO `tb_cart_detail` VALUES (3368, 305, 17);
INSERT INTO `tb_cart_detail` VALUES (3369, 305, 23);
INSERT INTO `tb_cart_detail` VALUES (3370, 305, 26);
INSERT INTO `tb_cart_detail` VALUES (3371, 305, 32);
INSERT INTO `tb_cart_detail` VALUES (3372, 305, 44);
INSERT INTO `tb_cart_detail` VALUES (3373, 305, 48);
INSERT INTO `tb_cart_detail` VALUES (3374, 305, 52);
INSERT INTO `tb_cart_detail` VALUES (3375, 305, 56);
INSERT INTO `tb_cart_detail` VALUES (3376, 305, 35);
INSERT INTO `tb_cart_detail` VALUES (3377, 306, 9);
INSERT INTO `tb_cart_detail` VALUES (3378, 306, 28);
INSERT INTO `tb_cart_detail` VALUES (3379, 306, 31);
INSERT INTO `tb_cart_detail` VALUES (3380, 306, 42);
INSERT INTO `tb_cart_detail` VALUES (3381, 306, 46);
INSERT INTO `tb_cart_detail` VALUES (3382, 306, 50);
INSERT INTO `tb_cart_detail` VALUES (3383, 306, 54);
INSERT INTO `tb_cart_detail` VALUES (3384, 306, 36);
INSERT INTO `tb_cart_detail` VALUES (3385, 307, 9);
INSERT INTO `tb_cart_detail` VALUES (3386, 307, 27);
INSERT INTO `tb_cart_detail` VALUES (3387, 307, 31);
INSERT INTO `tb_cart_detail` VALUES (3388, 307, 44);
INSERT INTO `tb_cart_detail` VALUES (3389, 307, 48);
INSERT INTO `tb_cart_detail` VALUES (3390, 307, 52);
INSERT INTO `tb_cart_detail` VALUES (3391, 307, 56);
INSERT INTO `tb_cart_detail` VALUES (3392, 308, 10);
INSERT INTO `tb_cart_detail` VALUES (3393, 308, 29);
INSERT INTO `tb_cart_detail` VALUES (3394, 308, 32);
INSERT INTO `tb_cart_detail` VALUES (3395, 308, 44);
INSERT INTO `tb_cart_detail` VALUES (3396, 308, 48);
INSERT INTO `tb_cart_detail` VALUES (3397, 308, 52);
INSERT INTO `tb_cart_detail` VALUES (3398, 308, 56);
INSERT INTO `tb_cart_detail` VALUES (3399, 309, 4);
INSERT INTO `tb_cart_detail` VALUES (3400, 309, 13);
INSERT INTO `tb_cart_detail` VALUES (3401, 309, 15);
INSERT INTO `tb_cart_detail` VALUES (3402, 309, 23);
INSERT INTO `tb_cart_detail` VALUES (3403, 309, 26);
INSERT INTO `tb_cart_detail` VALUES (3404, 309, 32);
INSERT INTO `tb_cart_detail` VALUES (3405, 309, 44);
INSERT INTO `tb_cart_detail` VALUES (3406, 309, 48);
INSERT INTO `tb_cart_detail` VALUES (3407, 309, 52);
INSERT INTO `tb_cart_detail` VALUES (3408, 309, 56);
INSERT INTO `tb_cart_detail` VALUES (3409, 309, 35);
INSERT INTO `tb_cart_detail` VALUES (3410, 309, 40);
INSERT INTO `tb_cart_detail` VALUES (3411, 310, 4);
INSERT INTO `tb_cart_detail` VALUES (3412, 310, 13);
INSERT INTO `tb_cart_detail` VALUES (3413, 310, 15);
INSERT INTO `tb_cart_detail` VALUES (3414, 310, 23);
INSERT INTO `tb_cart_detail` VALUES (3415, 310, 26);
INSERT INTO `tb_cart_detail` VALUES (3416, 310, 32);
INSERT INTO `tb_cart_detail` VALUES (3417, 310, 44);
INSERT INTO `tb_cart_detail` VALUES (3418, 310, 48);
INSERT INTO `tb_cart_detail` VALUES (3419, 310, 52);
INSERT INTO `tb_cart_detail` VALUES (3420, 310, 56);
INSERT INTO `tb_cart_detail` VALUES (3421, 310, 35);
INSERT INTO `tb_cart_detail` VALUES (3422, 310, 40);
INSERT INTO `tb_cart_detail` VALUES (3423, 311, 1);
INSERT INTO `tb_cart_detail` VALUES (3424, 311, 12);
INSERT INTO `tb_cart_detail` VALUES (3425, 311, 64);
INSERT INTO `tb_cart_detail` VALUES (3426, 311, 28);
INSERT INTO `tb_cart_detail` VALUES (3427, 311, 20);
INSERT INTO `tb_cart_detail` VALUES (3428, 311, 31);
INSERT INTO `tb_cart_detail` VALUES (3429, 311, 42);
INSERT INTO `tb_cart_detail` VALUES (3430, 311, 46);
INSERT INTO `tb_cart_detail` VALUES (3431, 311, 50);
INSERT INTO `tb_cart_detail` VALUES (3432, 311, 54);
INSERT INTO `tb_cart_detail` VALUES (3433, 311, 34);
INSERT INTO `tb_cart_detail` VALUES (3434, 311, 40);
INSERT INTO `tb_cart_detail` VALUES (3435, 312, 1);
INSERT INTO `tb_cart_detail` VALUES (3436, 312, 13);
INSERT INTO `tb_cart_detail` VALUES (3437, 312, 17);
INSERT INTO `tb_cart_detail` VALUES (3438, 312, 23);
INSERT INTO `tb_cart_detail` VALUES (3439, 312, 26);
INSERT INTO `tb_cart_detail` VALUES (3440, 312, 32);
INSERT INTO `tb_cart_detail` VALUES (3441, 312, 44);
INSERT INTO `tb_cart_detail` VALUES (3442, 312, 48);
INSERT INTO `tb_cart_detail` VALUES (3443, 312, 52);
INSERT INTO `tb_cart_detail` VALUES (3444, 312, 56);
INSERT INTO `tb_cart_detail` VALUES (3445, 313, 4);
INSERT INTO `tb_cart_detail` VALUES (3446, 313, 13);
INSERT INTO `tb_cart_detail` VALUES (3447, 313, 65);
INSERT INTO `tb_cart_detail` VALUES (3448, 313, 29);
INSERT INTO `tb_cart_detail` VALUES (3449, 313, 21);
INSERT INTO `tb_cart_detail` VALUES (3450, 313, 32);
INSERT INTO `tb_cart_detail` VALUES (3451, 313, 44);
INSERT INTO `tb_cart_detail` VALUES (3452, 313, 48);
INSERT INTO `tb_cart_detail` VALUES (3453, 313, 52);
INSERT INTO `tb_cart_detail` VALUES (3454, 313, 56);
INSERT INTO `tb_cart_detail` VALUES (3455, 313, 37);
INSERT INTO `tb_cart_detail` VALUES (3456, 314, 2);
INSERT INTO `tb_cart_detail` VALUES (3457, 314, 13);
INSERT INTO `tb_cart_detail` VALUES (3458, 314, 18);
INSERT INTO `tb_cart_detail` VALUES (3459, 314, 23);
INSERT INTO `tb_cart_detail` VALUES (3460, 314, 26);
INSERT INTO `tb_cart_detail` VALUES (3461, 314, 32);
INSERT INTO `tb_cart_detail` VALUES (3462, 314, 43);
INSERT INTO `tb_cart_detail` VALUES (3463, 314, 48);
INSERT INTO `tb_cart_detail` VALUES (3464, 314, 52);
INSERT INTO `tb_cart_detail` VALUES (3465, 314, 55);
INSERT INTO `tb_cart_detail` VALUES (3466, 314, 34);
INSERT INTO `tb_cart_detail` VALUES (3467, 315, 2);
INSERT INTO `tb_cart_detail` VALUES (3468, 315, 13);
INSERT INTO `tb_cart_detail` VALUES (3469, 315, 18);
INSERT INTO `tb_cart_detail` VALUES (3470, 315, 23);
INSERT INTO `tb_cart_detail` VALUES (3471, 315, 26);
INSERT INTO `tb_cart_detail` VALUES (3472, 315, 32);
INSERT INTO `tb_cart_detail` VALUES (3473, 315, 43);
INSERT INTO `tb_cart_detail` VALUES (3474, 315, 48);
INSERT INTO `tb_cart_detail` VALUES (3475, 315, 52);
INSERT INTO `tb_cart_detail` VALUES (3476, 315, 55);
INSERT INTO `tb_cart_detail` VALUES (3477, 315, 34);
INSERT INTO `tb_cart_detail` VALUES (3478, 316, 2);
INSERT INTO `tb_cart_detail` VALUES (3479, 316, 13);
INSERT INTO `tb_cart_detail` VALUES (3480, 316, 18);
INSERT INTO `tb_cart_detail` VALUES (3481, 316, 23);
INSERT INTO `tb_cart_detail` VALUES (3482, 316, 26);
INSERT INTO `tb_cart_detail` VALUES (3483, 316, 32);
INSERT INTO `tb_cart_detail` VALUES (3484, 316, 43);
INSERT INTO `tb_cart_detail` VALUES (3485, 316, 48);
INSERT INTO `tb_cart_detail` VALUES (3486, 316, 52);
INSERT INTO `tb_cart_detail` VALUES (3487, 316, 55);
INSERT INTO `tb_cart_detail` VALUES (3488, 316, 34);
INSERT INTO `tb_cart_detail` VALUES (3489, 317, 2);
INSERT INTO `tb_cart_detail` VALUES (3490, 317, 13);
INSERT INTO `tb_cart_detail` VALUES (3491, 317, 18);
INSERT INTO `tb_cart_detail` VALUES (3492, 317, 23);
INSERT INTO `tb_cart_detail` VALUES (3493, 317, 26);
INSERT INTO `tb_cart_detail` VALUES (3494, 317, 32);
INSERT INTO `tb_cart_detail` VALUES (3495, 317, 43);
INSERT INTO `tb_cart_detail` VALUES (3496, 317, 48);
INSERT INTO `tb_cart_detail` VALUES (3497, 317, 52);
INSERT INTO `tb_cart_detail` VALUES (3498, 317, 55);
INSERT INTO `tb_cart_detail` VALUES (3499, 317, 34);
INSERT INTO `tb_cart_detail` VALUES (3500, 318, 1);
INSERT INTO `tb_cart_detail` VALUES (3501, 318, 12);
INSERT INTO `tb_cart_detail` VALUES (3502, 318, 16);
INSERT INTO `tb_cart_detail` VALUES (3503, 318, 21);
INSERT INTO `tb_cart_detail` VALUES (3504, 318, 25);
INSERT INTO `tb_cart_detail` VALUES (3505, 318, 31);
INSERT INTO `tb_cart_detail` VALUES (3506, 318, 44);
INSERT INTO `tb_cart_detail` VALUES (3507, 318, 48);
INSERT INTO `tb_cart_detail` VALUES (3508, 318, 52);
INSERT INTO `tb_cart_detail` VALUES (3509, 318, 56);
INSERT INTO `tb_cart_detail` VALUES (3510, 319, 2);
INSERT INTO `tb_cart_detail` VALUES (3511, 319, 12);
INSERT INTO `tb_cart_detail` VALUES (3512, 319, 16);
INSERT INTO `tb_cart_detail` VALUES (3513, 319, 21);
INSERT INTO `tb_cart_detail` VALUES (3514, 319, 25);
INSERT INTO `tb_cart_detail` VALUES (3515, 319, 31);
INSERT INTO `tb_cart_detail` VALUES (3516, 319, 44);
INSERT INTO `tb_cart_detail` VALUES (3517, 319, 48);
INSERT INTO `tb_cart_detail` VALUES (3518, 319, 51);
INSERT INTO `tb_cart_detail` VALUES (3519, 319, 55);
INSERT INTO `tb_cart_detail` VALUES (3520, 319, 35);
INSERT INTO `tb_cart_detail` VALUES (3521, 319, 39);
INSERT INTO `tb_cart_detail` VALUES (3522, 319, 40);
INSERT INTO `tb_cart_detail` VALUES (3523, 320, 2);
INSERT INTO `tb_cart_detail` VALUES (3524, 320, 12);
INSERT INTO `tb_cart_detail` VALUES (3525, 320, 16);
INSERT INTO `tb_cart_detail` VALUES (3526, 320, 21);
INSERT INTO `tb_cart_detail` VALUES (3527, 320, 25);
INSERT INTO `tb_cart_detail` VALUES (3528, 320, 31);
INSERT INTO `tb_cart_detail` VALUES (3529, 320, 44);
INSERT INTO `tb_cart_detail` VALUES (3530, 320, 48);
INSERT INTO `tb_cart_detail` VALUES (3531, 320, 51);
INSERT INTO `tb_cart_detail` VALUES (3532, 320, 55);
INSERT INTO `tb_cart_detail` VALUES (3533, 320, 35);
INSERT INTO `tb_cart_detail` VALUES (3534, 320, 39);
INSERT INTO `tb_cart_detail` VALUES (3535, 320, 40);
INSERT INTO `tb_cart_detail` VALUES (3536, 321, 1);
INSERT INTO `tb_cart_detail` VALUES (3537, 321, 12);
INSERT INTO `tb_cart_detail` VALUES (3538, 321, 17);
INSERT INTO `tb_cart_detail` VALUES (3539, 321, 21);
INSERT INTO `tb_cart_detail` VALUES (3540, 321, 25);
INSERT INTO `tb_cart_detail` VALUES (3541, 321, 31);
INSERT INTO `tb_cart_detail` VALUES (3542, 321, 42);
INSERT INTO `tb_cart_detail` VALUES (3543, 321, 46);
INSERT INTO `tb_cart_detail` VALUES (3544, 321, 50);
INSERT INTO `tb_cart_detail` VALUES (3545, 321, 54);
INSERT INTO `tb_cart_detail` VALUES (3546, 322, 1);
INSERT INTO `tb_cart_detail` VALUES (3547, 322, 13);
INSERT INTO `tb_cart_detail` VALUES (3548, 322, 17);
INSERT INTO `tb_cart_detail` VALUES (3549, 322, 23);
INSERT INTO `tb_cart_detail` VALUES (3550, 322, 25);
INSERT INTO `tb_cart_detail` VALUES (3551, 322, 32);
INSERT INTO `tb_cart_detail` VALUES (3552, 322, 43);
INSERT INTO `tb_cart_detail` VALUES (3553, 322, 46);
INSERT INTO `tb_cart_detail` VALUES (3554, 322, 51);
INSERT INTO `tb_cart_detail` VALUES (3555, 322, 54);
INSERT INTO `tb_cart_detail` VALUES (3556, 322, 33);
INSERT INTO `tb_cart_detail` VALUES (3557, 323, 1);
INSERT INTO `tb_cart_detail` VALUES (3558, 323, 13);
INSERT INTO `tb_cart_detail` VALUES (3559, 323, 17);
INSERT INTO `tb_cart_detail` VALUES (3560, 323, 23);
INSERT INTO `tb_cart_detail` VALUES (3561, 323, 25);
INSERT INTO `tb_cart_detail` VALUES (3562, 323, 32);
INSERT INTO `tb_cart_detail` VALUES (3563, 323, 43);
INSERT INTO `tb_cart_detail` VALUES (3564, 323, 46);
INSERT INTO `tb_cart_detail` VALUES (3565, 323, 51);
INSERT INTO `tb_cart_detail` VALUES (3566, 323, 54);
INSERT INTO `tb_cart_detail` VALUES (3567, 323, 33);
INSERT INTO `tb_cart_detail` VALUES (3568, 324, 3);
INSERT INTO `tb_cart_detail` VALUES (3569, 324, 13);
INSERT INTO `tb_cart_detail` VALUES (3570, 324, 14);
INSERT INTO `tb_cart_detail` VALUES (3571, 324, 23);
INSERT INTO `tb_cart_detail` VALUES (3572, 324, 26);
INSERT INTO `tb_cart_detail` VALUES (3573, 324, 32);
INSERT INTO `tb_cart_detail` VALUES (3574, 324, 45);
INSERT INTO `tb_cart_detail` VALUES (3575, 324, 48);
INSERT INTO `tb_cart_detail` VALUES (3576, 324, 52);
INSERT INTO `tb_cart_detail` VALUES (3577, 324, 56);
INSERT INTO `tb_cart_detail` VALUES (3578, 324, 34);
INSERT INTO `tb_cart_detail` VALUES (3579, 324, 40);
INSERT INTO `tb_cart_detail` VALUES (3580, 325, 3);
INSERT INTO `tb_cart_detail` VALUES (3581, 325, 13);
INSERT INTO `tb_cart_detail` VALUES (3582, 325, 14);
INSERT INTO `tb_cart_detail` VALUES (3583, 325, 23);
INSERT INTO `tb_cart_detail` VALUES (3584, 325, 26);
INSERT INTO `tb_cart_detail` VALUES (3585, 325, 32);
INSERT INTO `tb_cart_detail` VALUES (3586, 325, 45);
INSERT INTO `tb_cart_detail` VALUES (3587, 325, 48);
INSERT INTO `tb_cart_detail` VALUES (3588, 325, 52);
INSERT INTO `tb_cart_detail` VALUES (3589, 325, 56);
INSERT INTO `tb_cart_detail` VALUES (3590, 325, 34);
INSERT INTO `tb_cart_detail` VALUES (3591, 325, 40);
INSERT INTO `tb_cart_detail` VALUES (3592, 326, 9);
INSERT INTO `tb_cart_detail` VALUES (3593, 327, 9);
INSERT INTO `tb_cart_detail` VALUES (3594, 327, 28);
INSERT INTO `tb_cart_detail` VALUES (3595, 326, 28);
INSERT INTO `tb_cart_detail` VALUES (3596, 326, 32);
INSERT INTO `tb_cart_detail` VALUES (3597, 326, 43);
INSERT INTO `tb_cart_detail` VALUES (3598, 327, 32);
INSERT INTO `tb_cart_detail` VALUES (3599, 326, 48);
INSERT INTO `tb_cart_detail` VALUES (3600, 327, 43);
INSERT INTO `tb_cart_detail` VALUES (3601, 326, 51);
INSERT INTO `tb_cart_detail` VALUES (3602, 327, 48);
INSERT INTO `tb_cart_detail` VALUES (3603, 326, 55);
INSERT INTO `tb_cart_detail` VALUES (3604, 327, 51);
INSERT INTO `tb_cart_detail` VALUES (3605, 327, 55);
INSERT INTO `tb_cart_detail` VALUES (3606, 328, 1);
INSERT INTO `tb_cart_detail` VALUES (3607, 328, 13);
INSERT INTO `tb_cart_detail` VALUES (3608, 328, 17);
INSERT INTO `tb_cart_detail` VALUES (3609, 328, 23);
INSERT INTO `tb_cart_detail` VALUES (3610, 328, 25);
INSERT INTO `tb_cart_detail` VALUES (3611, 328, 32);
INSERT INTO `tb_cart_detail` VALUES (3612, 328, 43);
INSERT INTO `tb_cart_detail` VALUES (3613, 328, 48);
INSERT INTO `tb_cart_detail` VALUES (3614, 328, 51);
INSERT INTO `tb_cart_detail` VALUES (3615, 328, 56);
INSERT INTO `tb_cart_detail` VALUES (3616, 328, 41);
INSERT INTO `tb_cart_detail` VALUES (3617, 329, 3);
INSERT INTO `tb_cart_detail` VALUES (3618, 329, 13);
INSERT INTO `tb_cart_detail` VALUES (3619, 329, 18);
INSERT INTO `tb_cart_detail` VALUES (3620, 329, 23);
INSERT INTO `tb_cart_detail` VALUES (3621, 329, 26);
INSERT INTO `tb_cart_detail` VALUES (3622, 329, 32);
INSERT INTO `tb_cart_detail` VALUES (3623, 329, 44);
INSERT INTO `tb_cart_detail` VALUES (3624, 329, 48);
INSERT INTO `tb_cart_detail` VALUES (3625, 329, 51);
INSERT INTO `tb_cart_detail` VALUES (3626, 329, 54);
INSERT INTO `tb_cart_detail` VALUES (3627, 329, 35);
INSERT INTO `tb_cart_detail` VALUES (3628, 329, 41);
INSERT INTO `tb_cart_detail` VALUES (3629, 330, 3);
INSERT INTO `tb_cart_detail` VALUES (3630, 330, 13);
INSERT INTO `tb_cart_detail` VALUES (3631, 330, 18);
INSERT INTO `tb_cart_detail` VALUES (3632, 330, 23);
INSERT INTO `tb_cart_detail` VALUES (3633, 330, 26);
INSERT INTO `tb_cart_detail` VALUES (3634, 330, 32);
INSERT INTO `tb_cart_detail` VALUES (3635, 330, 44);
INSERT INTO `tb_cart_detail` VALUES (3636, 330, 48);
INSERT INTO `tb_cart_detail` VALUES (3637, 330, 51);
INSERT INTO `tb_cart_detail` VALUES (3638, 330, 54);
INSERT INTO `tb_cart_detail` VALUES (3639, 330, 35);
INSERT INTO `tb_cart_detail` VALUES (3640, 330, 41);
INSERT INTO `tb_cart_detail` VALUES (3641, 331, 3);
INSERT INTO `tb_cart_detail` VALUES (3642, 331, 13);
INSERT INTO `tb_cart_detail` VALUES (3643, 331, 18);
INSERT INTO `tb_cart_detail` VALUES (3644, 331, 23);
INSERT INTO `tb_cart_detail` VALUES (3645, 331, 26);
INSERT INTO `tb_cart_detail` VALUES (3646, 331, 32);
INSERT INTO `tb_cart_detail` VALUES (3647, 331, 44);
INSERT INTO `tb_cart_detail` VALUES (3648, 331, 48);
INSERT INTO `tb_cart_detail` VALUES (3649, 331, 51);
INSERT INTO `tb_cart_detail` VALUES (3650, 331, 54);
INSERT INTO `tb_cart_detail` VALUES (3651, 331, 35);
INSERT INTO `tb_cart_detail` VALUES (3652, 331, 41);
INSERT INTO `tb_cart_detail` VALUES (3653, 332, 3);
INSERT INTO `tb_cart_detail` VALUES (3654, 332, 13);
INSERT INTO `tb_cart_detail` VALUES (3655, 332, 18);
INSERT INTO `tb_cart_detail` VALUES (3656, 332, 23);
INSERT INTO `tb_cart_detail` VALUES (3657, 332, 26);
INSERT INTO `tb_cart_detail` VALUES (3658, 332, 32);
INSERT INTO `tb_cart_detail` VALUES (3659, 332, 44);
INSERT INTO `tb_cart_detail` VALUES (3660, 332, 48);
INSERT INTO `tb_cart_detail` VALUES (3661, 332, 51);
INSERT INTO `tb_cart_detail` VALUES (3662, 332, 54);
INSERT INTO `tb_cart_detail` VALUES (3663, 332, 35);
INSERT INTO `tb_cart_detail` VALUES (3664, 332, 41);
INSERT INTO `tb_cart_detail` VALUES (3665, 333, 3);
INSERT INTO `tb_cart_detail` VALUES (3666, 333, 13);
INSERT INTO `tb_cart_detail` VALUES (3667, 333, 18);
INSERT INTO `tb_cart_detail` VALUES (3668, 333, 23);
INSERT INTO `tb_cart_detail` VALUES (3669, 333, 26);
INSERT INTO `tb_cart_detail` VALUES (3670, 333, 32);
INSERT INTO `tb_cart_detail` VALUES (3671, 333, 44);
INSERT INTO `tb_cart_detail` VALUES (3672, 333, 48);
INSERT INTO `tb_cart_detail` VALUES (3673, 333, 51);
INSERT INTO `tb_cart_detail` VALUES (3674, 333, 54);
INSERT INTO `tb_cart_detail` VALUES (3675, 333, 35);
INSERT INTO `tb_cart_detail` VALUES (3676, 333, 41);
INSERT INTO `tb_cart_detail` VALUES (3677, 334, 1);
INSERT INTO `tb_cart_detail` VALUES (3678, 334, 12);
INSERT INTO `tb_cart_detail` VALUES (3679, 334, 17);
INSERT INTO `tb_cart_detail` VALUES (3680, 334, 21);
INSERT INTO `tb_cart_detail` VALUES (3681, 334, 25);
INSERT INTO `tb_cart_detail` VALUES (3682, 334, 31);
INSERT INTO `tb_cart_detail` VALUES (3683, 334, 42);
INSERT INTO `tb_cart_detail` VALUES (3684, 334, 46);
INSERT INTO `tb_cart_detail` VALUES (3685, 334, 50);
INSERT INTO `tb_cart_detail` VALUES (3686, 334, 54);
INSERT INTO `tb_cart_detail` VALUES (3687, 335, 3);
INSERT INTO `tb_cart_detail` VALUES (3688, 335, 13);
INSERT INTO `tb_cart_detail` VALUES (3689, 335, 14);
INSERT INTO `tb_cart_detail` VALUES (3690, 335, 24);
INSERT INTO `tb_cart_detail` VALUES (3691, 335, 26);
INSERT INTO `tb_cart_detail` VALUES (3692, 335, 32);
INSERT INTO `tb_cart_detail` VALUES (3693, 335, 44);
INSERT INTO `tb_cart_detail` VALUES (3694, 335, 47);
INSERT INTO `tb_cart_detail` VALUES (3695, 335, 50);
INSERT INTO `tb_cart_detail` VALUES (3696, 335, 56);
INSERT INTO `tb_cart_detail` VALUES (3697, 335, 35);
INSERT INTO `tb_cart_detail` VALUES (3698, 335, 41);
INSERT INTO `tb_cart_detail` VALUES (3699, 336, 1);
INSERT INTO `tb_cart_detail` VALUES (3700, 336, 12);
INSERT INTO `tb_cart_detail` VALUES (3701, 336, 17);
INSERT INTO `tb_cart_detail` VALUES (3702, 336, 21);
INSERT INTO `tb_cart_detail` VALUES (3703, 336, 25);
INSERT INTO `tb_cart_detail` VALUES (3704, 336, 31);
INSERT INTO `tb_cart_detail` VALUES (3705, 336, 44);
INSERT INTO `tb_cart_detail` VALUES (3706, 336, 49);
INSERT INTO `tb_cart_detail` VALUES (3707, 336, 53);
INSERT INTO `tb_cart_detail` VALUES (3708, 336, 57);
INSERT INTO `tb_cart_detail` VALUES (3709, 336, 35);
INSERT INTO `tb_cart_detail` VALUES (3710, 337, 2);
INSERT INTO `tb_cart_detail` VALUES (3711, 337, 13);
INSERT INTO `tb_cart_detail` VALUES (3712, 337, 18);
INSERT INTO `tb_cart_detail` VALUES (3713, 337, 23);
INSERT INTO `tb_cart_detail` VALUES (3714, 337, 26);
INSERT INTO `tb_cart_detail` VALUES (3715, 337, 32);
INSERT INTO `tb_cart_detail` VALUES (3716, 337, 44);
INSERT INTO `tb_cart_detail` VALUES (3717, 337, 48);
INSERT INTO `tb_cart_detail` VALUES (3718, 337, 52);
INSERT INTO `tb_cart_detail` VALUES (3719, 337, 56);
INSERT INTO `tb_cart_detail` VALUES (3720, 337, 34);
INSERT INTO `tb_cart_detail` VALUES (3721, 337, 35);
INSERT INTO `tb_cart_detail` VALUES (3722, 337, 40);
INSERT INTO `tb_cart_detail` VALUES (3723, 337, 41);
INSERT INTO `tb_cart_detail` VALUES (3724, 338, 3);
INSERT INTO `tb_cart_detail` VALUES (3725, 338, 13);
INSERT INTO `tb_cart_detail` VALUES (3726, 338, 18);
INSERT INTO `tb_cart_detail` VALUES (3727, 338, 23);
INSERT INTO `tb_cart_detail` VALUES (3728, 338, 26);
INSERT INTO `tb_cart_detail` VALUES (3729, 338, 32);
INSERT INTO `tb_cart_detail` VALUES (3730, 338, 44);
INSERT INTO `tb_cart_detail` VALUES (3731, 338, 48);
INSERT INTO `tb_cart_detail` VALUES (3732, 338, 51);
INSERT INTO `tb_cart_detail` VALUES (3733, 338, 55);
INSERT INTO `tb_cart_detail` VALUES (3734, 339, 2);
INSERT INTO `tb_cart_detail` VALUES (3735, 339, 13);
INSERT INTO `tb_cart_detail` VALUES (3736, 339, 18);
INSERT INTO `tb_cart_detail` VALUES (3737, 339, 23);
INSERT INTO `tb_cart_detail` VALUES (3738, 339, 26);
INSERT INTO `tb_cart_detail` VALUES (3739, 339, 32);
INSERT INTO `tb_cart_detail` VALUES (3740, 339, 44);
INSERT INTO `tb_cart_detail` VALUES (3741, 339, 48);
INSERT INTO `tb_cart_detail` VALUES (3742, 339, 52);
INSERT INTO `tb_cart_detail` VALUES (3743, 339, 56);
INSERT INTO `tb_cart_detail` VALUES (3744, 339, 34);
INSERT INTO `tb_cart_detail` VALUES (3745, 339, 35);
INSERT INTO `tb_cart_detail` VALUES (3746, 339, 40);
INSERT INTO `tb_cart_detail` VALUES (3747, 339, 41);
INSERT INTO `tb_cart_detail` VALUES (3748, 340, 3);
INSERT INTO `tb_cart_detail` VALUES (3749, 340, 13);
INSERT INTO `tb_cart_detail` VALUES (3750, 340, 18);
INSERT INTO `tb_cart_detail` VALUES (3751, 340, 23);
INSERT INTO `tb_cart_detail` VALUES (3752, 340, 26);
INSERT INTO `tb_cart_detail` VALUES (3753, 340, 32);
INSERT INTO `tb_cart_detail` VALUES (3754, 340, 44);
INSERT INTO `tb_cart_detail` VALUES (3755, 340, 48);
INSERT INTO `tb_cart_detail` VALUES (3756, 340, 51);
INSERT INTO `tb_cart_detail` VALUES (3757, 340, 55);
INSERT INTO `tb_cart_detail` VALUES (3758, 341, 3);
INSERT INTO `tb_cart_detail` VALUES (3759, 341, 13);
INSERT INTO `tb_cart_detail` VALUES (3760, 341, 18);
INSERT INTO `tb_cart_detail` VALUES (3761, 341, 23);
INSERT INTO `tb_cart_detail` VALUES (3762, 341, 26);
INSERT INTO `tb_cart_detail` VALUES (3763, 341, 32);
INSERT INTO `tb_cart_detail` VALUES (3764, 341, 44);
INSERT INTO `tb_cart_detail` VALUES (3765, 341, 48);
INSERT INTO `tb_cart_detail` VALUES (3766, 341, 51);
INSERT INTO `tb_cart_detail` VALUES (3767, 341, 55);
INSERT INTO `tb_cart_detail` VALUES (3768, 342, 2);
INSERT INTO `tb_cart_detail` VALUES (3769, 342, 13);
INSERT INTO `tb_cart_detail` VALUES (3770, 342, 15);
INSERT INTO `tb_cart_detail` VALUES (3771, 342, 23);
INSERT INTO `tb_cart_detail` VALUES (3772, 342, 26);
INSERT INTO `tb_cart_detail` VALUES (3773, 342, 32);
INSERT INTO `tb_cart_detail` VALUES (3774, 342, 45);
INSERT INTO `tb_cart_detail` VALUES (3775, 342, 48);
INSERT INTO `tb_cart_detail` VALUES (3776, 342, 52);
INSERT INTO `tb_cart_detail` VALUES (3777, 342, 56);
INSERT INTO `tb_cart_detail` VALUES (3778, 342, 35);
INSERT INTO `tb_cart_detail` VALUES (3779, 342, 36);
INSERT INTO `tb_cart_detail` VALUES (3780, 342, 40);
INSERT INTO `tb_cart_detail` VALUES (3781, 342, 41);
INSERT INTO `tb_cart_detail` VALUES (3782, 343, 1);
INSERT INTO `tb_cart_detail` VALUES (3783, 343, 12);
INSERT INTO `tb_cart_detail` VALUES (3784, 343, 17);
INSERT INTO `tb_cart_detail` VALUES (3785, 343, 24);
INSERT INTO `tb_cart_detail` VALUES (3786, 343, 30);
INSERT INTO `tb_cart_detail` VALUES (3787, 343, 31);
INSERT INTO `tb_cart_detail` VALUES (3788, 343, 42);
INSERT INTO `tb_cart_detail` VALUES (3789, 343, 46);
INSERT INTO `tb_cart_detail` VALUES (3790, 343, 50);
INSERT INTO `tb_cart_detail` VALUES (3791, 343, 54);
INSERT INTO `tb_cart_detail` VALUES (3792, 344, 3);
INSERT INTO `tb_cart_detail` VALUES (3793, 344, 13);
INSERT INTO `tb_cart_detail` VALUES (3794, 344, 15);
INSERT INTO `tb_cart_detail` VALUES (3795, 344, 23);
INSERT INTO `tb_cart_detail` VALUES (3796, 344, 26);
INSERT INTO `tb_cart_detail` VALUES (3797, 344, 32);
INSERT INTO `tb_cart_detail` VALUES (3798, 344, 44);
INSERT INTO `tb_cart_detail` VALUES (3799, 344, 48);
INSERT INTO `tb_cart_detail` VALUES (3800, 344, 52);
INSERT INTO `tb_cart_detail` VALUES (3801, 344, 56);
INSERT INTO `tb_cart_detail` VALUES (3802, 344, 35);
INSERT INTO `tb_cart_detail` VALUES (3803, 344, 36);
INSERT INTO `tb_cart_detail` VALUES (3804, 344, 40);
INSERT INTO `tb_cart_detail` VALUES (3805, 344, 41);
INSERT INTO `tb_cart_detail` VALUES (3806, 345, 1);
INSERT INTO `tb_cart_detail` VALUES (3807, 345, 12);
INSERT INTO `tb_cart_detail` VALUES (3808, 345, 17);
INSERT INTO `tb_cart_detail` VALUES (3809, 345, 24);
INSERT INTO `tb_cart_detail` VALUES (3810, 345, 30);
INSERT INTO `tb_cart_detail` VALUES (3811, 345, 31);
INSERT INTO `tb_cart_detail` VALUES (3812, 345, 42);
INSERT INTO `tb_cart_detail` VALUES (3813, 345, 46);
INSERT INTO `tb_cart_detail` VALUES (3814, 345, 50);
INSERT INTO `tb_cart_detail` VALUES (3815, 345, 54);
INSERT INTO `tb_cart_detail` VALUES (3816, 346, 1);
INSERT INTO `tb_cart_detail` VALUES (3817, 346, 13);
INSERT INTO `tb_cart_detail` VALUES (3818, 346, 17);
INSERT INTO `tb_cart_detail` VALUES (3819, 346, 24);
INSERT INTO `tb_cart_detail` VALUES (3820, 346, 25);
INSERT INTO `tb_cart_detail` VALUES (3821, 346, 31);
INSERT INTO `tb_cart_detail` VALUES (3822, 346, 43);
INSERT INTO `tb_cart_detail` VALUES (3823, 346, 46);
INSERT INTO `tb_cart_detail` VALUES (3824, 346, 50);
INSERT INTO `tb_cart_detail` VALUES (3825, 346, 54);
INSERT INTO `tb_cart_detail` VALUES (3826, 347, 2);
INSERT INTO `tb_cart_detail` VALUES (3827, 347, 13);
INSERT INTO `tb_cart_detail` VALUES (3828, 347, 18);
INSERT INTO `tb_cart_detail` VALUES (3829, 347, 24);
INSERT INTO `tb_cart_detail` VALUES (3830, 347, 26);
INSERT INTO `tb_cart_detail` VALUES (3831, 347, 32);
INSERT INTO `tb_cart_detail` VALUES (3832, 347, 44);
INSERT INTO `tb_cart_detail` VALUES (3833, 347, 48);
INSERT INTO `tb_cart_detail` VALUES (3834, 347, 52);
INSERT INTO `tb_cart_detail` VALUES (3835, 347, 56);
INSERT INTO `tb_cart_detail` VALUES (3836, 347, 35);
INSERT INTO `tb_cart_detail` VALUES (3837, 347, 40);
INSERT INTO `tb_cart_detail` VALUES (3838, 347, 41);
INSERT INTO `tb_cart_detail` VALUES (3839, 348, 3);
INSERT INTO `tb_cart_detail` VALUES (3840, 348, 13);
INSERT INTO `tb_cart_detail` VALUES (3841, 348, 65);
INSERT INTO `tb_cart_detail` VALUES (3842, 348, 29);
INSERT INTO `tb_cart_detail` VALUES (3843, 348, 22);
INSERT INTO `tb_cart_detail` VALUES (3844, 348, 32);
INSERT INTO `tb_cart_detail` VALUES (3845, 348, 44);
INSERT INTO `tb_cart_detail` VALUES (3846, 348, 48);
INSERT INTO `tb_cart_detail` VALUES (3847, 348, 52);
INSERT INTO `tb_cart_detail` VALUES (3848, 348, 56);
INSERT INTO `tb_cart_detail` VALUES (3849, 348, 36);
INSERT INTO `tb_cart_detail` VALUES (3850, 348, 37);
INSERT INTO `tb_cart_detail` VALUES (3851, 349, 10);
INSERT INTO `tb_cart_detail` VALUES (3852, 349, 28);
INSERT INTO `tb_cart_detail` VALUES (3853, 349, 31);
INSERT INTO `tb_cart_detail` VALUES (3854, 349, 43);
INSERT INTO `tb_cart_detail` VALUES (3855, 349, 47);
INSERT INTO `tb_cart_detail` VALUES (3856, 349, 50);
INSERT INTO `tb_cart_detail` VALUES (3857, 349, 54);
INSERT INTO `tb_cart_detail` VALUES (3858, 350, 4);
INSERT INTO `tb_cart_detail` VALUES (3859, 350, 13);
INSERT INTO `tb_cart_detail` VALUES (3860, 350, 14);
INSERT INTO `tb_cart_detail` VALUES (3861, 350, 24);
INSERT INTO `tb_cart_detail` VALUES (3862, 350, 27);
INSERT INTO `tb_cart_detail` VALUES (3863, 350, 32);
INSERT INTO `tb_cart_detail` VALUES (3864, 350, 43);
INSERT INTO `tb_cart_detail` VALUES (3865, 350, 48);
INSERT INTO `tb_cart_detail` VALUES (3866, 350, 51);
INSERT INTO `tb_cart_detail` VALUES (3867, 350, 55);
INSERT INTO `tb_cart_detail` VALUES (3868, 351, 3);
INSERT INTO `tb_cart_detail` VALUES (3869, 351, 13);
INSERT INTO `tb_cart_detail` VALUES (3870, 351, 18);
INSERT INTO `tb_cart_detail` VALUES (3871, 351, 24);
INSERT INTO `tb_cart_detail` VALUES (3872, 351, 27);
INSERT INTO `tb_cart_detail` VALUES (3873, 351, 31);
INSERT INTO `tb_cart_detail` VALUES (3874, 351, 43);
INSERT INTO `tb_cart_detail` VALUES (3875, 351, 47);
INSERT INTO `tb_cart_detail` VALUES (3876, 351, 51);
INSERT INTO `tb_cart_detail` VALUES (3877, 351, 55);
INSERT INTO `tb_cart_detail` VALUES (3878, 351, 35);
INSERT INTO `tb_cart_detail` VALUES (3879, 351, 41);
INSERT INTO `tb_cart_detail` VALUES (3880, 352, 2);
INSERT INTO `tb_cart_detail` VALUES (3881, 352, 13);
INSERT INTO `tb_cart_detail` VALUES (3882, 352, 18);
INSERT INTO `tb_cart_detail` VALUES (3883, 352, 23);
INSERT INTO `tb_cart_detail` VALUES (3884, 352, 26);
INSERT INTO `tb_cart_detail` VALUES (3885, 352, 32);
INSERT INTO `tb_cart_detail` VALUES (3886, 352, 45);
INSERT INTO `tb_cart_detail` VALUES (3887, 352, 49);
INSERT INTO `tb_cart_detail` VALUES (3888, 352, 53);
INSERT INTO `tb_cart_detail` VALUES (3889, 352, 57);
INSERT INTO `tb_cart_detail` VALUES (3890, 352, 41);
INSERT INTO `tb_cart_detail` VALUES (3891, 353, 2);
INSERT INTO `tb_cart_detail` VALUES (3892, 353, 13);
INSERT INTO `tb_cart_detail` VALUES (3893, 353, 18);
INSERT INTO `tb_cart_detail` VALUES (3894, 353, 23);
INSERT INTO `tb_cart_detail` VALUES (3895, 353, 26);
INSERT INTO `tb_cart_detail` VALUES (3896, 353, 32);
INSERT INTO `tb_cart_detail` VALUES (3897, 353, 45);
INSERT INTO `tb_cart_detail` VALUES (3898, 353, 49);
INSERT INTO `tb_cart_detail` VALUES (3899, 353, 53);
INSERT INTO `tb_cart_detail` VALUES (3900, 353, 57);
INSERT INTO `tb_cart_detail` VALUES (3901, 353, 41);
INSERT INTO `tb_cart_detail` VALUES (3902, 354, 2);
INSERT INTO `tb_cart_detail` VALUES (3903, 354, 13);
INSERT INTO `tb_cart_detail` VALUES (3904, 354, 18);
INSERT INTO `tb_cart_detail` VALUES (3905, 354, 23);
INSERT INTO `tb_cart_detail` VALUES (3906, 354, 26);
INSERT INTO `tb_cart_detail` VALUES (3907, 354, 32);
INSERT INTO `tb_cart_detail` VALUES (3908, 354, 45);
INSERT INTO `tb_cart_detail` VALUES (3909, 354, 49);
INSERT INTO `tb_cart_detail` VALUES (3910, 354, 53);
INSERT INTO `tb_cart_detail` VALUES (3911, 354, 57);
INSERT INTO `tb_cart_detail` VALUES (3912, 354, 41);
INSERT INTO `tb_cart_detail` VALUES (3913, 355, 2);
INSERT INTO `tb_cart_detail` VALUES (3914, 355, 13);
INSERT INTO `tb_cart_detail` VALUES (3915, 355, 18);
INSERT INTO `tb_cart_detail` VALUES (3916, 355, 23);
INSERT INTO `tb_cart_detail` VALUES (3917, 355, 26);
INSERT INTO `tb_cart_detail` VALUES (3918, 355, 32);
INSERT INTO `tb_cart_detail` VALUES (3919, 355, 45);
INSERT INTO `tb_cart_detail` VALUES (3920, 355, 49);
INSERT INTO `tb_cart_detail` VALUES (3921, 355, 53);
INSERT INTO `tb_cart_detail` VALUES (3922, 355, 57);
INSERT INTO `tb_cart_detail` VALUES (3923, 355, 41);
INSERT INTO `tb_cart_detail` VALUES (3924, 356, 2);
INSERT INTO `tb_cart_detail` VALUES (3925, 356, 13);
INSERT INTO `tb_cart_detail` VALUES (3926, 356, 18);
INSERT INTO `tb_cart_detail` VALUES (3927, 356, 23);
INSERT INTO `tb_cart_detail` VALUES (3928, 356, 26);
INSERT INTO `tb_cart_detail` VALUES (3929, 356, 32);
INSERT INTO `tb_cart_detail` VALUES (3930, 356, 45);
INSERT INTO `tb_cart_detail` VALUES (3931, 356, 49);
INSERT INTO `tb_cart_detail` VALUES (3932, 356, 53);
INSERT INTO `tb_cart_detail` VALUES (3933, 356, 57);
INSERT INTO `tb_cart_detail` VALUES (3934, 356, 41);
INSERT INTO `tb_cart_detail` VALUES (3935, 357, 2);
INSERT INTO `tb_cart_detail` VALUES (3936, 357, 13);
INSERT INTO `tb_cart_detail` VALUES (3937, 357, 18);
INSERT INTO `tb_cart_detail` VALUES (3938, 357, 23);
INSERT INTO `tb_cart_detail` VALUES (3939, 357, 26);
INSERT INTO `tb_cart_detail` VALUES (3940, 357, 32);
INSERT INTO `tb_cart_detail` VALUES (3941, 357, 45);
INSERT INTO `tb_cart_detail` VALUES (3942, 357, 49);
INSERT INTO `tb_cart_detail` VALUES (3943, 357, 53);
INSERT INTO `tb_cart_detail` VALUES (3944, 357, 57);
INSERT INTO `tb_cart_detail` VALUES (3945, 357, 41);
INSERT INTO `tb_cart_detail` VALUES (3946, 358, 2);
INSERT INTO `tb_cart_detail` VALUES (3947, 358, 13);
INSERT INTO `tb_cart_detail` VALUES (3948, 358, 18);
INSERT INTO `tb_cart_detail` VALUES (3949, 358, 23);
INSERT INTO `tb_cart_detail` VALUES (3950, 358, 26);
INSERT INTO `tb_cart_detail` VALUES (3951, 358, 32);
INSERT INTO `tb_cart_detail` VALUES (3952, 358, 45);
INSERT INTO `tb_cart_detail` VALUES (3953, 358, 49);
INSERT INTO `tb_cart_detail` VALUES (3954, 358, 53);
INSERT INTO `tb_cart_detail` VALUES (3955, 358, 57);
INSERT INTO `tb_cart_detail` VALUES (3956, 358, 41);
INSERT INTO `tb_cart_detail` VALUES (3957, 359, 2);
INSERT INTO `tb_cart_detail` VALUES (3958, 359, 13);
INSERT INTO `tb_cart_detail` VALUES (3959, 359, 18);
INSERT INTO `tb_cart_detail` VALUES (3960, 359, 23);
INSERT INTO `tb_cart_detail` VALUES (3961, 359, 26);
INSERT INTO `tb_cart_detail` VALUES (3962, 359, 32);
INSERT INTO `tb_cart_detail` VALUES (3963, 359, 44);
INSERT INTO `tb_cart_detail` VALUES (3964, 359, 47);
INSERT INTO `tb_cart_detail` VALUES (3965, 359, 51);
INSERT INTO `tb_cart_detail` VALUES (3966, 359, 56);
INSERT INTO `tb_cart_detail` VALUES (3967, 359, 35);
INSERT INTO `tb_cart_detail` VALUES (3968, 359, 41);
INSERT INTO `tb_cart_detail` VALUES (3969, 360, 1);
INSERT INTO `tb_cart_detail` VALUES (3970, 360, 12);
INSERT INTO `tb_cart_detail` VALUES (3971, 360, 17);
INSERT INTO `tb_cart_detail` VALUES (3972, 360, 21);
INSERT INTO `tb_cart_detail` VALUES (3973, 360, 25);
INSERT INTO `tb_cart_detail` VALUES (3974, 360, 31);
INSERT INTO `tb_cart_detail` VALUES (3975, 360, 42);
INSERT INTO `tb_cart_detail` VALUES (3976, 360, 46);
INSERT INTO `tb_cart_detail` VALUES (3977, 360, 50);
INSERT INTO `tb_cart_detail` VALUES (3978, 360, 54);
INSERT INTO `tb_cart_detail` VALUES (3979, 360, 33);
INSERT INTO `tb_cart_detail` VALUES (3980, 360, 34);
INSERT INTO `tb_cart_detail` VALUES (3981, 361, 1);
INSERT INTO `tb_cart_detail` VALUES (3982, 361, 12);
INSERT INTO `tb_cart_detail` VALUES (3983, 361, 17);
INSERT INTO `tb_cart_detail` VALUES (3984, 361, 21);
INSERT INTO `tb_cart_detail` VALUES (3985, 361, 25);
INSERT INTO `tb_cart_detail` VALUES (3986, 361, 31);
INSERT INTO `tb_cart_detail` VALUES (3987, 361, 42);
INSERT INTO `tb_cart_detail` VALUES (3988, 361, 46);
INSERT INTO `tb_cart_detail` VALUES (3989, 361, 50);
INSERT INTO `tb_cart_detail` VALUES (3990, 361, 54);
INSERT INTO `tb_cart_detail` VALUES (3991, 361, 33);
INSERT INTO `tb_cart_detail` VALUES (3992, 361, 34);
INSERT INTO `tb_cart_detail` VALUES (3993, 362, 1);
INSERT INTO `tb_cart_detail` VALUES (3994, 362, 12);
INSERT INTO `tb_cart_detail` VALUES (3995, 362, 16);
INSERT INTO `tb_cart_detail` VALUES (3996, 362, 21);
INSERT INTO `tb_cart_detail` VALUES (3997, 362, 26);
INSERT INTO `tb_cart_detail` VALUES (3998, 362, 32);
INSERT INTO `tb_cart_detail` VALUES (3999, 362, 42);
INSERT INTO `tb_cart_detail` VALUES (4000, 362, 46);
INSERT INTO `tb_cart_detail` VALUES (4001, 362, 50);
INSERT INTO `tb_cart_detail` VALUES (4002, 362, 54);
INSERT INTO `tb_cart_detail` VALUES (4003, 362, 35);
INSERT INTO `tb_cart_detail` VALUES (4004, 362, 36);
INSERT INTO `tb_cart_detail` VALUES (4005, 362, 40);
INSERT INTO `tb_cart_detail` VALUES (4006, 363, 1);
INSERT INTO `tb_cart_detail` VALUES (4007, 363, 12);
INSERT INTO `tb_cart_detail` VALUES (4008, 363, 16);
INSERT INTO `tb_cart_detail` VALUES (4009, 363, 21);
INSERT INTO `tb_cart_detail` VALUES (4010, 363, 26);
INSERT INTO `tb_cart_detail` VALUES (4011, 363, 32);
INSERT INTO `tb_cart_detail` VALUES (4012, 363, 42);
INSERT INTO `tb_cart_detail` VALUES (4013, 363, 46);
INSERT INTO `tb_cart_detail` VALUES (4014, 363, 50);
INSERT INTO `tb_cart_detail` VALUES (4015, 363, 54);
INSERT INTO `tb_cart_detail` VALUES (4016, 363, 35);
INSERT INTO `tb_cart_detail` VALUES (4017, 363, 36);
INSERT INTO `tb_cart_detail` VALUES (4018, 363, 40);
INSERT INTO `tb_cart_detail` VALUES (4019, 364, 1);
INSERT INTO `tb_cart_detail` VALUES (4020, 364, 12);
INSERT INTO `tb_cart_detail` VALUES (4021, 364, 16);
INSERT INTO `tb_cart_detail` VALUES (4022, 364, 21);
INSERT INTO `tb_cart_detail` VALUES (4023, 364, 26);
INSERT INTO `tb_cart_detail` VALUES (4024, 364, 32);
INSERT INTO `tb_cart_detail` VALUES (4025, 364, 42);
INSERT INTO `tb_cart_detail` VALUES (4026, 364, 46);
INSERT INTO `tb_cart_detail` VALUES (4027, 364, 50);
INSERT INTO `tb_cart_detail` VALUES (4028, 364, 54);
INSERT INTO `tb_cart_detail` VALUES (4029, 364, 35);
INSERT INTO `tb_cart_detail` VALUES (4030, 364, 36);
INSERT INTO `tb_cart_detail` VALUES (4031, 364, 40);
INSERT INTO `tb_cart_detail` VALUES (4032, 365, 1);
INSERT INTO `tb_cart_detail` VALUES (4033, 365, 12);
INSERT INTO `tb_cart_detail` VALUES (4034, 365, 16);
INSERT INTO `tb_cart_detail` VALUES (4035, 365, 21);
INSERT INTO `tb_cart_detail` VALUES (4036, 365, 26);
INSERT INTO `tb_cart_detail` VALUES (4037, 365, 32);
INSERT INTO `tb_cart_detail` VALUES (4038, 365, 42);
INSERT INTO `tb_cart_detail` VALUES (4039, 365, 46);
INSERT INTO `tb_cart_detail` VALUES (4040, 365, 50);
INSERT INTO `tb_cart_detail` VALUES (4041, 365, 54);
INSERT INTO `tb_cart_detail` VALUES (4042, 365, 35);
INSERT INTO `tb_cart_detail` VALUES (4043, 365, 36);
INSERT INTO `tb_cart_detail` VALUES (4044, 365, 40);
INSERT INTO `tb_cart_detail` VALUES (4045, 366, 2);
INSERT INTO `tb_cart_detail` VALUES (4046, 366, 13);
INSERT INTO `tb_cart_detail` VALUES (4047, 366, 18);
INSERT INTO `tb_cart_detail` VALUES (4048, 366, 23);
INSERT INTO `tb_cart_detail` VALUES (4049, 366, 26);
INSERT INTO `tb_cart_detail` VALUES (4050, 366, 32);
INSERT INTO `tb_cart_detail` VALUES (4051, 366, 43);
INSERT INTO `tb_cart_detail` VALUES (4052, 366, 47);
INSERT INTO `tb_cart_detail` VALUES (4053, 366, 51);
INSERT INTO `tb_cart_detail` VALUES (4054, 366, 55);
INSERT INTO `tb_cart_detail` VALUES (4055, 366, 41);
INSERT INTO `tb_cart_detail` VALUES (4056, 367, 2);
INSERT INTO `tb_cart_detail` VALUES (4057, 367, 13);
INSERT INTO `tb_cart_detail` VALUES (4058, 367, 18);
INSERT INTO `tb_cart_detail` VALUES (4059, 367, 23);
INSERT INTO `tb_cart_detail` VALUES (4060, 367, 27);
INSERT INTO `tb_cart_detail` VALUES (4061, 367, 32);
INSERT INTO `tb_cart_detail` VALUES (4062, 367, 44);
INSERT INTO `tb_cart_detail` VALUES (4063, 367, 48);
INSERT INTO `tb_cart_detail` VALUES (4064, 367, 52);
INSERT INTO `tb_cart_detail` VALUES (4065, 367, 56);
INSERT INTO `tb_cart_detail` VALUES (4066, 367, 41);
INSERT INTO `tb_cart_detail` VALUES (4067, 368, 2);
INSERT INTO `tb_cart_detail` VALUES (4068, 368, 13);
INSERT INTO `tb_cart_detail` VALUES (4069, 368, 18);
INSERT INTO `tb_cart_detail` VALUES (4070, 368, 23);
INSERT INTO `tb_cart_detail` VALUES (4071, 368, 26);
INSERT INTO `tb_cart_detail` VALUES (4072, 368, 32);
INSERT INTO `tb_cart_detail` VALUES (4073, 368, 43);
INSERT INTO `tb_cart_detail` VALUES (4074, 368, 47);
INSERT INTO `tb_cart_detail` VALUES (4075, 368, 51);
INSERT INTO `tb_cart_detail` VALUES (4076, 368, 55);
INSERT INTO `tb_cart_detail` VALUES (4077, 368, 41);
INSERT INTO `tb_cart_detail` VALUES (4078, 369, 2);
INSERT INTO `tb_cart_detail` VALUES (4079, 369, 13);
INSERT INTO `tb_cart_detail` VALUES (4080, 369, 18);
INSERT INTO `tb_cart_detail` VALUES (4081, 369, 23);
INSERT INTO `tb_cart_detail` VALUES (4082, 369, 27);
INSERT INTO `tb_cart_detail` VALUES (4083, 369, 32);
INSERT INTO `tb_cart_detail` VALUES (4084, 369, 44);
INSERT INTO `tb_cart_detail` VALUES (4085, 369, 48);
INSERT INTO `tb_cart_detail` VALUES (4086, 369, 52);
INSERT INTO `tb_cart_detail` VALUES (4087, 369, 56);
INSERT INTO `tb_cart_detail` VALUES (4088, 369, 41);
INSERT INTO `tb_cart_detail` VALUES (4089, 370, 2);
INSERT INTO `tb_cart_detail` VALUES (4090, 370, 13);
INSERT INTO `tb_cart_detail` VALUES (4091, 370, 18);
INSERT INTO `tb_cart_detail` VALUES (4092, 370, 23);
INSERT INTO `tb_cart_detail` VALUES (4093, 370, 26);
INSERT INTO `tb_cart_detail` VALUES (4094, 370, 32);
INSERT INTO `tb_cart_detail` VALUES (4095, 370, 43);
INSERT INTO `tb_cart_detail` VALUES (4096, 370, 47);
INSERT INTO `tb_cart_detail` VALUES (4097, 370, 51);
INSERT INTO `tb_cart_detail` VALUES (4098, 370, 55);
INSERT INTO `tb_cart_detail` VALUES (4099, 370, 35);
INSERT INTO `tb_cart_detail` VALUES (4100, 370, 41);
INSERT INTO `tb_cart_detail` VALUES (4101, 371, 2);
INSERT INTO `tb_cart_detail` VALUES (4102, 371, 13);
INSERT INTO `tb_cart_detail` VALUES (4103, 371, 18);
INSERT INTO `tb_cart_detail` VALUES (4104, 371, 23);
INSERT INTO `tb_cart_detail` VALUES (4105, 371, 26);
INSERT INTO `tb_cart_detail` VALUES (4106, 371, 32);
INSERT INTO `tb_cart_detail` VALUES (4107, 371, 44);
INSERT INTO `tb_cart_detail` VALUES (4108, 371, 48);
INSERT INTO `tb_cart_detail` VALUES (4109, 371, 52);
INSERT INTO `tb_cart_detail` VALUES (4110, 371, 56);
INSERT INTO `tb_cart_detail` VALUES (4111, 371, 34);
INSERT INTO `tb_cart_detail` VALUES (4112, 371, 35);
INSERT INTO `tb_cart_detail` VALUES (4113, 371, 40);
INSERT INTO `tb_cart_detail` VALUES (4114, 371, 41);
INSERT INTO `tb_cart_detail` VALUES (4115, 372, 2);
INSERT INTO `tb_cart_detail` VALUES (4116, 372, 13);
INSERT INTO `tb_cart_detail` VALUES (4117, 372, 18);
INSERT INTO `tb_cart_detail` VALUES (4118, 372, 23);
INSERT INTO `tb_cart_detail` VALUES (4119, 372, 26);
INSERT INTO `tb_cart_detail` VALUES (4120, 372, 32);
INSERT INTO `tb_cart_detail` VALUES (4121, 372, 44);
INSERT INTO `tb_cart_detail` VALUES (4122, 372, 48);
INSERT INTO `tb_cart_detail` VALUES (4123, 372, 52);
INSERT INTO `tb_cart_detail` VALUES (4124, 372, 56);
INSERT INTO `tb_cart_detail` VALUES (4125, 372, 34);
INSERT INTO `tb_cart_detail` VALUES (4126, 372, 35);
INSERT INTO `tb_cart_detail` VALUES (4127, 372, 40);
INSERT INTO `tb_cart_detail` VALUES (4128, 372, 41);
INSERT INTO `tb_cart_detail` VALUES (4129, 373, 2);
INSERT INTO `tb_cart_detail` VALUES (4130, 373, 13);
INSERT INTO `tb_cart_detail` VALUES (4131, 373, 18);
INSERT INTO `tb_cart_detail` VALUES (4132, 373, 23);
INSERT INTO `tb_cart_detail` VALUES (4133, 373, 26);
INSERT INTO `tb_cart_detail` VALUES (4134, 373, 32);
INSERT INTO `tb_cart_detail` VALUES (4135, 373, 44);
INSERT INTO `tb_cart_detail` VALUES (4136, 373, 48);
INSERT INTO `tb_cart_detail` VALUES (4137, 373, 52);
INSERT INTO `tb_cart_detail` VALUES (4138, 373, 56);
INSERT INTO `tb_cart_detail` VALUES (4139, 373, 34);
INSERT INTO `tb_cart_detail` VALUES (4140, 373, 35);
INSERT INTO `tb_cart_detail` VALUES (4141, 373, 40);
INSERT INTO `tb_cart_detail` VALUES (4142, 373, 41);
INSERT INTO `tb_cart_detail` VALUES (4143, 374, 2);
INSERT INTO `tb_cart_detail` VALUES (4144, 374, 13);
INSERT INTO `tb_cart_detail` VALUES (4145, 374, 18);
INSERT INTO `tb_cart_detail` VALUES (4146, 374, 23);
INSERT INTO `tb_cart_detail` VALUES (4147, 374, 26);
INSERT INTO `tb_cart_detail` VALUES (4148, 374, 32);
INSERT INTO `tb_cart_detail` VALUES (4149, 374, 44);
INSERT INTO `tb_cart_detail` VALUES (4150, 374, 48);
INSERT INTO `tb_cart_detail` VALUES (4151, 374, 52);
INSERT INTO `tb_cart_detail` VALUES (4152, 374, 56);
INSERT INTO `tb_cart_detail` VALUES (4153, 374, 34);
INSERT INTO `tb_cart_detail` VALUES (4154, 374, 35);
INSERT INTO `tb_cart_detail` VALUES (4155, 374, 40);
INSERT INTO `tb_cart_detail` VALUES (4156, 374, 41);
INSERT INTO `tb_cart_detail` VALUES (4157, 375, 2);
INSERT INTO `tb_cart_detail` VALUES (4158, 375, 13);
INSERT INTO `tb_cart_detail` VALUES (4159, 375, 18);
INSERT INTO `tb_cart_detail` VALUES (4160, 375, 23);
INSERT INTO `tb_cart_detail` VALUES (4161, 375, 26);
INSERT INTO `tb_cart_detail` VALUES (4162, 375, 32);
INSERT INTO `tb_cart_detail` VALUES (4163, 375, 44);
INSERT INTO `tb_cart_detail` VALUES (4164, 375, 48);
INSERT INTO `tb_cart_detail` VALUES (4165, 375, 52);
INSERT INTO `tb_cart_detail` VALUES (4166, 375, 56);
INSERT INTO `tb_cart_detail` VALUES (4167, 375, 34);
INSERT INTO `tb_cart_detail` VALUES (4168, 375, 35);
INSERT INTO `tb_cart_detail` VALUES (4169, 375, 40);
INSERT INTO `tb_cart_detail` VALUES (4170, 375, 41);
INSERT INTO `tb_cart_detail` VALUES (4171, 376, 2);
INSERT INTO `tb_cart_detail` VALUES (4172, 376, 13);
INSERT INTO `tb_cart_detail` VALUES (4173, 376, 18);
INSERT INTO `tb_cart_detail` VALUES (4174, 376, 23);
INSERT INTO `tb_cart_detail` VALUES (4175, 376, 26);
INSERT INTO `tb_cart_detail` VALUES (4176, 376, 32);
INSERT INTO `tb_cart_detail` VALUES (4177, 376, 44);
INSERT INTO `tb_cart_detail` VALUES (4178, 376, 48);
INSERT INTO `tb_cart_detail` VALUES (4179, 376, 52);
INSERT INTO `tb_cart_detail` VALUES (4180, 376, 56);
INSERT INTO `tb_cart_detail` VALUES (4181, 376, 34);
INSERT INTO `tb_cart_detail` VALUES (4182, 376, 35);
INSERT INTO `tb_cart_detail` VALUES (4183, 376, 40);
INSERT INTO `tb_cart_detail` VALUES (4184, 376, 41);
INSERT INTO `tb_cart_detail` VALUES (4185, 377, 2);
INSERT INTO `tb_cart_detail` VALUES (4186, 377, 13);
INSERT INTO `tb_cart_detail` VALUES (4187, 377, 18);
INSERT INTO `tb_cart_detail` VALUES (4188, 377, 23);
INSERT INTO `tb_cart_detail` VALUES (4189, 377, 26);
INSERT INTO `tb_cart_detail` VALUES (4190, 377, 32);
INSERT INTO `tb_cart_detail` VALUES (4191, 377, 44);
INSERT INTO `tb_cart_detail` VALUES (4192, 377, 48);
INSERT INTO `tb_cart_detail` VALUES (4193, 377, 52);
INSERT INTO `tb_cart_detail` VALUES (4194, 377, 56);
INSERT INTO `tb_cart_detail` VALUES (4195, 377, 36);
INSERT INTO `tb_cart_detail` VALUES (4196, 377, 41);
INSERT INTO `tb_cart_detail` VALUES (4197, 378, 2);
INSERT INTO `tb_cart_detail` VALUES (4198, 378, 13);
INSERT INTO `tb_cart_detail` VALUES (4199, 378, 18);
INSERT INTO `tb_cart_detail` VALUES (4200, 378, 23);
INSERT INTO `tb_cart_detail` VALUES (4201, 378, 26);
INSERT INTO `tb_cart_detail` VALUES (4202, 378, 32);
INSERT INTO `tb_cart_detail` VALUES (4203, 378, 44);
INSERT INTO `tb_cart_detail` VALUES (4204, 378, 48);
INSERT INTO `tb_cart_detail` VALUES (4205, 378, 52);
INSERT INTO `tb_cart_detail` VALUES (4206, 378, 56);
INSERT INTO `tb_cart_detail` VALUES (4207, 378, 36);
INSERT INTO `tb_cart_detail` VALUES (4208, 378, 41);
INSERT INTO `tb_cart_detail` VALUES (4209, 379, 2);
INSERT INTO `tb_cart_detail` VALUES (4210, 379, 13);
INSERT INTO `tb_cart_detail` VALUES (4211, 379, 18);
INSERT INTO `tb_cart_detail` VALUES (4212, 379, 23);
INSERT INTO `tb_cart_detail` VALUES (4213, 379, 26);
INSERT INTO `tb_cart_detail` VALUES (4214, 379, 32);
INSERT INTO `tb_cart_detail` VALUES (4215, 379, 44);
INSERT INTO `tb_cart_detail` VALUES (4216, 379, 48);
INSERT INTO `tb_cart_detail` VALUES (4217, 379, 52);
INSERT INTO `tb_cart_detail` VALUES (4218, 379, 56);
INSERT INTO `tb_cart_detail` VALUES (4219, 379, 36);
INSERT INTO `tb_cart_detail` VALUES (4220, 379, 41);
INSERT INTO `tb_cart_detail` VALUES (4221, 386, 21);
INSERT INTO `tb_cart_detail` VALUES (4222, 386, 73);
INSERT INTO `tb_cart_detail` VALUES (4223, 386, 71);
INSERT INTO `tb_cart_detail` VALUES (4224, 386, 77);
INSERT INTO `tb_cart_detail` VALUES (4225, 386, 80);
INSERT INTO `tb_cart_detail` VALUES (4226, 386, 85);
INSERT INTO `tb_cart_detail` VALUES (4227, 386, 75);
INSERT INTO `tb_cart_detail` VALUES (4228, 387, 9);
INSERT INTO `tb_cart_detail` VALUES (4229, 387, 27);
INSERT INTO `tb_cart_detail` VALUES (4230, 387, 31);
INSERT INTO `tb_cart_detail` VALUES (4231, 387, 42);
INSERT INTO `tb_cart_detail` VALUES (4232, 387, 46);
INSERT INTO `tb_cart_detail` VALUES (4233, 387, 50);
INSERT INTO `tb_cart_detail` VALUES (4234, 387, 54);
INSERT INTO `tb_cart_detail` VALUES (4235, 387, 34);
INSERT INTO `tb_cart_detail` VALUES (4236, 387, 35);
INSERT INTO `tb_cart_detail` VALUES (4237, 388, 9);
INSERT INTO `tb_cart_detail` VALUES (4238, 388, 27);
INSERT INTO `tb_cart_detail` VALUES (4239, 388, 31);
INSERT INTO `tb_cart_detail` VALUES (4240, 388, 42);
INSERT INTO `tb_cart_detail` VALUES (4241, 388, 46);
INSERT INTO `tb_cart_detail` VALUES (4242, 388, 50);
INSERT INTO `tb_cart_detail` VALUES (4243, 388, 54);
INSERT INTO `tb_cart_detail` VALUES (4244, 388, 34);
INSERT INTO `tb_cart_detail` VALUES (4245, 388, 35);
INSERT INTO `tb_cart_detail` VALUES (4246, 389, 4);
INSERT INTO `tb_cart_detail` VALUES (4247, 389, 13);
INSERT INTO `tb_cart_detail` VALUES (4248, 389, 14);
INSERT INTO `tb_cart_detail` VALUES (4249, 389, 24);
INSERT INTO `tb_cart_detail` VALUES (4250, 389, 30);
INSERT INTO `tb_cart_detail` VALUES (4251, 389, 32);
INSERT INTO `tb_cart_detail` VALUES (4252, 389, 45);
INSERT INTO `tb_cart_detail` VALUES (4253, 389, 49);
INSERT INTO `tb_cart_detail` VALUES (4254, 389, 53);
INSERT INTO `tb_cart_detail` VALUES (4255, 389, 57);
INSERT INTO `tb_cart_detail` VALUES (4256, 390, 4);
INSERT INTO `tb_cart_detail` VALUES (4257, 390, 13);
INSERT INTO `tb_cart_detail` VALUES (4258, 390, 14);
INSERT INTO `tb_cart_detail` VALUES (4259, 390, 24);
INSERT INTO `tb_cart_detail` VALUES (4260, 390, 30);
INSERT INTO `tb_cart_detail` VALUES (4261, 390, 32);
INSERT INTO `tb_cart_detail` VALUES (4262, 390, 45);
INSERT INTO `tb_cart_detail` VALUES (4263, 390, 49);
INSERT INTO `tb_cart_detail` VALUES (4264, 390, 53);
INSERT INTO `tb_cart_detail` VALUES (4265, 390, 57);
INSERT INTO `tb_cart_detail` VALUES (4266, 391, 1);
INSERT INTO `tb_cart_detail` VALUES (4267, 391, 12);
INSERT INTO `tb_cart_detail` VALUES (4268, 391, 17);
INSERT INTO `tb_cart_detail` VALUES (4269, 391, 21);
INSERT INTO `tb_cart_detail` VALUES (4270, 391, 25);
INSERT INTO `tb_cart_detail` VALUES (4271, 391, 31);
INSERT INTO `tb_cart_detail` VALUES (4272, 391, 42);
INSERT INTO `tb_cart_detail` VALUES (4273, 391, 46);
INSERT INTO `tb_cart_detail` VALUES (4274, 391, 50);
INSERT INTO `tb_cart_detail` VALUES (4275, 391, 54);
INSERT INTO `tb_cart_detail` VALUES (4276, 392, 1);
INSERT INTO `tb_cart_detail` VALUES (4277, 392, 12);
INSERT INTO `tb_cart_detail` VALUES (4278, 392, 17);
INSERT INTO `tb_cart_detail` VALUES (4279, 392, 21);
INSERT INTO `tb_cart_detail` VALUES (4280, 392, 25);
INSERT INTO `tb_cart_detail` VALUES (4281, 392, 31);
INSERT INTO `tb_cart_detail` VALUES (4282, 392, 42);
INSERT INTO `tb_cart_detail` VALUES (4283, 392, 46);
INSERT INTO `tb_cart_detail` VALUES (4284, 392, 50);
INSERT INTO `tb_cart_detail` VALUES (4285, 392, 54);
INSERT INTO `tb_cart_detail` VALUES (4286, 393, 2);
INSERT INTO `tb_cart_detail` VALUES (4287, 393, 13);
INSERT INTO `tb_cart_detail` VALUES (4288, 393, 15);
INSERT INTO `tb_cart_detail` VALUES (4289, 393, 23);
INSERT INTO `tb_cart_detail` VALUES (4290, 393, 26);
INSERT INTO `tb_cart_detail` VALUES (4291, 393, 32);
INSERT INTO `tb_cart_detail` VALUES (4292, 393, 44);
INSERT INTO `tb_cart_detail` VALUES (4293, 393, 48);
INSERT INTO `tb_cart_detail` VALUES (4294, 393, 52);
INSERT INTO `tb_cart_detail` VALUES (4295, 393, 56);
INSERT INTO `tb_cart_detail` VALUES (4296, 393, 35);
INSERT INTO `tb_cart_detail` VALUES (4297, 393, 41);
INSERT INTO `tb_cart_detail` VALUES (4298, 394, 2);
INSERT INTO `tb_cart_detail` VALUES (4299, 394, 13);
INSERT INTO `tb_cart_detail` VALUES (4300, 394, 15);
INSERT INTO `tb_cart_detail` VALUES (4301, 394, 23);
INSERT INTO `tb_cart_detail` VALUES (4302, 394, 26);
INSERT INTO `tb_cart_detail` VALUES (4303, 394, 32);
INSERT INTO `tb_cart_detail` VALUES (4304, 394, 44);
INSERT INTO `tb_cart_detail` VALUES (4305, 394, 48);
INSERT INTO `tb_cart_detail` VALUES (4306, 394, 52);
INSERT INTO `tb_cart_detail` VALUES (4307, 394, 56);
INSERT INTO `tb_cart_detail` VALUES (4308, 394, 35);
INSERT INTO `tb_cart_detail` VALUES (4309, 394, 41);
INSERT INTO `tb_cart_detail` VALUES (4310, 395, 2);
INSERT INTO `tb_cart_detail` VALUES (4311, 395, 13);
INSERT INTO `tb_cart_detail` VALUES (4312, 395, 15);
INSERT INTO `tb_cart_detail` VALUES (4313, 395, 23);
INSERT INTO `tb_cart_detail` VALUES (4314, 395, 26);
INSERT INTO `tb_cart_detail` VALUES (4315, 395, 32);
INSERT INTO `tb_cart_detail` VALUES (4316, 395, 44);
INSERT INTO `tb_cart_detail` VALUES (4317, 395, 48);
INSERT INTO `tb_cart_detail` VALUES (4318, 395, 52);
INSERT INTO `tb_cart_detail` VALUES (4319, 395, 56);
INSERT INTO `tb_cart_detail` VALUES (4320, 395, 35);
INSERT INTO `tb_cart_detail` VALUES (4321, 395, 41);
INSERT INTO `tb_cart_detail` VALUES (4322, 396, 2);
INSERT INTO `tb_cart_detail` VALUES (4323, 396, 13);
INSERT INTO `tb_cart_detail` VALUES (4324, 396, 15);
INSERT INTO `tb_cart_detail` VALUES (4325, 396, 23);
INSERT INTO `tb_cart_detail` VALUES (4326, 396, 26);
INSERT INTO `tb_cart_detail` VALUES (4327, 396, 32);
INSERT INTO `tb_cart_detail` VALUES (4328, 396, 44);
INSERT INTO `tb_cart_detail` VALUES (4329, 396, 48);
INSERT INTO `tb_cart_detail` VALUES (4330, 396, 52);
INSERT INTO `tb_cart_detail` VALUES (4331, 396, 56);
INSERT INTO `tb_cart_detail` VALUES (4332, 396, 35);
INSERT INTO `tb_cart_detail` VALUES (4333, 396, 41);
INSERT INTO `tb_cart_detail` VALUES (4334, 397, 2);
INSERT INTO `tb_cart_detail` VALUES (4335, 397, 13);
INSERT INTO `tb_cart_detail` VALUES (4336, 397, 15);
INSERT INTO `tb_cart_detail` VALUES (4337, 397, 23);
INSERT INTO `tb_cart_detail` VALUES (4338, 397, 26);
INSERT INTO `tb_cart_detail` VALUES (4339, 397, 32);
INSERT INTO `tb_cart_detail` VALUES (4340, 397, 44);
INSERT INTO `tb_cart_detail` VALUES (4341, 397, 48);
INSERT INTO `tb_cart_detail` VALUES (4342, 397, 52);
INSERT INTO `tb_cart_detail` VALUES (4343, 397, 56);
INSERT INTO `tb_cart_detail` VALUES (4344, 397, 35);
INSERT INTO `tb_cart_detail` VALUES (4345, 397, 41);
INSERT INTO `tb_cart_detail` VALUES (4346, 398, 2);
INSERT INTO `tb_cart_detail` VALUES (4347, 398, 13);
INSERT INTO `tb_cart_detail` VALUES (4348, 398, 15);
INSERT INTO `tb_cart_detail` VALUES (4349, 398, 23);
INSERT INTO `tb_cart_detail` VALUES (4350, 398, 26);
INSERT INTO `tb_cart_detail` VALUES (4351, 398, 32);
INSERT INTO `tb_cart_detail` VALUES (4352, 398, 44);
INSERT INTO `tb_cart_detail` VALUES (4353, 398, 48);
INSERT INTO `tb_cart_detail` VALUES (4354, 398, 52);
INSERT INTO `tb_cart_detail` VALUES (4355, 398, 56);
INSERT INTO `tb_cart_detail` VALUES (4356, 398, 35);
INSERT INTO `tb_cart_detail` VALUES (4357, 398, 41);
INSERT INTO `tb_cart_detail` VALUES (4358, 399, 2);
INSERT INTO `tb_cart_detail` VALUES (4359, 399, 13);
INSERT INTO `tb_cart_detail` VALUES (4360, 399, 15);
INSERT INTO `tb_cart_detail` VALUES (4361, 399, 23);
INSERT INTO `tb_cart_detail` VALUES (4362, 399, 26);
INSERT INTO `tb_cart_detail` VALUES (4363, 399, 32);
INSERT INTO `tb_cart_detail` VALUES (4364, 399, 44);
INSERT INTO `tb_cart_detail` VALUES (4365, 399, 48);
INSERT INTO `tb_cart_detail` VALUES (4366, 399, 52);
INSERT INTO `tb_cart_detail` VALUES (4367, 399, 56);
INSERT INTO `tb_cart_detail` VALUES (4368, 399, 35);
INSERT INTO `tb_cart_detail` VALUES (4369, 399, 41);
INSERT INTO `tb_cart_detail` VALUES (4370, 400, 2);
INSERT INTO `tb_cart_detail` VALUES (4371, 400, 13);
INSERT INTO `tb_cart_detail` VALUES (4372, 400, 15);
INSERT INTO `tb_cart_detail` VALUES (4373, 400, 23);
INSERT INTO `tb_cart_detail` VALUES (4374, 400, 26);
INSERT INTO `tb_cart_detail` VALUES (4375, 400, 32);
INSERT INTO `tb_cart_detail` VALUES (4376, 400, 44);
INSERT INTO `tb_cart_detail` VALUES (4377, 400, 48);
INSERT INTO `tb_cart_detail` VALUES (4378, 400, 52);
INSERT INTO `tb_cart_detail` VALUES (4379, 400, 56);
INSERT INTO `tb_cart_detail` VALUES (4380, 400, 35);
INSERT INTO `tb_cart_detail` VALUES (4381, 400, 41);
INSERT INTO `tb_cart_detail` VALUES (4382, 401, 3);
INSERT INTO `tb_cart_detail` VALUES (4383, 401, 13);
INSERT INTO `tb_cart_detail` VALUES (4384, 401, 18);
INSERT INTO `tb_cart_detail` VALUES (4385, 401, 23);
INSERT INTO `tb_cart_detail` VALUES (4386, 401, 26);
INSERT INTO `tb_cart_detail` VALUES (4387, 401, 32);
INSERT INTO `tb_cart_detail` VALUES (4388, 401, 44);
INSERT INTO `tb_cart_detail` VALUES (4389, 401, 48);
INSERT INTO `tb_cart_detail` VALUES (4390, 401, 52);
INSERT INTO `tb_cart_detail` VALUES (4391, 401, 56);
INSERT INTO `tb_cart_detail` VALUES (4392, 401, 35);
INSERT INTO `tb_cart_detail` VALUES (4393, 401, 41);
INSERT INTO `tb_cart_detail` VALUES (4394, 402, 10);
INSERT INTO `tb_cart_detail` VALUES (4395, 402, 29);
INSERT INTO `tb_cart_detail` VALUES (4396, 402, 32);
INSERT INTO `tb_cart_detail` VALUES (4397, 402, 42);
INSERT INTO `tb_cart_detail` VALUES (4398, 402, 46);
INSERT INTO `tb_cart_detail` VALUES (4399, 402, 51);
INSERT INTO `tb_cart_detail` VALUES (4400, 402, 55);
INSERT INTO `tb_cart_detail` VALUES (4401, 402, 34);
INSERT INTO `tb_cart_detail` VALUES (4402, 402, 35);
INSERT INTO `tb_cart_detail` VALUES (4403, 402, 36);
INSERT INTO `tb_cart_detail` VALUES (4404, 402, 37);
INSERT INTO `tb_cart_detail` VALUES (4405, 402, 38);
INSERT INTO `tb_cart_detail` VALUES (4406, 402, 39);
INSERT INTO `tb_cart_detail` VALUES (4407, 402, 41);
INSERT INTO `tb_cart_detail` VALUES (4408, 403, 10);
INSERT INTO `tb_cart_detail` VALUES (4409, 403, 29);
INSERT INTO `tb_cart_detail` VALUES (4410, 403, 32);
INSERT INTO `tb_cart_detail` VALUES (4411, 403, 42);
INSERT INTO `tb_cart_detail` VALUES (4412, 403, 46);
INSERT INTO `tb_cart_detail` VALUES (4413, 403, 51);
INSERT INTO `tb_cart_detail` VALUES (4414, 403, 55);
INSERT INTO `tb_cart_detail` VALUES (4415, 403, 34);
INSERT INTO `tb_cart_detail` VALUES (4416, 403, 35);
INSERT INTO `tb_cart_detail` VALUES (4417, 403, 36);
INSERT INTO `tb_cart_detail` VALUES (4418, 403, 37);
INSERT INTO `tb_cart_detail` VALUES (4419, 403, 38);
INSERT INTO `tb_cart_detail` VALUES (4420, 403, 39);
INSERT INTO `tb_cart_detail` VALUES (4421, 403, 41);
INSERT INTO `tb_cart_detail` VALUES (4422, 404, 2);
INSERT INTO `tb_cart_detail` VALUES (4423, 404, 13);
INSERT INTO `tb_cart_detail` VALUES (4424, 404, 15);
INSERT INTO `tb_cart_detail` VALUES (4425, 404, 24);
INSERT INTO `tb_cart_detail` VALUES (4426, 404, 27);
INSERT INTO `tb_cart_detail` VALUES (4427, 404, 32);
INSERT INTO `tb_cart_detail` VALUES (4428, 404, 45);
INSERT INTO `tb_cart_detail` VALUES (4429, 404, 49);
INSERT INTO `tb_cart_detail` VALUES (4430, 404, 53);
INSERT INTO `tb_cart_detail` VALUES (4431, 404, 57);
INSERT INTO `tb_cart_detail` VALUES (4432, 404, 36);
INSERT INTO `tb_cart_detail` VALUES (4433, 404, 40);
INSERT INTO `tb_cart_detail` VALUES (4434, 405, 2);
INSERT INTO `tb_cart_detail` VALUES (4435, 405, 13);
INSERT INTO `tb_cart_detail` VALUES (4436, 405, 18);
INSERT INTO `tb_cart_detail` VALUES (4437, 405, 23);
INSERT INTO `tb_cart_detail` VALUES (4438, 405, 27);
INSERT INTO `tb_cart_detail` VALUES (4439, 405, 32);
INSERT INTO `tb_cart_detail` VALUES (4440, 405, 45);
INSERT INTO `tb_cart_detail` VALUES (4441, 405, 49);
INSERT INTO `tb_cart_detail` VALUES (4442, 405, 53);
INSERT INTO `tb_cart_detail` VALUES (4443, 405, 57);
INSERT INTO `tb_cart_detail` VALUES (4444, 405, 41);
INSERT INTO `tb_cart_detail` VALUES (4445, 406, 1);
INSERT INTO `tb_cart_detail` VALUES (4446, 406, 12);
INSERT INTO `tb_cart_detail` VALUES (4447, 406, 17);
INSERT INTO `tb_cart_detail` VALUES (4448, 406, 21);
INSERT INTO `tb_cart_detail` VALUES (4449, 406, 25);
INSERT INTO `tb_cart_detail` VALUES (4450, 406, 31);
INSERT INTO `tb_cart_detail` VALUES (4451, 406, 42);
INSERT INTO `tb_cart_detail` VALUES (4452, 406, 46);
INSERT INTO `tb_cart_detail` VALUES (4453, 406, 50);
INSERT INTO `tb_cart_detail` VALUES (4454, 406, 54);
INSERT INTO `tb_cart_detail` VALUES (4455, 406, 33);
INSERT INTO `tb_cart_detail` VALUES (4456, 406, 34);
INSERT INTO `tb_cart_detail` VALUES (4457, 407, 1);
INSERT INTO `tb_cart_detail` VALUES (4458, 407, 12);
INSERT INTO `tb_cart_detail` VALUES (4459, 407, 17);
INSERT INTO `tb_cart_detail` VALUES (4460, 407, 21);
INSERT INTO `tb_cart_detail` VALUES (4461, 407, 25);
INSERT INTO `tb_cart_detail` VALUES (4462, 407, 31);
INSERT INTO `tb_cart_detail` VALUES (4463, 407, 42);
INSERT INTO `tb_cart_detail` VALUES (4464, 407, 46);
INSERT INTO `tb_cart_detail` VALUES (4465, 407, 50);
INSERT INTO `tb_cart_detail` VALUES (4466, 407, 54);
INSERT INTO `tb_cart_detail` VALUES (4467, 407, 33);
INSERT INTO `tb_cart_detail` VALUES (4468, 407, 34);
INSERT INTO `tb_cart_detail` VALUES (4469, 408, 1);
INSERT INTO `tb_cart_detail` VALUES (4470, 408, 12);
INSERT INTO `tb_cart_detail` VALUES (4471, 408, 17);
INSERT INTO `tb_cart_detail` VALUES (4472, 408, 21);
INSERT INTO `tb_cart_detail` VALUES (4473, 408, 25);
INSERT INTO `tb_cart_detail` VALUES (4474, 408, 31);
INSERT INTO `tb_cart_detail` VALUES (4475, 408, 42);
INSERT INTO `tb_cart_detail` VALUES (4476, 408, 46);
INSERT INTO `tb_cart_detail` VALUES (4477, 408, 50);
INSERT INTO `tb_cart_detail` VALUES (4478, 408, 54);
INSERT INTO `tb_cart_detail` VALUES (4479, 408, 34);
INSERT INTO `tb_cart_detail` VALUES (4480, 408, 40);
INSERT INTO `tb_cart_detail` VALUES (4481, 409, 1);
INSERT INTO `tb_cart_detail` VALUES (4482, 409, 12);
INSERT INTO `tb_cart_detail` VALUES (4483, 409, 17);
INSERT INTO `tb_cart_detail` VALUES (4484, 409, 21);
INSERT INTO `tb_cart_detail` VALUES (4485, 409, 25);
INSERT INTO `tb_cart_detail` VALUES (4486, 409, 31);
INSERT INTO `tb_cart_detail` VALUES (4487, 409, 42);
INSERT INTO `tb_cart_detail` VALUES (4488, 409, 46);
INSERT INTO `tb_cart_detail` VALUES (4489, 409, 50);
INSERT INTO `tb_cart_detail` VALUES (4490, 409, 54);
INSERT INTO `tb_cart_detail` VALUES (4491, 409, 34);
INSERT INTO `tb_cart_detail` VALUES (4492, 409, 40);
INSERT INTO `tb_cart_detail` VALUES (4493, 410, 1);
INSERT INTO `tb_cart_detail` VALUES (4494, 410, 12);
INSERT INTO `tb_cart_detail` VALUES (4495, 410, 17);
INSERT INTO `tb_cart_detail` VALUES (4496, 410, 21);
INSERT INTO `tb_cart_detail` VALUES (4497, 410, 25);
INSERT INTO `tb_cart_detail` VALUES (4498, 410, 31);
INSERT INTO `tb_cart_detail` VALUES (4499, 410, 42);
INSERT INTO `tb_cart_detail` VALUES (4500, 410, 46);
INSERT INTO `tb_cart_detail` VALUES (4501, 410, 50);
INSERT INTO `tb_cart_detail` VALUES (4502, 410, 54);
INSERT INTO `tb_cart_detail` VALUES (4503, 410, 33);
INSERT INTO `tb_cart_detail` VALUES (4504, 410, 34);
INSERT INTO `tb_cart_detail` VALUES (4505, 410, 35);
INSERT INTO `tb_cart_detail` VALUES (4506, 410, 36);
INSERT INTO `tb_cart_detail` VALUES (4507, 411, 3);
INSERT INTO `tb_cart_detail` VALUES (4508, 411, 13);
INSERT INTO `tb_cart_detail` VALUES (4509, 411, 14);
INSERT INTO `tb_cart_detail` VALUES (4510, 411, 24);
INSERT INTO `tb_cart_detail` VALUES (4511, 411, 27);
INSERT INTO `tb_cart_detail` VALUES (4512, 411, 32);
INSERT INTO `tb_cart_detail` VALUES (4513, 411, 45);
INSERT INTO `tb_cart_detail` VALUES (4514, 411, 49);
INSERT INTO `tb_cart_detail` VALUES (4515, 411, 53);
INSERT INTO `tb_cart_detail` VALUES (4516, 411, 56);
INSERT INTO `tb_cart_detail` VALUES (4517, 411, 34);
INSERT INTO `tb_cart_detail` VALUES (4518, 411, 40);
INSERT INTO `tb_cart_detail` VALUES (4519, 411, 41);
INSERT INTO `tb_cart_detail` VALUES (4520, 412, 4);
INSERT INTO `tb_cart_detail` VALUES (4521, 412, 13);
INSERT INTO `tb_cart_detail` VALUES (4522, 412, 14);
INSERT INTO `tb_cart_detail` VALUES (4523, 412, 24);
INSERT INTO `tb_cart_detail` VALUES (4524, 412, 27);
INSERT INTO `tb_cart_detail` VALUES (4525, 412, 32);
INSERT INTO `tb_cart_detail` VALUES (4526, 412, 44);
INSERT INTO `tb_cart_detail` VALUES (4527, 412, 48);
INSERT INTO `tb_cart_detail` VALUES (4528, 412, 53);
INSERT INTO `tb_cart_detail` VALUES (4529, 412, 56);
INSERT INTO `tb_cart_detail` VALUES (4530, 412, 41);
INSERT INTO `tb_cart_detail` VALUES (4531, 413, 3);
INSERT INTO `tb_cart_detail` VALUES (4532, 413, 13);
INSERT INTO `tb_cart_detail` VALUES (4533, 413, 14);
INSERT INTO `tb_cart_detail` VALUES (4534, 413, 24);
INSERT INTO `tb_cart_detail` VALUES (4535, 413, 27);
INSERT INTO `tb_cart_detail` VALUES (4536, 413, 32);
INSERT INTO `tb_cart_detail` VALUES (4537, 413, 45);
INSERT INTO `tb_cart_detail` VALUES (4538, 413, 49);
INSERT INTO `tb_cart_detail` VALUES (4539, 413, 53);
INSERT INTO `tb_cart_detail` VALUES (4540, 413, 56);
INSERT INTO `tb_cart_detail` VALUES (4541, 413, 34);
INSERT INTO `tb_cart_detail` VALUES (4542, 413, 40);
INSERT INTO `tb_cart_detail` VALUES (4543, 413, 41);
INSERT INTO `tb_cart_detail` VALUES (4544, 414, 4);
INSERT INTO `tb_cart_detail` VALUES (4545, 414, 13);
INSERT INTO `tb_cart_detail` VALUES (4546, 414, 14);
INSERT INTO `tb_cart_detail` VALUES (4547, 414, 24);
INSERT INTO `tb_cart_detail` VALUES (4548, 414, 27);
INSERT INTO `tb_cart_detail` VALUES (4549, 414, 32);
INSERT INTO `tb_cart_detail` VALUES (4550, 414, 44);
INSERT INTO `tb_cart_detail` VALUES (4551, 414, 48);
INSERT INTO `tb_cart_detail` VALUES (4552, 414, 53);
INSERT INTO `tb_cart_detail` VALUES (4553, 414, 56);
INSERT INTO `tb_cart_detail` VALUES (4554, 414, 41);
INSERT INTO `tb_cart_detail` VALUES (4555, 415, 3);
INSERT INTO `tb_cart_detail` VALUES (4556, 415, 13);
INSERT INTO `tb_cart_detail` VALUES (4557, 415, 14);
INSERT INTO `tb_cart_detail` VALUES (4558, 415, 24);
INSERT INTO `tb_cart_detail` VALUES (4559, 415, 27);
INSERT INTO `tb_cart_detail` VALUES (4560, 415, 32);
INSERT INTO `tb_cart_detail` VALUES (4561, 415, 45);
INSERT INTO `tb_cart_detail` VALUES (4562, 415, 49);
INSERT INTO `tb_cart_detail` VALUES (4563, 415, 53);
INSERT INTO `tb_cart_detail` VALUES (4564, 415, 57);
INSERT INTO `tb_cart_detail` VALUES (4565, 415, 35);
INSERT INTO `tb_cart_detail` VALUES (4566, 415, 41);
INSERT INTO `tb_cart_detail` VALUES (4567, 417, 2);
INSERT INTO `tb_cart_detail` VALUES (4568, 416, 2);
INSERT INTO `tb_cart_detail` VALUES (4569, 416, 13);
INSERT INTO `tb_cart_detail` VALUES (4570, 417, 13);
INSERT INTO `tb_cart_detail` VALUES (4571, 416, 15);
INSERT INTO `tb_cart_detail` VALUES (4572, 416, 23);
INSERT INTO `tb_cart_detail` VALUES (4573, 416, 26);
INSERT INTO `tb_cart_detail` VALUES (4574, 416, 32);
INSERT INTO `tb_cart_detail` VALUES (4575, 417, 15);
INSERT INTO `tb_cart_detail` VALUES (4576, 417, 23);
INSERT INTO `tb_cart_detail` VALUES (4577, 417, 26);
INSERT INTO `tb_cart_detail` VALUES (4578, 417, 32);
INSERT INTO `tb_cart_detail` VALUES (4579, 416, 44);
INSERT INTO `tb_cart_detail` VALUES (4580, 417, 44);
INSERT INTO `tb_cart_detail` VALUES (4581, 416, 48);
INSERT INTO `tb_cart_detail` VALUES (4582, 417, 48);
INSERT INTO `tb_cart_detail` VALUES (4583, 416, 52);
INSERT INTO `tb_cart_detail` VALUES (4584, 417, 52);
INSERT INTO `tb_cart_detail` VALUES (4585, 416, 56);
INSERT INTO `tb_cart_detail` VALUES (4586, 417, 56);
INSERT INTO `tb_cart_detail` VALUES (4587, 416, 40);
INSERT INTO `tb_cart_detail` VALUES (4588, 417, 40);
INSERT INTO `tb_cart_detail` VALUES (4589, 418, 2);
INSERT INTO `tb_cart_detail` VALUES (4590, 418, 12);
INSERT INTO `tb_cart_detail` VALUES (4591, 418, 18);
INSERT INTO `tb_cart_detail` VALUES (4592, 418, 23);
INSERT INTO `tb_cart_detail` VALUES (4593, 418, 26);
INSERT INTO `tb_cart_detail` VALUES (4594, 418, 31);
INSERT INTO `tb_cart_detail` VALUES (4595, 418, 44);
INSERT INTO `tb_cart_detail` VALUES (4596, 418, 48);
INSERT INTO `tb_cart_detail` VALUES (4597, 418, 50);
INSERT INTO `tb_cart_detail` VALUES (4598, 418, 54);
INSERT INTO `tb_cart_detail` VALUES (4599, 418, 35);
INSERT INTO `tb_cart_detail` VALUES (4600, 419, 2);
INSERT INTO `tb_cart_detail` VALUES (4601, 419, 13);
INSERT INTO `tb_cart_detail` VALUES (4602, 419, 18);
INSERT INTO `tb_cart_detail` VALUES (4603, 419, 23);
INSERT INTO `tb_cart_detail` VALUES (4604, 419, 26);
INSERT INTO `tb_cart_detail` VALUES (4605, 419, 32);
INSERT INTO `tb_cart_detail` VALUES (4606, 419, 43);
INSERT INTO `tb_cart_detail` VALUES (4607, 419, 47);
INSERT INTO `tb_cart_detail` VALUES (4608, 419, 52);
INSERT INTO `tb_cart_detail` VALUES (4609, 419, 56);
INSERT INTO `tb_cart_detail` VALUES (4610, 419, 35);
INSERT INTO `tb_cart_detail` VALUES (4611, 419, 41);
INSERT INTO `tb_cart_detail` VALUES (4612, 420, 2);
INSERT INTO `tb_cart_detail` VALUES (4613, 420, 13);
INSERT INTO `tb_cart_detail` VALUES (4614, 420, 18);
INSERT INTO `tb_cart_detail` VALUES (4615, 420, 23);
INSERT INTO `tb_cart_detail` VALUES (4616, 420, 26);
INSERT INTO `tb_cart_detail` VALUES (4617, 420, 32);
INSERT INTO `tb_cart_detail` VALUES (4618, 420, 43);
INSERT INTO `tb_cart_detail` VALUES (4619, 420, 47);
INSERT INTO `tb_cart_detail` VALUES (4620, 420, 51);
INSERT INTO `tb_cart_detail` VALUES (4621, 420, 55);
INSERT INTO `tb_cart_detail` VALUES (4622, 421, 1);
INSERT INTO `tb_cart_detail` VALUES (4623, 421, 12);
INSERT INTO `tb_cart_detail` VALUES (4624, 421, 17);
INSERT INTO `tb_cart_detail` VALUES (4625, 421, 23);
INSERT INTO `tb_cart_detail` VALUES (4626, 421, 25);
INSERT INTO `tb_cart_detail` VALUES (4627, 421, 31);
INSERT INTO `tb_cart_detail` VALUES (4628, 421, 45);
INSERT INTO `tb_cart_detail` VALUES (4629, 421, 49);
INSERT INTO `tb_cart_detail` VALUES (4630, 421, 53);
INSERT INTO `tb_cart_detail` VALUES (4631, 421, 56);
INSERT INTO `tb_cart_detail` VALUES (4632, 421, 34);
INSERT INTO `tb_cart_detail` VALUES (4633, 421, 41);
INSERT INTO `tb_cart_detail` VALUES (4634, 422, 1);
INSERT INTO `tb_cart_detail` VALUES (4635, 422, 12);
INSERT INTO `tb_cart_detail` VALUES (4636, 422, 17);
INSERT INTO `tb_cart_detail` VALUES (4637, 422, 23);
INSERT INTO `tb_cart_detail` VALUES (4638, 422, 25);
INSERT INTO `tb_cart_detail` VALUES (4639, 422, 31);
INSERT INTO `tb_cart_detail` VALUES (4640, 422, 45);
INSERT INTO `tb_cart_detail` VALUES (4641, 422, 49);
INSERT INTO `tb_cart_detail` VALUES (4642, 422, 53);
INSERT INTO `tb_cart_detail` VALUES (4643, 422, 56);
INSERT INTO `tb_cart_detail` VALUES (4644, 422, 34);
INSERT INTO `tb_cart_detail` VALUES (4645, 422, 41);
INSERT INTO `tb_cart_detail` VALUES (4646, 423, 1);
INSERT INTO `tb_cart_detail` VALUES (4647, 423, 12);
INSERT INTO `tb_cart_detail` VALUES (4648, 423, 17);
INSERT INTO `tb_cart_detail` VALUES (4649, 423, 23);
INSERT INTO `tb_cart_detail` VALUES (4650, 423, 25);
INSERT INTO `tb_cart_detail` VALUES (4651, 423, 31);
INSERT INTO `tb_cart_detail` VALUES (4652, 423, 45);
INSERT INTO `tb_cart_detail` VALUES (4653, 423, 49);
INSERT INTO `tb_cart_detail` VALUES (4654, 423, 53);
INSERT INTO `tb_cart_detail` VALUES (4655, 423, 56);
INSERT INTO `tb_cart_detail` VALUES (4656, 423, 34);
INSERT INTO `tb_cart_detail` VALUES (4657, 423, 41);
INSERT INTO `tb_cart_detail` VALUES (4658, 424, 1);
INSERT INTO `tb_cart_detail` VALUES (4659, 424, 12);
INSERT INTO `tb_cart_detail` VALUES (4660, 424, 17);
INSERT INTO `tb_cart_detail` VALUES (4661, 424, 23);
INSERT INTO `tb_cart_detail` VALUES (4662, 424, 25);
INSERT INTO `tb_cart_detail` VALUES (4663, 424, 31);
INSERT INTO `tb_cart_detail` VALUES (4664, 424, 45);
INSERT INTO `tb_cart_detail` VALUES (4665, 424, 49);
INSERT INTO `tb_cart_detail` VALUES (4666, 424, 53);
INSERT INTO `tb_cart_detail` VALUES (4667, 424, 56);
INSERT INTO `tb_cart_detail` VALUES (4668, 424, 34);
INSERT INTO `tb_cart_detail` VALUES (4669, 424, 41);
INSERT INTO `tb_cart_detail` VALUES (4670, 425, 1);
INSERT INTO `tb_cart_detail` VALUES (4671, 425, 12);
INSERT INTO `tb_cart_detail` VALUES (4672, 425, 17);
INSERT INTO `tb_cart_detail` VALUES (4673, 425, 23);
INSERT INTO `tb_cart_detail` VALUES (4674, 425, 25);
INSERT INTO `tb_cart_detail` VALUES (4675, 425, 31);
INSERT INTO `tb_cart_detail` VALUES (4676, 425, 45);
INSERT INTO `tb_cart_detail` VALUES (4677, 425, 49);
INSERT INTO `tb_cart_detail` VALUES (4678, 425, 53);
INSERT INTO `tb_cart_detail` VALUES (4679, 425, 56);
INSERT INTO `tb_cart_detail` VALUES (4680, 425, 34);
INSERT INTO `tb_cart_detail` VALUES (4681, 425, 41);
INSERT INTO `tb_cart_detail` VALUES (4682, 426, 1);
INSERT INTO `tb_cart_detail` VALUES (4683, 426, 12);
INSERT INTO `tb_cart_detail` VALUES (4684, 426, 17);
INSERT INTO `tb_cart_detail` VALUES (4685, 426, 23);
INSERT INTO `tb_cart_detail` VALUES (4686, 426, 25);
INSERT INTO `tb_cart_detail` VALUES (4687, 426, 31);
INSERT INTO `tb_cart_detail` VALUES (4688, 426, 45);
INSERT INTO `tb_cart_detail` VALUES (4689, 426, 49);
INSERT INTO `tb_cart_detail` VALUES (4690, 426, 53);
INSERT INTO `tb_cart_detail` VALUES (4691, 426, 56);
INSERT INTO `tb_cart_detail` VALUES (4692, 426, 34);
INSERT INTO `tb_cart_detail` VALUES (4693, 426, 41);
INSERT INTO `tb_cart_detail` VALUES (4694, 427, 1);
INSERT INTO `tb_cart_detail` VALUES (4695, 427, 12);
INSERT INTO `tb_cart_detail` VALUES (4696, 427, 17);
INSERT INTO `tb_cart_detail` VALUES (4697, 427, 23);
INSERT INTO `tb_cart_detail` VALUES (4698, 427, 25);
INSERT INTO `tb_cart_detail` VALUES (4699, 427, 31);
INSERT INTO `tb_cart_detail` VALUES (4700, 427, 45);
INSERT INTO `tb_cart_detail` VALUES (4701, 427, 49);
INSERT INTO `tb_cart_detail` VALUES (4702, 427, 53);
INSERT INTO `tb_cart_detail` VALUES (4703, 427, 56);
INSERT INTO `tb_cart_detail` VALUES (4704, 427, 34);
INSERT INTO `tb_cart_detail` VALUES (4705, 427, 41);
INSERT INTO `tb_cart_detail` VALUES (4706, 428, 1);
INSERT INTO `tb_cart_detail` VALUES (4707, 428, 12);
INSERT INTO `tb_cart_detail` VALUES (4708, 428, 17);
INSERT INTO `tb_cart_detail` VALUES (4709, 428, 23);
INSERT INTO `tb_cart_detail` VALUES (4710, 428, 25);
INSERT INTO `tb_cart_detail` VALUES (4711, 428, 31);
INSERT INTO `tb_cart_detail` VALUES (4712, 428, 45);
INSERT INTO `tb_cart_detail` VALUES (4713, 428, 49);
INSERT INTO `tb_cart_detail` VALUES (4714, 428, 53);
INSERT INTO `tb_cart_detail` VALUES (4715, 428, 56);
INSERT INTO `tb_cart_detail` VALUES (4716, 428, 34);
INSERT INTO `tb_cart_detail` VALUES (4717, 428, 41);
INSERT INTO `tb_cart_detail` VALUES (4718, 429, 1);
INSERT INTO `tb_cart_detail` VALUES (4719, 429, 13);
INSERT INTO `tb_cart_detail` VALUES (4720, 429, 14);
INSERT INTO `tb_cart_detail` VALUES (4721, 429, 21);
INSERT INTO `tb_cart_detail` VALUES (4722, 429, 25);
INSERT INTO `tb_cart_detail` VALUES (4723, 429, 32);
INSERT INTO `tb_cart_detail` VALUES (4724, 429, 45);
INSERT INTO `tb_cart_detail` VALUES (4725, 429, 49);
INSERT INTO `tb_cart_detail` VALUES (4726, 429, 53);
INSERT INTO `tb_cart_detail` VALUES (4727, 429, 57);
INSERT INTO `tb_cart_detail` VALUES (4728, 429, 33);
INSERT INTO `tb_cart_detail` VALUES (4729, 429, 34);
INSERT INTO `tb_cart_detail` VALUES (4730, 429, 35);
INSERT INTO `tb_cart_detail` VALUES (4731, 429, 36);
INSERT INTO `tb_cart_detail` VALUES (4732, 429, 37);
INSERT INTO `tb_cart_detail` VALUES (4733, 429, 38);
INSERT INTO `tb_cart_detail` VALUES (4734, 429, 39);
INSERT INTO `tb_cart_detail` VALUES (4735, 429, 40);
INSERT INTO `tb_cart_detail` VALUES (4736, 429, 41);
INSERT INTO `tb_cart_detail` VALUES (4737, 430, 2);
INSERT INTO `tb_cart_detail` VALUES (4738, 430, 13);
INSERT INTO `tb_cart_detail` VALUES (4739, 430, 18);
INSERT INTO `tb_cart_detail` VALUES (4740, 430, 23);
INSERT INTO `tb_cart_detail` VALUES (4741, 430, 26);
INSERT INTO `tb_cart_detail` VALUES (4742, 430, 32);
INSERT INTO `tb_cart_detail` VALUES (4743, 430, 44);
INSERT INTO `tb_cart_detail` VALUES (4744, 430, 48);
INSERT INTO `tb_cart_detail` VALUES (4745, 430, 52);
INSERT INTO `tb_cart_detail` VALUES (4746, 430, 57);
INSERT INTO `tb_cart_detail` VALUES (4747, 431, 2);
INSERT INTO `tb_cart_detail` VALUES (4748, 431, 13);
INSERT INTO `tb_cart_detail` VALUES (4749, 431, 18);
INSERT INTO `tb_cart_detail` VALUES (4750, 431, 23);
INSERT INTO `tb_cart_detail` VALUES (4751, 431, 26);
INSERT INTO `tb_cart_detail` VALUES (4752, 431, 32);
INSERT INTO `tb_cart_detail` VALUES (4753, 431, 43);
INSERT INTO `tb_cart_detail` VALUES (4754, 431, 47);
INSERT INTO `tb_cart_detail` VALUES (4755, 431, 51);
INSERT INTO `tb_cart_detail` VALUES (4756, 431, 55);
INSERT INTO `tb_cart_detail` VALUES (4757, 432, 9);
INSERT INTO `tb_cart_detail` VALUES (4758, 432, 27);
INSERT INTO `tb_cart_detail` VALUES (4759, 432, 32);
INSERT INTO `tb_cart_detail` VALUES (4760, 432, 43);
INSERT INTO `tb_cart_detail` VALUES (4761, 432, 47);
INSERT INTO `tb_cart_detail` VALUES (4762, 432, 52);
INSERT INTO `tb_cart_detail` VALUES (4763, 432, 56);
INSERT INTO `tb_cart_detail` VALUES (4764, 432, 34);
INSERT INTO `tb_cart_detail` VALUES (4765, 432, 35);
INSERT INTO `tb_cart_detail` VALUES (4766, 432, 36);
INSERT INTO `tb_cart_detail` VALUES (4767, 432, 37);
INSERT INTO `tb_cart_detail` VALUES (4768, 432, 38);
INSERT INTO `tb_cart_detail` VALUES (4769, 432, 39);
INSERT INTO `tb_cart_detail` VALUES (4770, 432, 41);
INSERT INTO `tb_cart_detail` VALUES (4771, 433, 1);
INSERT INTO `tb_cart_detail` VALUES (4772, 433, 12);
INSERT INTO `tb_cart_detail` VALUES (4773, 433, 15);
INSERT INTO `tb_cart_detail` VALUES (4774, 433, 24);
INSERT INTO `tb_cart_detail` VALUES (4775, 433, 27);
INSERT INTO `tb_cart_detail` VALUES (4776, 433, 32);
INSERT INTO `tb_cart_detail` VALUES (4777, 433, 45);
INSERT INTO `tb_cart_detail` VALUES (4778, 433, 49);
INSERT INTO `tb_cart_detail` VALUES (4779, 433, 53);
INSERT INTO `tb_cart_detail` VALUES (4780, 433, 57);
INSERT INTO `tb_cart_detail` VALUES (4781, 433, 33);
INSERT INTO `tb_cart_detail` VALUES (4782, 433, 34);
INSERT INTO `tb_cart_detail` VALUES (4783, 433, 35);
INSERT INTO `tb_cart_detail` VALUES (4784, 433, 36);
INSERT INTO `tb_cart_detail` VALUES (4785, 433, 37);
INSERT INTO `tb_cart_detail` VALUES (4786, 433, 38);
INSERT INTO `tb_cart_detail` VALUES (4787, 433, 63);
INSERT INTO `tb_cart_detail` VALUES (4788, 433, 39);
INSERT INTO `tb_cart_detail` VALUES (4789, 433, 40);
INSERT INTO `tb_cart_detail` VALUES (4790, 433, 41);
INSERT INTO `tb_cart_detail` VALUES (4791, 434, 1);
INSERT INTO `tb_cart_detail` VALUES (4792, 434, 12);
INSERT INTO `tb_cart_detail` VALUES (4793, 434, 14);
INSERT INTO `tb_cart_detail` VALUES (4794, 434, 24);
INSERT INTO `tb_cart_detail` VALUES (4795, 434, 27);
INSERT INTO `tb_cart_detail` VALUES (4796, 434, 31);
INSERT INTO `tb_cart_detail` VALUES (4797, 434, 42);
INSERT INTO `tb_cart_detail` VALUES (4798, 434, 46);
INSERT INTO `tb_cart_detail` VALUES (4799, 434, 50);
INSERT INTO `tb_cart_detail` VALUES (4800, 434, 54);
INSERT INTO `tb_cart_detail` VALUES (4801, 435, 1);
INSERT INTO `tb_cart_detail` VALUES (4802, 435, 12);
INSERT INTO `tb_cart_detail` VALUES (4803, 435, 14);
INSERT INTO `tb_cart_detail` VALUES (4804, 435, 24);
INSERT INTO `tb_cart_detail` VALUES (4805, 435, 27);
INSERT INTO `tb_cart_detail` VALUES (4806, 435, 31);
INSERT INTO `tb_cart_detail` VALUES (4807, 435, 42);
INSERT INTO `tb_cart_detail` VALUES (4808, 435, 46);
INSERT INTO `tb_cart_detail` VALUES (4809, 435, 50);
INSERT INTO `tb_cart_detail` VALUES (4810, 435, 54);
INSERT INTO `tb_cart_detail` VALUES (4811, 436, 9);
INSERT INTO `tb_cart_detail` VALUES (4812, 436, 28);
INSERT INTO `tb_cart_detail` VALUES (4813, 436, 31);
INSERT INTO `tb_cart_detail` VALUES (4814, 436, 42);
INSERT INTO `tb_cart_detail` VALUES (4815, 436, 46);
INSERT INTO `tb_cart_detail` VALUES (4816, 436, 50);
INSERT INTO `tb_cart_detail` VALUES (4817, 436, 54);
INSERT INTO `tb_cart_detail` VALUES (4818, 437, 2);
INSERT INTO `tb_cart_detail` VALUES (4819, 437, 12);
INSERT INTO `tb_cart_detail` VALUES (4820, 437, 15);
INSERT INTO `tb_cart_detail` VALUES (4821, 437, 23);
INSERT INTO `tb_cart_detail` VALUES (4822, 437, 28);
INSERT INTO `tb_cart_detail` VALUES (4823, 437, 31);
INSERT INTO `tb_cart_detail` VALUES (4824, 437, 42);
INSERT INTO `tb_cart_detail` VALUES (4825, 437, 46);
INSERT INTO `tb_cart_detail` VALUES (4826, 437, 50);
INSERT INTO `tb_cart_detail` VALUES (4827, 437, 54);
INSERT INTO `tb_cart_detail` VALUES (4828, 438, 1);
INSERT INTO `tb_cart_detail` VALUES (4829, 438, 12);
INSERT INTO `tb_cart_detail` VALUES (4830, 438, 64);
INSERT INTO `tb_cart_detail` VALUES (4831, 438, 28);
INSERT INTO `tb_cart_detail` VALUES (4832, 438, 20);
INSERT INTO `tb_cart_detail` VALUES (4833, 438, 31);
INSERT INTO `tb_cart_detail` VALUES (4834, 438, 42);
INSERT INTO `tb_cart_detail` VALUES (4835, 438, 46);
INSERT INTO `tb_cart_detail` VALUES (4836, 438, 50);
INSERT INTO `tb_cart_detail` VALUES (4837, 438, 54);
INSERT INTO `tb_cart_detail` VALUES (4838, 439, 10);
INSERT INTO `tb_cart_detail` VALUES (4839, 439, 28);
INSERT INTO `tb_cart_detail` VALUES (4840, 439, 32);
INSERT INTO `tb_cart_detail` VALUES (4841, 439, 44);
INSERT INTO `tb_cart_detail` VALUES (4842, 439, 48);
INSERT INTO `tb_cart_detail` VALUES (4843, 439, 52);
INSERT INTO `tb_cart_detail` VALUES (4844, 439, 56);
INSERT INTO `tb_cart_detail` VALUES (4845, 439, 35);
INSERT INTO `tb_cart_detail` VALUES (4846, 439, 36);
INSERT INTO `tb_cart_detail` VALUES (4847, 440, 10);
INSERT INTO `tb_cart_detail` VALUES (4848, 440, 28);
INSERT INTO `tb_cart_detail` VALUES (4849, 440, 32);
INSERT INTO `tb_cart_detail` VALUES (4850, 440, 44);
INSERT INTO `tb_cart_detail` VALUES (4851, 440, 48);
INSERT INTO `tb_cart_detail` VALUES (4852, 440, 52);
INSERT INTO `tb_cart_detail` VALUES (4853, 440, 56);
INSERT INTO `tb_cart_detail` VALUES (4854, 440, 35);
INSERT INTO `tb_cart_detail` VALUES (4855, 440, 36);
INSERT INTO `tb_cart_detail` VALUES (4856, 441, 9);
INSERT INTO `tb_cart_detail` VALUES (4857, 441, 28);
INSERT INTO `tb_cart_detail` VALUES (4858, 441, 31);
INSERT INTO `tb_cart_detail` VALUES (4859, 441, 44);
INSERT INTO `tb_cart_detail` VALUES (4860, 441, 48);
INSERT INTO `tb_cart_detail` VALUES (4861, 441, 52);
INSERT INTO `tb_cart_detail` VALUES (4862, 441, 56);
INSERT INTO `tb_cart_detail` VALUES (4863, 441, 35);
INSERT INTO `tb_cart_detail` VALUES (4864, 442, 10);
INSERT INTO `tb_cart_detail` VALUES (4865, 442, 28);
INSERT INTO `tb_cart_detail` VALUES (4866, 442, 32);
INSERT INTO `tb_cart_detail` VALUES (4867, 442, 44);
INSERT INTO `tb_cart_detail` VALUES (4868, 442, 48);
INSERT INTO `tb_cart_detail` VALUES (4869, 442, 52);
INSERT INTO `tb_cart_detail` VALUES (4870, 442, 56);
INSERT INTO `tb_cart_detail` VALUES (4871, 442, 35);
INSERT INTO `tb_cart_detail` VALUES (4872, 442, 36);
INSERT INTO `tb_cart_detail` VALUES (4873, 443, 9);
INSERT INTO `tb_cart_detail` VALUES (4874, 443, 28);
INSERT INTO `tb_cart_detail` VALUES (4875, 443, 31);
INSERT INTO `tb_cart_detail` VALUES (4876, 443, 44);
INSERT INTO `tb_cart_detail` VALUES (4877, 443, 48);
INSERT INTO `tb_cart_detail` VALUES (4878, 443, 52);
INSERT INTO `tb_cart_detail` VALUES (4879, 443, 56);
INSERT INTO `tb_cart_detail` VALUES (4880, 443, 35);
INSERT INTO `tb_cart_detail` VALUES (4881, 444, 9);
INSERT INTO `tb_cart_detail` VALUES (4882, 444, 28);
INSERT INTO `tb_cart_detail` VALUES (4883, 444, 31);
INSERT INTO `tb_cart_detail` VALUES (4884, 444, 43);
INSERT INTO `tb_cart_detail` VALUES (4885, 444, 47);
INSERT INTO `tb_cart_detail` VALUES (4886, 444, 51);
INSERT INTO `tb_cart_detail` VALUES (4887, 444, 55);
INSERT INTO `tb_cart_detail` VALUES (4888, 444, 34);
INSERT INTO `tb_cart_detail` VALUES (4889, 444, 35);
INSERT INTO `tb_cart_detail` VALUES (4890, 445, 2);
INSERT INTO `tb_cart_detail` VALUES (4891, 445, 13);
INSERT INTO `tb_cart_detail` VALUES (4892, 445, 14);
INSERT INTO `tb_cart_detail` VALUES (4893, 445, 23);
INSERT INTO `tb_cart_detail` VALUES (4894, 445, 28);
INSERT INTO `tb_cart_detail` VALUES (4895, 445, 31);
INSERT INTO `tb_cart_detail` VALUES (4896, 445, 43);
INSERT INTO `tb_cart_detail` VALUES (4897, 445, 46);
INSERT INTO `tb_cart_detail` VALUES (4898, 445, 50);
INSERT INTO `tb_cart_detail` VALUES (4899, 445, 54);
INSERT INTO `tb_cart_detail` VALUES (4900, 445, 36);
INSERT INTO `tb_cart_detail` VALUES (4901, 446, 1);
INSERT INTO `tb_cart_detail` VALUES (4902, 446, 13);
INSERT INTO `tb_cart_detail` VALUES (4903, 446, 17);
INSERT INTO `tb_cart_detail` VALUES (4904, 446, 23);
INSERT INTO `tb_cart_detail` VALUES (4905, 446, 26);
INSERT INTO `tb_cart_detail` VALUES (4906, 446, 31);
INSERT INTO `tb_cart_detail` VALUES (4907, 446, 42);
INSERT INTO `tb_cart_detail` VALUES (4908, 446, 46);
INSERT INTO `tb_cart_detail` VALUES (4909, 446, 50);
INSERT INTO `tb_cart_detail` VALUES (4910, 446, 54);
INSERT INTO `tb_cart_detail` VALUES (4911, 447, 1);
INSERT INTO `tb_cart_detail` VALUES (4912, 447, 13);
INSERT INTO `tb_cart_detail` VALUES (4913, 447, 17);
INSERT INTO `tb_cart_detail` VALUES (4914, 447, 23);
INSERT INTO `tb_cart_detail` VALUES (4915, 447, 26);
INSERT INTO `tb_cart_detail` VALUES (4916, 447, 31);
INSERT INTO `tb_cart_detail` VALUES (4917, 447, 42);
INSERT INTO `tb_cart_detail` VALUES (4918, 447, 46);
INSERT INTO `tb_cart_detail` VALUES (4919, 447, 50);
INSERT INTO `tb_cart_detail` VALUES (4920, 447, 54);
INSERT INTO `tb_cart_detail` VALUES (4921, 448, 2);
INSERT INTO `tb_cart_detail` VALUES (4922, 448, 13);
INSERT INTO `tb_cart_detail` VALUES (4923, 448, 14);
INSERT INTO `tb_cart_detail` VALUES (4924, 448, 23);
INSERT INTO `tb_cart_detail` VALUES (4925, 448, 28);
INSERT INTO `tb_cart_detail` VALUES (4926, 448, 31);
INSERT INTO `tb_cart_detail` VALUES (4927, 448, 43);
INSERT INTO `tb_cart_detail` VALUES (4928, 448, 46);
INSERT INTO `tb_cart_detail` VALUES (4929, 448, 50);
INSERT INTO `tb_cart_detail` VALUES (4930, 448, 54);
INSERT INTO `tb_cart_detail` VALUES (4931, 448, 36);
INSERT INTO `tb_cart_detail` VALUES (4932, 449, 10);
INSERT INTO `tb_cart_detail` VALUES (4933, 449, 29);
INSERT INTO `tb_cart_detail` VALUES (4934, 449, 32);
INSERT INTO `tb_cart_detail` VALUES (4935, 449, 43);
INSERT INTO `tb_cart_detail` VALUES (4936, 449, 46);
INSERT INTO `tb_cart_detail` VALUES (4937, 449, 50);
INSERT INTO `tb_cart_detail` VALUES (4938, 449, 54);
INSERT INTO `tb_cart_detail` VALUES (4939, 449, 35);
INSERT INTO `tb_cart_detail` VALUES (4940, 450, 1);
INSERT INTO `tb_cart_detail` VALUES (4941, 450, 12);
INSERT INTO `tb_cart_detail` VALUES (4942, 450, 17);
INSERT INTO `tb_cart_detail` VALUES (4943, 450, 21);
INSERT INTO `tb_cart_detail` VALUES (4944, 450, 25);
INSERT INTO `tb_cart_detail` VALUES (4945, 450, 31);
INSERT INTO `tb_cart_detail` VALUES (4946, 450, 42);
INSERT INTO `tb_cart_detail` VALUES (4947, 450, 46);
INSERT INTO `tb_cart_detail` VALUES (4948, 450, 50);
INSERT INTO `tb_cart_detail` VALUES (4949, 450, 54);
INSERT INTO `tb_cart_detail` VALUES (4950, 451, 1);
INSERT INTO `tb_cart_detail` VALUES (4951, 451, 12);
INSERT INTO `tb_cart_detail` VALUES (4952, 451, 17);
INSERT INTO `tb_cart_detail` VALUES (4953, 451, 21);
INSERT INTO `tb_cart_detail` VALUES (4954, 451, 25);
INSERT INTO `tb_cart_detail` VALUES (4955, 451, 31);
INSERT INTO `tb_cart_detail` VALUES (4956, 451, 42);
INSERT INTO `tb_cart_detail` VALUES (4957, 451, 46);
INSERT INTO `tb_cart_detail` VALUES (4958, 451, 50);
INSERT INTO `tb_cart_detail` VALUES (4959, 451, 54);
INSERT INTO `tb_cart_detail` VALUES (4960, 452, 1);
INSERT INTO `tb_cart_detail` VALUES (4961, 452, 12);
INSERT INTO `tb_cart_detail` VALUES (4962, 452, 17);
INSERT INTO `tb_cart_detail` VALUES (4963, 452, 21);
INSERT INTO `tb_cart_detail` VALUES (4964, 452, 25);
INSERT INTO `tb_cart_detail` VALUES (4965, 452, 31);
INSERT INTO `tb_cart_detail` VALUES (4966, 452, 42);
INSERT INTO `tb_cart_detail` VALUES (4967, 452, 46);
INSERT INTO `tb_cart_detail` VALUES (4968, 452, 50);
INSERT INTO `tb_cart_detail` VALUES (4969, 452, 54);
INSERT INTO `tb_cart_detail` VALUES (4970, 453, 1);
INSERT INTO `tb_cart_detail` VALUES (4971, 453, 12);
INSERT INTO `tb_cart_detail` VALUES (4972, 453, 17);
INSERT INTO `tb_cart_detail` VALUES (4973, 453, 21);
INSERT INTO `tb_cart_detail` VALUES (4974, 453, 25);
INSERT INTO `tb_cart_detail` VALUES (4975, 453, 31);
INSERT INTO `tb_cart_detail` VALUES (4976, 453, 42);
INSERT INTO `tb_cart_detail` VALUES (4977, 453, 46);
INSERT INTO `tb_cart_detail` VALUES (4978, 453, 50);
INSERT INTO `tb_cart_detail` VALUES (4979, 453, 54);
INSERT INTO `tb_cart_detail` VALUES (4980, 454, 1);
INSERT INTO `tb_cart_detail` VALUES (4981, 454, 12);
INSERT INTO `tb_cart_detail` VALUES (4982, 454, 16);
INSERT INTO `tb_cart_detail` VALUES (4983, 454, 21);
INSERT INTO `tb_cart_detail` VALUES (4984, 454, 25);
INSERT INTO `tb_cart_detail` VALUES (4985, 454, 31);
INSERT INTO `tb_cart_detail` VALUES (4986, 454, 42);
INSERT INTO `tb_cart_detail` VALUES (4987, 454, 46);
INSERT INTO `tb_cart_detail` VALUES (4988, 454, 50);
INSERT INTO `tb_cart_detail` VALUES (4989, 454, 54);
INSERT INTO `tb_cart_detail` VALUES (4990, 455, 42);
INSERT INTO `tb_cart_detail` VALUES (4991, 455, 46);
INSERT INTO `tb_cart_detail` VALUES (4992, 455, 50);
INSERT INTO `tb_cart_detail` VALUES (4993, 455, 54);
INSERT INTO `tb_cart_detail` VALUES (4994, 456, 1);
INSERT INTO `tb_cart_detail` VALUES (4995, 456, 12);
INSERT INTO `tb_cart_detail` VALUES (4996, 456, 16);
INSERT INTO `tb_cart_detail` VALUES (4997, 456, 21);
INSERT INTO `tb_cart_detail` VALUES (4998, 456, 25);
INSERT INTO `tb_cart_detail` VALUES (4999, 456, 31);
INSERT INTO `tb_cart_detail` VALUES (5000, 456, 42);
INSERT INTO `tb_cart_detail` VALUES (5001, 456, 46);
INSERT INTO `tb_cart_detail` VALUES (5002, 456, 50);
INSERT INTO `tb_cart_detail` VALUES (5003, 456, 54);
INSERT INTO `tb_cart_detail` VALUES (5004, 457, 42);
INSERT INTO `tb_cart_detail` VALUES (5005, 457, 46);
INSERT INTO `tb_cart_detail` VALUES (5006, 457, 50);
INSERT INTO `tb_cart_detail` VALUES (5007, 457, 54);
INSERT INTO `tb_cart_detail` VALUES (5008, 458, 22);
INSERT INTO `tb_cart_detail` VALUES (5009, 458, 73);
INSERT INTO `tb_cart_detail` VALUES (5010, 458, 71);
INSERT INTO `tb_cart_detail` VALUES (5011, 458, 77);
INSERT INTO `tb_cart_detail` VALUES (5012, 458, 80);
INSERT INTO `tb_cart_detail` VALUES (5013, 458, 84);
INSERT INTO `tb_cart_detail` VALUES (5014, 459, 22);
INSERT INTO `tb_cart_detail` VALUES (5015, 459, 73);
INSERT INTO `tb_cart_detail` VALUES (5016, 459, 71);
INSERT INTO `tb_cart_detail` VALUES (5017, 459, 77);
INSERT INTO `tb_cart_detail` VALUES (5018, 459, 80);
INSERT INTO `tb_cart_detail` VALUES (5019, 459, 84);
INSERT INTO `tb_cart_detail` VALUES (5020, 460, 1);
INSERT INTO `tb_cart_detail` VALUES (5021, 460, 12);
INSERT INTO `tb_cart_detail` VALUES (5022, 460, 17);
INSERT INTO `tb_cart_detail` VALUES (5023, 460, 21);
INSERT INTO `tb_cart_detail` VALUES (5024, 460, 25);
INSERT INTO `tb_cart_detail` VALUES (5025, 460, 31);
INSERT INTO `tb_cart_detail` VALUES (5026, 460, 43);
INSERT INTO `tb_cart_detail` VALUES (5027, 460, 47);
INSERT INTO `tb_cart_detail` VALUES (5028, 460, 51);
INSERT INTO `tb_cart_detail` VALUES (5029, 460, 55);
INSERT INTO `tb_cart_detail` VALUES (5030, 460, 34);
INSERT INTO `tb_cart_detail` VALUES (5031, 461, 2);
INSERT INTO `tb_cart_detail` VALUES (5032, 461, 13);
INSERT INTO `tb_cart_detail` VALUES (5033, 461, 15);
INSERT INTO `tb_cart_detail` VALUES (5034, 461, 23);
INSERT INTO `tb_cart_detail` VALUES (5035, 461, 27);
INSERT INTO `tb_cart_detail` VALUES (5036, 461, 32);
INSERT INTO `tb_cart_detail` VALUES (5037, 461, 44);
INSERT INTO `tb_cart_detail` VALUES (5038, 461, 48);
INSERT INTO `tb_cart_detail` VALUES (5039, 461, 52);
INSERT INTO `tb_cart_detail` VALUES (5040, 461, 56);
INSERT INTO `tb_cart_detail` VALUES (5041, 461, 40);
INSERT INTO `tb_cart_detail` VALUES (5042, 462, 2);
INSERT INTO `tb_cart_detail` VALUES (5043, 462, 13);
INSERT INTO `tb_cart_detail` VALUES (5044, 462, 15);
INSERT INTO `tb_cart_detail` VALUES (5045, 462, 23);
INSERT INTO `tb_cart_detail` VALUES (5046, 462, 27);
INSERT INTO `tb_cart_detail` VALUES (5047, 462, 32);
INSERT INTO `tb_cart_detail` VALUES (5048, 462, 44);
INSERT INTO `tb_cart_detail` VALUES (5049, 462, 48);
INSERT INTO `tb_cart_detail` VALUES (5050, 462, 52);
INSERT INTO `tb_cart_detail` VALUES (5051, 462, 56);
INSERT INTO `tb_cart_detail` VALUES (5052, 462, 40);
INSERT INTO `tb_cart_detail` VALUES (5053, 463, 2);
INSERT INTO `tb_cart_detail` VALUES (5054, 463, 13);
INSERT INTO `tb_cart_detail` VALUES (5055, 463, 15);
INSERT INTO `tb_cart_detail` VALUES (5056, 463, 23);
INSERT INTO `tb_cart_detail` VALUES (5057, 463, 27);
INSERT INTO `tb_cart_detail` VALUES (5058, 463, 32);
INSERT INTO `tb_cart_detail` VALUES (5059, 463, 44);
INSERT INTO `tb_cart_detail` VALUES (5060, 463, 48);
INSERT INTO `tb_cart_detail` VALUES (5061, 463, 52);
INSERT INTO `tb_cart_detail` VALUES (5062, 463, 56);
INSERT INTO `tb_cart_detail` VALUES (5063, 463, 40);
INSERT INTO `tb_cart_detail` VALUES (5064, 464, 3);
INSERT INTO `tb_cart_detail` VALUES (5065, 464, 13);
INSERT INTO `tb_cart_detail` VALUES (5066, 464, 14);
INSERT INTO `tb_cart_detail` VALUES (5067, 464, 24);
INSERT INTO `tb_cart_detail` VALUES (5068, 464, 27);
INSERT INTO `tb_cart_detail` VALUES (5069, 464, 32);
INSERT INTO `tb_cart_detail` VALUES (5070, 464, 44);
INSERT INTO `tb_cart_detail` VALUES (5071, 464, 48);
INSERT INTO `tb_cart_detail` VALUES (5072, 464, 52);
INSERT INTO `tb_cart_detail` VALUES (5073, 464, 56);
INSERT INTO `tb_cart_detail` VALUES (5074, 464, 36);
INSERT INTO `tb_cart_detail` VALUES (5075, 464, 41);
INSERT INTO `tb_cart_detail` VALUES (5076, 465, 3);
INSERT INTO `tb_cart_detail` VALUES (5077, 465, 13);
INSERT INTO `tb_cart_detail` VALUES (5078, 465, 14);
INSERT INTO `tb_cart_detail` VALUES (5079, 465, 24);
INSERT INTO `tb_cart_detail` VALUES (5080, 465, 27);
INSERT INTO `tb_cart_detail` VALUES (5081, 465, 32);
INSERT INTO `tb_cart_detail` VALUES (5082, 465, 44);
INSERT INTO `tb_cart_detail` VALUES (5083, 465, 48);
INSERT INTO `tb_cart_detail` VALUES (5084, 465, 52);
INSERT INTO `tb_cart_detail` VALUES (5085, 465, 56);
INSERT INTO `tb_cart_detail` VALUES (5086, 465, 36);
INSERT INTO `tb_cart_detail` VALUES (5087, 465, 41);
INSERT INTO `tb_cart_detail` VALUES (5088, 466, 3);
INSERT INTO `tb_cart_detail` VALUES (5089, 466, 13);
INSERT INTO `tb_cart_detail` VALUES (5090, 466, 14);
INSERT INTO `tb_cart_detail` VALUES (5091, 466, 24);
INSERT INTO `tb_cart_detail` VALUES (5092, 466, 27);
INSERT INTO `tb_cart_detail` VALUES (5093, 466, 32);
INSERT INTO `tb_cart_detail` VALUES (5094, 466, 44);
INSERT INTO `tb_cart_detail` VALUES (5095, 466, 48);
INSERT INTO `tb_cart_detail` VALUES (5096, 466, 52);
INSERT INTO `tb_cart_detail` VALUES (5097, 466, 56);
INSERT INTO `tb_cart_detail` VALUES (5098, 466, 36);
INSERT INTO `tb_cart_detail` VALUES (5099, 466, 41);
INSERT INTO `tb_cart_detail` VALUES (5100, 467, 2);
INSERT INTO `tb_cart_detail` VALUES (5101, 467, 13);
INSERT INTO `tb_cart_detail` VALUES (5102, 467, 15);
INSERT INTO `tb_cart_detail` VALUES (5103, 467, 23);
INSERT INTO `tb_cart_detail` VALUES (5104, 467, 27);
INSERT INTO `tb_cart_detail` VALUES (5105, 467, 32);
INSERT INTO `tb_cart_detail` VALUES (5106, 467, 44);
INSERT INTO `tb_cart_detail` VALUES (5107, 467, 48);
INSERT INTO `tb_cart_detail` VALUES (5108, 467, 52);
INSERT INTO `tb_cart_detail` VALUES (5109, 467, 56);
INSERT INTO `tb_cart_detail` VALUES (5110, 467, 40);
INSERT INTO `tb_cart_detail` VALUES (5111, 468, 3);
INSERT INTO `tb_cart_detail` VALUES (5112, 468, 13);
INSERT INTO `tb_cart_detail` VALUES (5113, 468, 14);
INSERT INTO `tb_cart_detail` VALUES (5114, 468, 24);
INSERT INTO `tb_cart_detail` VALUES (5115, 468, 27);
INSERT INTO `tb_cart_detail` VALUES (5116, 468, 32);
INSERT INTO `tb_cart_detail` VALUES (5117, 468, 44);
INSERT INTO `tb_cart_detail` VALUES (5118, 468, 48);
INSERT INTO `tb_cart_detail` VALUES (5119, 468, 52);
INSERT INTO `tb_cart_detail` VALUES (5120, 468, 56);
INSERT INTO `tb_cart_detail` VALUES (5121, 468, 36);
INSERT INTO `tb_cart_detail` VALUES (5122, 468, 41);
INSERT INTO `tb_cart_detail` VALUES (5123, 469, 3);
INSERT INTO `tb_cart_detail` VALUES (5124, 469, 13);
INSERT INTO `tb_cart_detail` VALUES (5125, 469, 14);
INSERT INTO `tb_cart_detail` VALUES (5126, 469, 24);
INSERT INTO `tb_cart_detail` VALUES (5127, 469, 27);
INSERT INTO `tb_cart_detail` VALUES (5128, 469, 32);
INSERT INTO `tb_cart_detail` VALUES (5129, 469, 44);
INSERT INTO `tb_cart_detail` VALUES (5130, 469, 48);
INSERT INTO `tb_cart_detail` VALUES (5131, 469, 52);
INSERT INTO `tb_cart_detail` VALUES (5132, 469, 56);
INSERT INTO `tb_cart_detail` VALUES (5133, 469, 36);
INSERT INTO `tb_cart_detail` VALUES (5134, 469, 41);
INSERT INTO `tb_cart_detail` VALUES (5135, 470, 3);
INSERT INTO `tb_cart_detail` VALUES (5136, 470, 13);
INSERT INTO `tb_cart_detail` VALUES (5137, 470, 14);
INSERT INTO `tb_cart_detail` VALUES (5138, 470, 24);
INSERT INTO `tb_cart_detail` VALUES (5139, 470, 27);
INSERT INTO `tb_cart_detail` VALUES (5140, 470, 32);
INSERT INTO `tb_cart_detail` VALUES (5141, 470, 44);
INSERT INTO `tb_cart_detail` VALUES (5142, 470, 48);
INSERT INTO `tb_cart_detail` VALUES (5143, 470, 52);
INSERT INTO `tb_cart_detail` VALUES (5144, 470, 56);
INSERT INTO `tb_cart_detail` VALUES (5145, 470, 36);
INSERT INTO `tb_cart_detail` VALUES (5146, 470, 41);
INSERT INTO `tb_cart_detail` VALUES (5147, 471, 2);
INSERT INTO `tb_cart_detail` VALUES (5148, 471, 13);
INSERT INTO `tb_cart_detail` VALUES (5149, 471, 15);
INSERT INTO `tb_cart_detail` VALUES (5150, 471, 24);
INSERT INTO `tb_cart_detail` VALUES (5151, 471, 27);
INSERT INTO `tb_cart_detail` VALUES (5152, 471, 32);
INSERT INTO `tb_cart_detail` VALUES (5153, 471, 45);
INSERT INTO `tb_cart_detail` VALUES (5154, 471, 49);
INSERT INTO `tb_cart_detail` VALUES (5155, 471, 53);
INSERT INTO `tb_cart_detail` VALUES (5156, 471, 57);
INSERT INTO `tb_cart_detail` VALUES (5157, 471, 36);
INSERT INTO `tb_cart_detail` VALUES (5158, 471, 41);
INSERT INTO `tb_cart_detail` VALUES (5159, 472, 3);
INSERT INTO `tb_cart_detail` VALUES (5160, 472, 13);
INSERT INTO `tb_cart_detail` VALUES (5161, 472, 14);
INSERT INTO `tb_cart_detail` VALUES (5162, 472, 24);
INSERT INTO `tb_cart_detail` VALUES (5163, 472, 27);
INSERT INTO `tb_cart_detail` VALUES (5164, 472, 32);
INSERT INTO `tb_cart_detail` VALUES (5165, 472, 44);
INSERT INTO `tb_cart_detail` VALUES (5166, 472, 48);
INSERT INTO `tb_cart_detail` VALUES (5167, 472, 52);
INSERT INTO `tb_cart_detail` VALUES (5168, 472, 56);
INSERT INTO `tb_cart_detail` VALUES (5169, 472, 41);
INSERT INTO `tb_cart_detail` VALUES (5170, 473, 1);
INSERT INTO `tb_cart_detail` VALUES (5171, 473, 12);
INSERT INTO `tb_cart_detail` VALUES (5172, 473, 15);
INSERT INTO `tb_cart_detail` VALUES (5173, 473, 24);
INSERT INTO `tb_cart_detail` VALUES (5174, 473, 28);
INSERT INTO `tb_cart_detail` VALUES (5175, 473, 31);
INSERT INTO `tb_cart_detail` VALUES (5176, 473, 42);
INSERT INTO `tb_cart_detail` VALUES (5177, 473, 46);
INSERT INTO `tb_cart_detail` VALUES (5178, 473, 50);
INSERT INTO `tb_cart_detail` VALUES (5179, 473, 54);
INSERT INTO `tb_cart_detail` VALUES (5180, 474, 1);
INSERT INTO `tb_cart_detail` VALUES (5181, 474, 12);
INSERT INTO `tb_cart_detail` VALUES (5182, 474, 15);
INSERT INTO `tb_cart_detail` VALUES (5183, 474, 24);
INSERT INTO `tb_cart_detail` VALUES (5184, 474, 28);
INSERT INTO `tb_cart_detail` VALUES (5185, 474, 31);
INSERT INTO `tb_cart_detail` VALUES (5186, 474, 42);
INSERT INTO `tb_cart_detail` VALUES (5187, 474, 46);
INSERT INTO `tb_cart_detail` VALUES (5188, 474, 50);
INSERT INTO `tb_cart_detail` VALUES (5189, 474, 54);
INSERT INTO `tb_cart_detail` VALUES (5190, 475, 1);
INSERT INTO `tb_cart_detail` VALUES (5191, 475, 12);
INSERT INTO `tb_cart_detail` VALUES (5192, 475, 17);
INSERT INTO `tb_cart_detail` VALUES (5193, 475, 21);
INSERT INTO `tb_cart_detail` VALUES (5194, 475, 25);
INSERT INTO `tb_cart_detail` VALUES (5195, 475, 31);
INSERT INTO `tb_cart_detail` VALUES (5196, 475, 42);
INSERT INTO `tb_cart_detail` VALUES (5197, 475, 46);
INSERT INTO `tb_cart_detail` VALUES (5198, 475, 51);
INSERT INTO `tb_cart_detail` VALUES (5199, 475, 55);
INSERT INTO `tb_cart_detail` VALUES (5200, 475, 34);
INSERT INTO `tb_cart_detail` VALUES (5201, 475, 35);
INSERT INTO `tb_cart_detail` VALUES (5202, 476, 43);
INSERT INTO `tb_cart_detail` VALUES (5203, 476, 47);
INSERT INTO `tb_cart_detail` VALUES (5204, 476, 51);
INSERT INTO `tb_cart_detail` VALUES (5205, 476, 56);
INSERT INTO `tb_cart_detail` VALUES (5206, 476, 33);
INSERT INTO `tb_cart_detail` VALUES (5207, 476, 34);
INSERT INTO `tb_cart_detail` VALUES (5208, 476, 35);
INSERT INTO `tb_cart_detail` VALUES (5209, 476, 36);
INSERT INTO `tb_cart_detail` VALUES (5210, 476, 37);
INSERT INTO `tb_cart_detail` VALUES (5211, 476, 38);
INSERT INTO `tb_cart_detail` VALUES (5212, 476, 39);
INSERT INTO `tb_cart_detail` VALUES (5213, 476, 40);
INSERT INTO `tb_cart_detail` VALUES (5214, 476, 41);
INSERT INTO `tb_cart_detail` VALUES (5215, 477, 43);
INSERT INTO `tb_cart_detail` VALUES (5216, 477, 47);
INSERT INTO `tb_cart_detail` VALUES (5217, 477, 51);
INSERT INTO `tb_cart_detail` VALUES (5218, 477, 56);
INSERT INTO `tb_cart_detail` VALUES (5219, 477, 33);
INSERT INTO `tb_cart_detail` VALUES (5220, 477, 34);
INSERT INTO `tb_cart_detail` VALUES (5221, 477, 35);
INSERT INTO `tb_cart_detail` VALUES (5222, 477, 36);
INSERT INTO `tb_cart_detail` VALUES (5223, 477, 37);
INSERT INTO `tb_cart_detail` VALUES (5224, 477, 38);
INSERT INTO `tb_cart_detail` VALUES (5225, 477, 39);
INSERT INTO `tb_cart_detail` VALUES (5226, 477, 40);
INSERT INTO `tb_cart_detail` VALUES (5227, 477, 41);
INSERT INTO `tb_cart_detail` VALUES (5228, 478, 9);
INSERT INTO `tb_cart_detail` VALUES (5229, 478, 28);
INSERT INTO `tb_cart_detail` VALUES (5230, 478, 31);
INSERT INTO `tb_cart_detail` VALUES (5231, 478, 43);
INSERT INTO `tb_cart_detail` VALUES (5232, 478, 46);
INSERT INTO `tb_cart_detail` VALUES (5233, 478, 52);
INSERT INTO `tb_cart_detail` VALUES (5234, 478, 54);
INSERT INTO `tb_cart_detail` VALUES (5235, 478, 35);
INSERT INTO `tb_cart_detail` VALUES (5236, 478, 36);
INSERT INTO `tb_cart_detail` VALUES (5237, 479, 2);
INSERT INTO `tb_cart_detail` VALUES (5238, 479, 13);
INSERT INTO `tb_cart_detail` VALUES (5239, 479, 18);
INSERT INTO `tb_cart_detail` VALUES (5240, 479, 23);
INSERT INTO `tb_cart_detail` VALUES (5241, 479, 26);
INSERT INTO `tb_cart_detail` VALUES (5242, 479, 32);
INSERT INTO `tb_cart_detail` VALUES (5243, 479, 43);
INSERT INTO `tb_cart_detail` VALUES (5244, 479, 47);
INSERT INTO `tb_cart_detail` VALUES (5245, 479, 51);
INSERT INTO `tb_cart_detail` VALUES (5246, 479, 55);
INSERT INTO `tb_cart_detail` VALUES (5247, 479, 36);
INSERT INTO `tb_cart_detail` VALUES (5248, 480, 1);
INSERT INTO `tb_cart_detail` VALUES (5249, 480, 13);
INSERT INTO `tb_cart_detail` VALUES (5250, 480, 17);
INSERT INTO `tb_cart_detail` VALUES (5251, 480, 23);
INSERT INTO `tb_cart_detail` VALUES (5252, 480, 27);
INSERT INTO `tb_cart_detail` VALUES (5253, 480, 32);
INSERT INTO `tb_cart_detail` VALUES (5254, 480, 42);
INSERT INTO `tb_cart_detail` VALUES (5255, 480, 47);
INSERT INTO `tb_cart_detail` VALUES (5256, 480, 51);
INSERT INTO `tb_cart_detail` VALUES (5257, 480, 55);
INSERT INTO `tb_cart_detail` VALUES (5258, 480, 34);
INSERT INTO `tb_cart_detail` VALUES (5259, 480, 41);

-- ----------------------------
-- Table structure for tb_category
-- ----------------------------
DROP TABLE IF EXISTS `tb_category`;
CREATE TABLE `tb_category`  (
  `category_id` int NOT NULL AUTO_INCREMENT,
  `category_name` varchar(20) CHARACTER SET utf8mb3 COLLATE utf8mb3_general_ci NULL DEFAULT NULL,
  `category_icon` varchar(255) CHARACTER SET utf8mb3 COLLATE utf8mb3_general_ci NULL DEFAULT NULL COMMENT '类别图标',
  `category_status` varchar(255) CHARACTER SET utf8mb3 COLLATE utf8mb3_general_ci NOT NULL COMMENT '类别状态（1启用，0停用）',
  PRIMARY KEY (`category_id`) USING BTREE
) ENGINE = InnoDB AUTO_INCREMENT = 18 CHARACTER SET = utf8mb3 COLLATE = utf8mb3_general_ci ROW_FORMAT = COMPACT;

-- ----------------------------
-- Records of tb_category
-- ----------------------------
INSERT INTO `tb_category` VALUES (1, '手机', NULL, '1');
INSERT INTO `tb_category` VALUES (2, '苹果系列', NULL, '1');
INSERT INTO `tb_category` VALUES (4, '笔记本', NULL, '1');
INSERT INTO `tb_category` VALUES (5, '数码相机', NULL, '1');
INSERT INTO `tb_category` VALUES (6, '游戏机', '', '1');
INSERT INTO `tb_category` VALUES (7, '镜头', '', '1');
INSERT INTO `tb_category` VALUES (8, '无人机', '', '1');
INSERT INTO `tb_category` VALUES (11, '自行车', '', '0');
INSERT INTO `tb_category` VALUES (16, '自慰棒', 'categoryImages/99c796fc0edb4d77bc260ecd63d97bd1.jpg', '1');

-- ----------------------------
-- Table structure for tb_category_brand
-- ----------------------------
DROP TABLE IF EXISTS `tb_category_brand`;
CREATE TABLE `tb_category_brand`  (
  `category_brand_id` int NOT NULL AUTO_INCREMENT,
  `fk_category_id` int NULL DEFAULT NULL,
  `fk_brand_id` int NULL DEFAULT NULL,
  PRIMARY KEY (`category_brand_id`) USING BTREE,
  INDEX `fk_category_id`(`fk_category_id` ASC) USING BTREE,
  INDEX `fk_brand_id`(`fk_brand_id` ASC) USING BTREE,
  CONSTRAINT `tb_category_brand_ibfk_1` FOREIGN KEY (`fk_category_id`) REFERENCES `tb_category` (`category_id`) ON DELETE RESTRICT ON UPDATE RESTRICT,
  CONSTRAINT `tb_category_brand_ibfk_2` FOREIGN KEY (`fk_brand_id`) REFERENCES `tb_brand` (`brand_id`) ON DELETE RESTRICT ON UPDATE RESTRICT
) ENGINE = InnoDB AUTO_INCREMENT = 25 CHARACTER SET = utf8mb3 COLLATE = utf8mb3_general_ci ROW_FORMAT = COMPACT;

-- ----------------------------
-- Records of tb_category_brand
-- ----------------------------
INSERT INTO `tb_category_brand` VALUES (1, 1, 1);
INSERT INTO `tb_category_brand` VALUES (2, 1, 2);
INSERT INTO `tb_category_brand` VALUES (3, 1, 3);
INSERT INTO `tb_category_brand` VALUES (4, 1, 4);
INSERT INTO `tb_category_brand` VALUES (5, 1, 5);
INSERT INTO `tb_category_brand` VALUES (6, 1, 6);
INSERT INTO `tb_category_brand` VALUES (7, 1, 7);
INSERT INTO `tb_category_brand` VALUES (8, 1, 8);
INSERT INTO `tb_category_brand` VALUES (9, 1, 9);
INSERT INTO `tb_category_brand` VALUES (10, 2, 10);
INSERT INTO `tb_category_brand` VALUES (11, 4, 11);
INSERT INTO `tb_category_brand` VALUES (12, 4, 12);
INSERT INTO `tb_category_brand` VALUES (15, 4, 15);
INSERT INTO `tb_category_brand` VALUES (16, 1, 16);
INSERT INTO `tb_category_brand` VALUES (21, 16, 22);
INSERT INTO `tb_category_brand` VALUES (22, 11, 23);

-- ----------------------------
-- Table structure for tb_comments
-- ----------------------------
DROP TABLE IF EXISTS `tb_comments`;
CREATE TABLE `tb_comments`  (
  `comment_id` varchar(64) CHARACTER SET utf8mb3 COLLATE utf8mb3_general_ci NOT NULL COMMENT 'ID',
  `good_id` varchar(64) CHARACTER SET utf8mb3 COLLATE utf8mb3_general_ci NOT NULL COMMENT '商品id',
  `good_name` varchar(64) CHARACTER SET utf8mb3 COLLATE utf8mb3_general_ci NULL DEFAULT NULL COMMENT '商品名称',
  `order_item_id` varchar(64) CHARACTER SET utf8mb3 COLLATE utf8mb3_general_ci NULL DEFAULT NULL COMMENT '订单项(商品快照)ID 可为空',
  `user_id` varchar(64) CHARACTER SET utf8mb3 COLLATE utf8mb3_general_ci NULL DEFAULT NULL COMMENT '评论用户id 用户名须脱敏',
  `is_anonymous` int NULL DEFAULT NULL COMMENT '是否匿名（1:是，0:否）',
  `comment_type` int NULL DEFAULT NULL COMMENT '评价类型（1好评，0中评，-1差评）',
  `comment_level` int NOT NULL COMMENT '评价等级 1：好评 2：中评 3：差评',
  `comment_content` varchar(128) CHARACTER SET utf8mb3 COLLATE utf8mb3_general_ci NOT NULL COMMENT '评价内容',
  `comment_imgs` varchar(32) CHARACTER SET utf8mb3 COLLATE utf8mb3_general_ci NULL DEFAULT NULL COMMENT '评价晒图(JSON {img1:url1,img2:url2}  )',
  `sepc_name` datetime NULL DEFAULT NULL COMMENT '评价时间 可为空',
  `reply_status` int NULL DEFAULT NULL COMMENT '是否回复（0:未回复，1:已回复）',
  `reply_content` varchar(32) CHARACTER SET utf8mb3 COLLATE utf8mb3_general_ci NULL DEFAULT NULL COMMENT '回复内容',
  `reply_time` datetime NULL DEFAULT NULL COMMENT '回复时间',
  `is_show` int NULL DEFAULT NULL COMMENT '是否显示（1:是，0:否）',
  PRIMARY KEY (`comment_id`) USING BTREE
) ENGINE = InnoDB CHARACTER SET = utf8mb3 COLLATE = utf8mb3_general_ci COMMENT = '商品评价 ' ROW_FORMAT = COMPACT;

-- ----------------------------
-- Records of tb_comments
-- ----------------------------

-- ----------------------------
-- Table structure for tb_good
-- ----------------------------
DROP TABLE IF EXISTS `tb_good`;
CREATE TABLE `tb_good`  (
  `good_id` int NOT NULL AUTO_INCREMENT COMMENT '商品ID',
  `good_name` varchar(50) CHARACTER SET utf8mb3 COLLATE utf8mb3_general_ci NOT NULL COMMENT '商品名称',
  `good_img` varchar(50) CHARACTER SET utf8mb3 COLLATE utf8mb3_general_ci NULL DEFAULT NULL COMMENT '商品图片',
  `good_cost` int NULL DEFAULT NULL COMMENT '参考回收价',
  `good_min_price` int NULL DEFAULT NULL COMMENT '最低回收价',
  `good_first_price` int NULL DEFAULT NULL,
  `good_second_price` int NULL DEFAULT NULL,
  `good_third_price` int NULL DEFAULT NULL,
  `good_forth_price` int NULL DEFAULT NULL,
  `good_fifth_price` int NULL DEFAULT NULL,
  PRIMARY KEY (`good_id`) USING BTREE
) ENGINE = InnoDB AUTO_INCREMENT = 10 CHARACTER SET = utf8mb3 COLLATE = utf8mb3_general_ci ROW_FORMAT = COMPACT;

-- ----------------------------
-- Records of tb_good
-- ----------------------------
INSERT INTO `tb_good` VALUES (1, 'iphone 7', 'iphone7.jpg', 2500, 50, 2745, 2739, 2195, 2311, 2312);
INSERT INTO `tb_good` VALUES (2, 'iphone 7 plus', 'iphone7_plus.jpg', 3000, 60, 3438, 3490, 3043, 2790, 2813);
INSERT INTO `tb_good` VALUES (3, 'iphone 6', 'iphone6.jpg', 1000, 40, 1047, 1050, 983, 824, 857);
INSERT INTO `tb_good` VALUES (4, 'iphone 6 plus', 'iphone6_plus.jpg', 1500, 45, 1382, 1313, 1215, 1178, 1225);
INSERT INTO `tb_good` VALUES (5, '小米手机5', 'xiaomi5.jpg', 600, 20, 620, 648, 523, 592, 512);
INSERT INTO `tb_good` VALUES (6, '小米手机4S', 'xiaomi4s.jpg', 300, 25, 130, 110, 100, 120, 170);
INSERT INTO `tb_good` VALUES (7, 'Touch6', 'touch6.jpg', 500, 30, 480, 545, 450, 450, 365);
INSERT INTO `tb_good` VALUES (8, 'iphone12', 'upload/92a4f1b88767453e8d6c663bb677282d.jpg', 2600, 1000, NULL, NULL, NULL, NULL, NULL);
INSERT INTO `tb_good` VALUES (9, 'ipone12', 'upload/fb80f0a405774ebe9c468224a2794da8.jpg', 2000, 200, NULL, NULL, NULL, NULL, NULL);

-- ----------------------------
-- Table structure for tb_good_detail
-- ----------------------------
DROP TABLE IF EXISTS `tb_good_detail`;
CREATE TABLE `tb_good_detail`  (
  `gd_id` int NOT NULL AUTO_INCREMENT,
  `fk_good_id` int NULL DEFAULT NULL COMMENT '商品ID',
  `fk_info_detail_id` int NULL DEFAULT NULL COMMENT '评估项',
  `good_discount` int NULL DEFAULT NULL COMMENT '对应评估项加权(正数表示选中扣减价格)',
  PRIMARY KEY (`gd_id`) USING BTREE,
  INDEX `fk_info_detail_id`(`fk_info_detail_id` ASC) USING BTREE,
  CONSTRAINT `tb_good_detail_ibfk_1` FOREIGN KEY (`fk_info_detail_id`) REFERENCES `tb_info_detail` (`info_detail_id`) ON DELETE RESTRICT ON UPDATE RESTRICT
) ENGINE = InnoDB AUTO_INCREMENT = 353 CHARACTER SET = utf8mb3 COLLATE = utf8mb3_general_ci ROW_FORMAT = COMPACT;

-- ----------------------------
-- Records of tb_good_detail
-- ----------------------------
INSERT INTO `tb_good_detail` VALUES (1, 1, 1, 25);
INSERT INTO `tb_good_detail` VALUES (2, 1, 2, 50);
INSERT INTO `tb_good_detail` VALUES (3, 1, 3, 100);
INSERT INTO `tb_good_detail` VALUES (4, 1, 4, 100);
INSERT INTO `tb_good_detail` VALUES (5, 1, 12, 50);
INSERT INTO `tb_good_detail` VALUES (6, 1, 13, 150);
INSERT INTO `tb_good_detail` VALUES (7, 1, 17, 200);
INSERT INTO `tb_good_detail` VALUES (8, 1, 18, 100);
INSERT INTO `tb_good_detail` VALUES (9, 1, 14, 250);
INSERT INTO `tb_good_detail` VALUES (10, 1, 21, 200);
INSERT INTO `tb_good_detail` VALUES (11, 1, 23, 100);
INSERT INTO `tb_good_detail` VALUES (12, 1, 24, 50);
INSERT INTO `tb_good_detail` VALUES (13, 1, 25, 50);
INSERT INTO `tb_good_detail` VALUES (14, 1, 26, 100);
INSERT INTO `tb_good_detail` VALUES (15, 1, 27, 100);
INSERT INTO `tb_good_detail` VALUES (16, 1, 28, 100);
INSERT INTO `tb_good_detail` VALUES (17, 1, 29, 100);
INSERT INTO `tb_good_detail` VALUES (18, 1, 30, 100);
INSERT INTO `tb_good_detail` VALUES (19, 1, 31, 20);
INSERT INTO `tb_good_detail` VALUES (20, 1, 32, 200);
INSERT INTO `tb_good_detail` VALUES (21, 1, 33, 20);
INSERT INTO `tb_good_detail` VALUES (22, 1, 34, 100);
INSERT INTO `tb_good_detail` VALUES (23, 1, 35, 100);
INSERT INTO `tb_good_detail` VALUES (24, 1, 36, 100);
INSERT INTO `tb_good_detail` VALUES (25, 1, 37, 100);
INSERT INTO `tb_good_detail` VALUES (26, 1, 38, 100);
INSERT INTO `tb_good_detail` VALUES (27, 1, 39, 150);
INSERT INTO `tb_good_detail` VALUES (28, 1, 40, 50);
INSERT INTO `tb_good_detail` VALUES (29, 1, 41, 100);
INSERT INTO `tb_good_detail` VALUES (30, 1, 42, 20);
INSERT INTO `tb_good_detail` VALUES (31, 1, 43, 50);
INSERT INTO `tb_good_detail` VALUES (32, 1, 44, 100);
INSERT INTO `tb_good_detail` VALUES (33, 1, 45, 200);
INSERT INTO `tb_good_detail` VALUES (34, 1, 46, 0);
INSERT INTO `tb_good_detail` VALUES (35, 1, 47, 20);
INSERT INTO `tb_good_detail` VALUES (36, 1, 48, 50);
INSERT INTO `tb_good_detail` VALUES (37, 1, 49, 150);
INSERT INTO `tb_good_detail` VALUES (38, 1, 50, 0);
INSERT INTO `tb_good_detail` VALUES (39, 1, 51, 20);
INSERT INTO `tb_good_detail` VALUES (40, 1, 52, 50);
INSERT INTO `tb_good_detail` VALUES (41, 1, 53, 150);
INSERT INTO `tb_good_detail` VALUES (42, 1, 54, 0);
INSERT INTO `tb_good_detail` VALUES (43, 1, 55, 50);
INSERT INTO `tb_good_detail` VALUES (44, 1, 56, 100);
INSERT INTO `tb_good_detail` VALUES (45, 1, 57, 150);
INSERT INTO `tb_good_detail` VALUES (46, 1, 58, -10);
INSERT INTO `tb_good_detail` VALUES (47, 1, 59, -10);
INSERT INTO `tb_good_detail` VALUES (48, 1, 60, -30);
INSERT INTO `tb_good_detail` VALUES (49, 1, 61, -5);
INSERT INTO `tb_good_detail` VALUES (50, 1, 62, -5);
INSERT INTO `tb_good_detail` VALUES (51, 2, 1, 25);
INSERT INTO `tb_good_detail` VALUES (52, 2, 2, 50);
INSERT INTO `tb_good_detail` VALUES (53, 2, 3, 100);
INSERT INTO `tb_good_detail` VALUES (54, 2, 4, 100);
INSERT INTO `tb_good_detail` VALUES (55, 2, 12, 50);
INSERT INTO `tb_good_detail` VALUES (56, 2, 13, 150);
INSERT INTO `tb_good_detail` VALUES (57, 2, 16, 100);
INSERT INTO `tb_good_detail` VALUES (58, 2, 15, 200);
INSERT INTO `tb_good_detail` VALUES (59, 2, 14, 300);
INSERT INTO `tb_good_detail` VALUES (60, 2, 21, 200);
INSERT INTO `tb_good_detail` VALUES (61, 2, 23, 100);
INSERT INTO `tb_good_detail` VALUES (62, 2, 24, 50);
INSERT INTO `tb_good_detail` VALUES (63, 2, 25, 50);
INSERT INTO `tb_good_detail` VALUES (64, 2, 26, 100);
INSERT INTO `tb_good_detail` VALUES (65, 2, 27, 100);
INSERT INTO `tb_good_detail` VALUES (66, 2, 28, 100);
INSERT INTO `tb_good_detail` VALUES (67, 2, 29, 100);
INSERT INTO `tb_good_detail` VALUES (68, 2, 30, 100);
INSERT INTO `tb_good_detail` VALUES (69, 2, 31, 20);
INSERT INTO `tb_good_detail` VALUES (70, 2, 32, 200);
INSERT INTO `tb_good_detail` VALUES (71, 2, 33, 20);
INSERT INTO `tb_good_detail` VALUES (72, 2, 34, 100);
INSERT INTO `tb_good_detail` VALUES (73, 2, 35, 100);
INSERT INTO `tb_good_detail` VALUES (74, 2, 36, 100);
INSERT INTO `tb_good_detail` VALUES (75, 2, 37, 100);
INSERT INTO `tb_good_detail` VALUES (76, 2, 38, 100);
INSERT INTO `tb_good_detail` VALUES (77, 2, 63, 100);
INSERT INTO `tb_good_detail` VALUES (78, 2, 39, 190);
INSERT INTO `tb_good_detail` VALUES (79, 2, 40, 50);
INSERT INTO `tb_good_detail` VALUES (80, 2, 41, 100);
INSERT INTO `tb_good_detail` VALUES (81, 2, 42, 20);
INSERT INTO `tb_good_detail` VALUES (82, 2, 43, 50);
INSERT INTO `tb_good_detail` VALUES (83, 2, 44, 100);
INSERT INTO `tb_good_detail` VALUES (84, 2, 45, 200);
INSERT INTO `tb_good_detail` VALUES (85, 2, 46, 0);
INSERT INTO `tb_good_detail` VALUES (86, 2, 47, 20);
INSERT INTO `tb_good_detail` VALUES (87, 2, 48, 50);
INSERT INTO `tb_good_detail` VALUES (88, 2, 49, 150);
INSERT INTO `tb_good_detail` VALUES (89, 2, 50, 0);
INSERT INTO `tb_good_detail` VALUES (90, 2, 51, 20);
INSERT INTO `tb_good_detail` VALUES (91, 2, 52, 50);
INSERT INTO `tb_good_detail` VALUES (92, 2, 53, 150);
INSERT INTO `tb_good_detail` VALUES (93, 2, 54, 0);
INSERT INTO `tb_good_detail` VALUES (94, 2, 55, 50);
INSERT INTO `tb_good_detail` VALUES (95, 2, 56, 100);
INSERT INTO `tb_good_detail` VALUES (96, 2, 57, 150);
INSERT INTO `tb_good_detail` VALUES (97, 2, 58, -10);
INSERT INTO `tb_good_detail` VALUES (98, 2, 59, -10);
INSERT INTO `tb_good_detail` VALUES (99, 2, 60, -60);
INSERT INTO `tb_good_detail` VALUES (100, 2, 61, -5);
INSERT INTO `tb_good_detail` VALUES (101, 2, 62, -5);
INSERT INTO `tb_good_detail` VALUES (102, 3, 1, 20);
INSERT INTO `tb_good_detail` VALUES (103, 3, 2, 40);
INSERT INTO `tb_good_detail` VALUES (104, 3, 3, 80);
INSERT INTO `tb_good_detail` VALUES (105, 3, 4, 80);
INSERT INTO `tb_good_detail` VALUES (106, 3, 12, 50);
INSERT INTO `tb_good_detail` VALUES (107, 3, 13, 150);
INSERT INTO `tb_good_detail` VALUES (108, 3, 64, 50);
INSERT INTO `tb_good_detail` VALUES (109, 3, 65, 100);
INSERT INTO `tb_good_detail` VALUES (110, 3, 66, 150);
INSERT INTO `tb_good_detail` VALUES (111, 3, 14, 150);
INSERT INTO `tb_good_detail` VALUES (112, 3, 28, 100);
INSERT INTO `tb_good_detail` VALUES (113, 3, 29, 100);
INSERT INTO `tb_good_detail` VALUES (114, 3, 27, 50);
INSERT INTO `tb_good_detail` VALUES (115, 3, 20, 200);
INSERT INTO `tb_good_detail` VALUES (116, 3, 21, 150);
INSERT INTO `tb_good_detail` VALUES (117, 3, 22, 100);
INSERT INTO `tb_good_detail` VALUES (118, 3, 23, 80);
INSERT INTO `tb_good_detail` VALUES (119, 3, 31, 20);
INSERT INTO `tb_good_detail` VALUES (120, 3, 32, 200);
INSERT INTO `tb_good_detail` VALUES (121, 3, 34, 100);
INSERT INTO `tb_good_detail` VALUES (122, 3, 35, 100);
INSERT INTO `tb_good_detail` VALUES (123, 3, 36, 100);
INSERT INTO `tb_good_detail` VALUES (124, 3, 37, 100);
INSERT INTO `tb_good_detail` VALUES (125, 3, 38, 100);
INSERT INTO `tb_good_detail` VALUES (126, 3, 39, 150);
INSERT INTO `tb_good_detail` VALUES (127, 3, 40, 50);
INSERT INTO `tb_good_detail` VALUES (128, 3, 41, 100);
INSERT INTO `tb_good_detail` VALUES (129, 3, 42, 20);
INSERT INTO `tb_good_detail` VALUES (130, 3, 43, 50);
INSERT INTO `tb_good_detail` VALUES (131, 3, 44, 100);
INSERT INTO `tb_good_detail` VALUES (132, 3, 45, 200);
INSERT INTO `tb_good_detail` VALUES (133, 3, 46, 0);
INSERT INTO `tb_good_detail` VALUES (134, 3, 47, 20);
INSERT INTO `tb_good_detail` VALUES (135, 3, 48, 50);
INSERT INTO `tb_good_detail` VALUES (136, 3, 49, 150);
INSERT INTO `tb_good_detail` VALUES (137, 3, 50, 0);
INSERT INTO `tb_good_detail` VALUES (138, 3, 51, 20);
INSERT INTO `tb_good_detail` VALUES (139, 3, 52, 50);
INSERT INTO `tb_good_detail` VALUES (140, 3, 53, 150);
INSERT INTO `tb_good_detail` VALUES (141, 3, 54, 0);
INSERT INTO `tb_good_detail` VALUES (142, 3, 55, 50);
INSERT INTO `tb_good_detail` VALUES (143, 3, 56, 100);
INSERT INTO `tb_good_detail` VALUES (144, 3, 57, 150);
INSERT INTO `tb_good_detail` VALUES (145, 3, 58, -5);
INSERT INTO `tb_good_detail` VALUES (146, 3, 59, -5);
INSERT INTO `tb_good_detail` VALUES (147, 3, 60, -15);
INSERT INTO `tb_good_detail` VALUES (148, 3, 61, -2);
INSERT INTO `tb_good_detail` VALUES (149, 3, 62, -2);
INSERT INTO `tb_good_detail` VALUES (150, 4, 1, 20);
INSERT INTO `tb_good_detail` VALUES (151, 4, 2, 40);
INSERT INTO `tb_good_detail` VALUES (152, 4, 3, 80);
INSERT INTO `tb_good_detail` VALUES (153, 4, 4, 80);
INSERT INTO `tb_good_detail` VALUES (154, 4, 12, 50);
INSERT INTO `tb_good_detail` VALUES (155, 4, 13, 150);
INSERT INTO `tb_good_detail` VALUES (156, 4, 67, 50);
INSERT INTO `tb_good_detail` VALUES (157, 4, 68, 100);
INSERT INTO `tb_good_detail` VALUES (158, 4, 66, 150);
INSERT INTO `tb_good_detail` VALUES (159, 4, 14, 150);
INSERT INTO `tb_good_detail` VALUES (160, 4, 28, 100);
INSERT INTO `tb_good_detail` VALUES (161, 4, 29, 100);
INSERT INTO `tb_good_detail` VALUES (162, 4, 27, 50);
INSERT INTO `tb_good_detail` VALUES (163, 4, 20, 200);
INSERT INTO `tb_good_detail` VALUES (164, 4, 22, 100);
INSERT INTO `tb_good_detail` VALUES (165, 4, 23, 80);
INSERT INTO `tb_good_detail` VALUES (166, 4, 31, 20);
INSERT INTO `tb_good_detail` VALUES (167, 4, 32, 200);
INSERT INTO `tb_good_detail` VALUES (168, 4, 34, 100);
INSERT INTO `tb_good_detail` VALUES (169, 4, 35, 100);
INSERT INTO `tb_good_detail` VALUES (170, 4, 36, 100);
INSERT INTO `tb_good_detail` VALUES (171, 4, 37, 100);
INSERT INTO `tb_good_detail` VALUES (172, 4, 38, 100);
INSERT INTO `tb_good_detail` VALUES (173, 4, 39, 150);
INSERT INTO `tb_good_detail` VALUES (174, 4, 40, 50);
INSERT INTO `tb_good_detail` VALUES (175, 4, 41, 100);
INSERT INTO `tb_good_detail` VALUES (176, 4, 42, 20);
INSERT INTO `tb_good_detail` VALUES (177, 4, 43, 50);
INSERT INTO `tb_good_detail` VALUES (178, 4, 44, 100);
INSERT INTO `tb_good_detail` VALUES (179, 4, 45, 200);
INSERT INTO `tb_good_detail` VALUES (180, 4, 46, 0);
INSERT INTO `tb_good_detail` VALUES (181, 4, 47, 20);
INSERT INTO `tb_good_detail` VALUES (182, 4, 48, 50);
INSERT INTO `tb_good_detail` VALUES (183, 4, 49, 150);
INSERT INTO `tb_good_detail` VALUES (184, 4, 50, 0);
INSERT INTO `tb_good_detail` VALUES (185, 4, 51, 20);
INSERT INTO `tb_good_detail` VALUES (186, 4, 52, 50);
INSERT INTO `tb_good_detail` VALUES (187, 4, 53, 150);
INSERT INTO `tb_good_detail` VALUES (188, 4, 54, 0);
INSERT INTO `tb_good_detail` VALUES (189, 4, 55, 50);
INSERT INTO `tb_good_detail` VALUES (190, 4, 56, 100);
INSERT INTO `tb_good_detail` VALUES (191, 4, 57, 150);
INSERT INTO `tb_good_detail` VALUES (192, 4, 58, -5);
INSERT INTO `tb_good_detail` VALUES (193, 4, 59, -5);
INSERT INTO `tb_good_detail` VALUES (194, 4, 60, -15);
INSERT INTO `tb_good_detail` VALUES (195, 4, 61, -2);
INSERT INTO `tb_good_detail` VALUES (196, 4, 62, -2);
INSERT INTO `tb_good_detail` VALUES (197, 5, 9, 150);
INSERT INTO `tb_good_detail` VALUES (198, 5, 10, 100);
INSERT INTO `tb_good_detail` VALUES (199, 5, 11, 50);
INSERT INTO `tb_good_detail` VALUES (200, 5, 27, 50);
INSERT INTO `tb_good_detail` VALUES (201, 5, 28, 80);
INSERT INTO `tb_good_detail` VALUES (202, 5, 69, 100);
INSERT INTO `tb_good_detail` VALUES (203, 5, 31, 20);
INSERT INTO `tb_good_detail` VALUES (204, 5, 32, 200);
INSERT INTO `tb_good_detail` VALUES (205, 5, 34, 100);
INSERT INTO `tb_good_detail` VALUES (206, 5, 35, 100);
INSERT INTO `tb_good_detail` VALUES (207, 5, 36, 100);
INSERT INTO `tb_good_detail` VALUES (208, 5, 37, 100);
INSERT INTO `tb_good_detail` VALUES (209, 5, 38, 150);
INSERT INTO `tb_good_detail` VALUES (210, 5, 39, 50);
INSERT INTO `tb_good_detail` VALUES (211, 5, 41, 50);
INSERT INTO `tb_good_detail` VALUES (212, 5, 42, 20);
INSERT INTO `tb_good_detail` VALUES (213, 5, 43, 50);
INSERT INTO `tb_good_detail` VALUES (214, 5, 44, 100);
INSERT INTO `tb_good_detail` VALUES (215, 5, 45, 150);
INSERT INTO `tb_good_detail` VALUES (216, 5, 46, 20);
INSERT INTO `tb_good_detail` VALUES (217, 5, 47, 50);
INSERT INTO `tb_good_detail` VALUES (218, 5, 48, 100);
INSERT INTO `tb_good_detail` VALUES (219, 5, 49, 150);
INSERT INTO `tb_good_detail` VALUES (220, 5, 50, 20);
INSERT INTO `tb_good_detail` VALUES (221, 5, 51, 50);
INSERT INTO `tb_good_detail` VALUES (222, 5, 52, 100);
INSERT INTO `tb_good_detail` VALUES (223, 5, 53, 150);
INSERT INTO `tb_good_detail` VALUES (224, 5, 54, 20);
INSERT INTO `tb_good_detail` VALUES (225, 5, 55, 50);
INSERT INTO `tb_good_detail` VALUES (226, 5, 56, 100);
INSERT INTO `tb_good_detail` VALUES (227, 5, 57, 100);
INSERT INTO `tb_good_detail` VALUES (228, 5, 58, -10);
INSERT INTO `tb_good_detail` VALUES (229, 5, 59, -10);
INSERT INTO `tb_good_detail` VALUES (230, 5, 60, -5);
INSERT INTO `tb_good_detail` VALUES (231, 5, 61, -1);
INSERT INTO `tb_good_detail` VALUES (232, 5, 62, -1);
INSERT INTO `tb_good_detail` VALUES (233, 6, 9, 100);
INSERT INTO `tb_good_detail` VALUES (234, 6, 10, 50);
INSERT INTO `tb_good_detail` VALUES (235, 6, 28, 50);
INSERT INTO `tb_good_detail` VALUES (236, 6, 29, 40);
INSERT INTO `tb_good_detail` VALUES (237, 6, 27, 50);
INSERT INTO `tb_good_detail` VALUES (238, 6, 69, 60);
INSERT INTO `tb_good_detail` VALUES (239, 6, 31, 20);
INSERT INTO `tb_good_detail` VALUES (240, 6, 32, 60);
INSERT INTO `tb_good_detail` VALUES (241, 6, 34, 40);
INSERT INTO `tb_good_detail` VALUES (242, 6, 35, 40);
INSERT INTO `tb_good_detail` VALUES (243, 6, 36, 40);
INSERT INTO `tb_good_detail` VALUES (244, 6, 37, 40);
INSERT INTO `tb_good_detail` VALUES (245, 6, 38, 40);
INSERT INTO `tb_good_detail` VALUES (246, 6, 39, 40);
INSERT INTO `tb_good_detail` VALUES (247, 6, 41, 40);
INSERT INTO `tb_good_detail` VALUES (248, 6, 42, 0);
INSERT INTO `tb_good_detail` VALUES (249, 6, 43, 10);
INSERT INTO `tb_good_detail` VALUES (250, 6, 44, 20);
INSERT INTO `tb_good_detail` VALUES (251, 6, 45, 30);
INSERT INTO `tb_good_detail` VALUES (252, 6, 46, 0);
INSERT INTO `tb_good_detail` VALUES (253, 6, 47, 10);
INSERT INTO `tb_good_detail` VALUES (254, 6, 48, 20);
INSERT INTO `tb_good_detail` VALUES (255, 6, 49, 30);
INSERT INTO `tb_good_detail` VALUES (256, 6, 50, 0);
INSERT INTO `tb_good_detail` VALUES (257, 6, 51, 10);
INSERT INTO `tb_good_detail` VALUES (258, 6, 52, 20);
INSERT INTO `tb_good_detail` VALUES (259, 6, 53, 30);
INSERT INTO `tb_good_detail` VALUES (260, 6, 54, 0);
INSERT INTO `tb_good_detail` VALUES (261, 6, 55, 10);
INSERT INTO `tb_good_detail` VALUES (262, 6, 56, 20);
INSERT INTO `tb_good_detail` VALUES (263, 6, 57, 30);
INSERT INTO `tb_good_detail` VALUES (264, 6, 58, -2);
INSERT INTO `tb_good_detail` VALUES (265, 6, 59, -2);
INSERT INTO `tb_good_detail` VALUES (266, 6, 60, -2);
INSERT INTO `tb_good_detail` VALUES (267, 6, 61, -2);
INSERT INTO `tb_good_detail` VALUES (268, 6, 62, -2);
INSERT INTO `tb_good_detail` VALUES (269, 7, 20, 80);
INSERT INTO `tb_good_detail` VALUES (270, 7, 21, 80);
INSERT INTO `tb_good_detail` VALUES (271, 7, 22, 80);
INSERT INTO `tb_good_detail` VALUES (272, 7, 23, 80);
INSERT INTO `tb_good_detail` VALUES (273, 7, 31, 30);
INSERT INTO `tb_good_detail` VALUES (274, 7, 72, 50);
INSERT INTO `tb_good_detail` VALUES (275, 7, 73, 80);
INSERT INTO `tb_good_detail` VALUES (276, 7, 70, 5);
INSERT INTO `tb_good_detail` VALUES (277, 7, 71, 30);
INSERT INTO `tb_good_detail` VALUES (278, 7, 37, 30);
INSERT INTO `tb_good_detail` VALUES (279, 7, 74, 30);
INSERT INTO `tb_good_detail` VALUES (280, 7, 75, 30);
INSERT INTO `tb_good_detail` VALUES (281, 7, 50, 5);
INSERT INTO `tb_good_detail` VALUES (282, 7, 76, 15);
INSERT INTO `tb_good_detail` VALUES (283, 7, 77, 30);
INSERT INTO `tb_good_detail` VALUES (284, 7, 78, 20);
INSERT INTO `tb_good_detail` VALUES (285, 7, 79, 40);
INSERT INTO `tb_good_detail` VALUES (286, 7, 80, 60);
INSERT INTO `tb_good_detail` VALUES (287, 7, 81, 80);
INSERT INTO `tb_good_detail` VALUES (288, 7, 82, 30);
INSERT INTO `tb_good_detail` VALUES (289, 7, 83, 10);
INSERT INTO `tb_good_detail` VALUES (290, 7, 84, 20);
INSERT INTO `tb_good_detail` VALUES (291, 7, 85, 30);
INSERT INTO `tb_good_detail` VALUES (292, 7, 86, 50);
INSERT INTO `tb_good_detail` VALUES (293, 7, 87, 80);
INSERT INTO `tb_good_detail` VALUES (294, 7, 58, -2);
INSERT INTO `tb_good_detail` VALUES (295, 7, 59, -2);
INSERT INTO `tb_good_detail` VALUES (296, 7, 60, -2);
INSERT INTO `tb_good_detail` VALUES (297, 7, 61, -2);
INSERT INTO `tb_good_detail` VALUES (298, 7, 62, -2);
INSERT INTO `tb_good_detail` VALUES (299, 8, 1, 100);
INSERT INTO `tb_good_detail` VALUES (300, 8, 2, 100);
INSERT INTO `tb_good_detail` VALUES (301, 8, 3, 200);
INSERT INTO `tb_good_detail` VALUES (302, 8, 4, 400);
INSERT INTO `tb_good_detail` VALUES (303, 8, 12, 0);
INSERT INTO `tb_good_detail` VALUES (304, 8, 13, 100);
INSERT INTO `tb_good_detail` VALUES (305, 8, 14, 200);
INSERT INTO `tb_good_detail` VALUES (306, 8, 66, 0);
INSERT INTO `tb_good_detail` VALUES (307, 9, 1, 100);
INSERT INTO `tb_good_detail` VALUES (308, 9, 2, 100);
INSERT INTO `tb_good_detail` VALUES (309, 9, 3, 200);
INSERT INTO `tb_good_detail` VALUES (310, 9, 4, 400);
INSERT INTO `tb_good_detail` VALUES (311, 9, 12, 0);
INSERT INTO `tb_good_detail` VALUES (312, 9, 13, 100);
INSERT INTO `tb_good_detail` VALUES (313, 9, 14, 200);
INSERT INTO `tb_good_detail` VALUES (314, 9, 66, 100);
INSERT INTO `tb_good_detail` VALUES (315, 9, 19, 200);
INSERT INTO `tb_good_detail` VALUES (316, 9, 20, 100);
INSERT INTO `tb_good_detail` VALUES (317, 9, 21, 0);
INSERT INTO `tb_good_detail` VALUES (318, 9, 25, 0);
INSERT INTO `tb_good_detail` VALUES (319, 9, 26, 0);
INSERT INTO `tb_good_detail` VALUES (320, 9, 27, 0);
INSERT INTO `tb_good_detail` VALUES (321, 9, 31, 0);
INSERT INTO `tb_good_detail` VALUES (322, 9, 32, 500);
INSERT INTO `tb_good_detail` VALUES (323, 9, 33, 200);
INSERT INTO `tb_good_detail` VALUES (324, 9, 34, 200);
INSERT INTO `tb_good_detail` VALUES (325, 9, 35, 200);
INSERT INTO `tb_good_detail` VALUES (326, 9, 36, 200);
INSERT INTO `tb_good_detail` VALUES (327, 9, 37, 200);
INSERT INTO `tb_good_detail` VALUES (328, 9, 38, 200);
INSERT INTO `tb_good_detail` VALUES (329, 9, 39, 200);
INSERT INTO `tb_good_detail` VALUES (330, 9, 40, 200);
INSERT INTO `tb_good_detail` VALUES (331, 9, 41, 200);
INSERT INTO `tb_good_detail` VALUES (332, 9, 63, 200);
INSERT INTO `tb_good_detail` VALUES (333, 9, 74, 200);
INSERT INTO `tb_good_detail` VALUES (334, 9, 75, 200);
INSERT INTO `tb_good_detail` VALUES (335, 9, 42, 0);
INSERT INTO `tb_good_detail` VALUES (336, 9, 43, 200);
INSERT INTO `tb_good_detail` VALUES (337, 9, 44, 400);
INSERT INTO `tb_good_detail` VALUES (338, 9, 45, 600);
INSERT INTO `tb_good_detail` VALUES (339, 9, 46, 0);
INSERT INTO `tb_good_detail` VALUES (340, 9, 47, 200);
INSERT INTO `tb_good_detail` VALUES (341, 9, 48, 200);
INSERT INTO `tb_good_detail` VALUES (342, 9, 50, 0);
INSERT INTO `tb_good_detail` VALUES (343, 9, 51, 100);
INSERT INTO `tb_good_detail` VALUES (344, 9, 54, 0);
INSERT INTO `tb_good_detail` VALUES (345, 9, 55, 50);
INSERT INTO `tb_good_detail` VALUES (346, 9, 56, 100);
INSERT INTO `tb_good_detail` VALUES (347, 9, 57, 300);
INSERT INTO `tb_good_detail` VALUES (348, 9, 58, -50);
INSERT INTO `tb_good_detail` VALUES (349, 9, 59, -20);
INSERT INTO `tb_good_detail` VALUES (350, 9, 60, -50);
INSERT INTO `tb_good_detail` VALUES (351, 9, 61, -10);
INSERT INTO `tb_good_detail` VALUES (352, 9, 62, -10);

-- ----------------------------
-- Table structure for tb_info_detail
-- ----------------------------
DROP TABLE IF EXISTS `tb_info_detail`;
CREATE TABLE `tb_info_detail`  (
  `info_detail_id` int NOT NULL AUTO_INCREMENT,
  `info_detail_name` varchar(100) CHARACTER SET utf8mb3 COLLATE utf8mb3_general_ci NULL DEFAULT NULL,
  `info_detail_desc` varchar(200) CHARACTER SET utf8mb3 COLLATE utf8mb3_general_ci NULL DEFAULT NULL,
  `fk_basic_info_id` int NULL DEFAULT NULL,
  PRIMARY KEY (`info_detail_id`) USING BTREE,
  INDEX `fk_basic_info_id`(`fk_basic_info_id` ASC) USING BTREE,
  CONSTRAINT `tb_info_detail_ibfk_1` FOREIGN KEY (`fk_basic_info_id`) REFERENCES `tb_basic_info` (`basic_info_id`) ON DELETE RESTRICT ON UPDATE RESTRICT
) ENGINE = InnoDB AUTO_INCREMENT = 92 CHARACTER SET = utf8mb3 COLLATE = utf8mb3_general_ci ROW_FORMAT = COMPACT;

-- ----------------------------
-- Records of tb_info_detail
-- ----------------------------
INSERT INTO `tb_info_detail` VALUES (1, '大陆行货', '内地购买，有“进网许可证”标签。', 1);
INSERT INTO `tb_info_detail` VALUES (2, '香港行货', '香港购买，全球联保。', 1);
INSERT INTO `tb_info_detail` VALUES (3, '水货无锁', '非大陆行港行，其它地区。', 1);
INSERT INTO `tb_info_detail` VALUES (4, '水货有锁', '国外发行机型，需用卡贴解锁后正常通话', 1);
INSERT INTO `tb_info_detail` VALUES (5, '移动版', '', 1);
INSERT INTO `tb_info_detail` VALUES (6, '电信版', 'CDMA制式', 1);
INSERT INTO `tb_info_detail` VALUES (7, '全网通', '', 1);
INSERT INTO `tb_info_detail` VALUES (8, 'DL00-双网通', '', 1);
INSERT INTO `tb_info_detail` VALUES (9, '标准版', '', 1);
INSERT INTO `tb_info_detail` VALUES (10, '高配版', '', 1);
INSERT INTO `tb_info_detail` VALUES (11, '尊享版', '', 1);
INSERT INTO `tb_info_detail` VALUES (12, '保修一个月以上', '', 2);
INSERT INTO `tb_info_detail` VALUES (13, '保修一个月内或过保', '', 2);
INSERT INTO `tb_info_detail` VALUES (14, '其他型号', '', 3);
INSERT INTO `tb_info_detail` VALUES (15, 'A1786', '', 3);
INSERT INTO `tb_info_detail` VALUES (16, 'A1661', '', 3);
INSERT INTO `tb_info_detail` VALUES (17, 'A1780', '', 3);
INSERT INTO `tb_info_detail` VALUES (18, 'A1660', '', 3);
INSERT INTO `tb_info_detail` VALUES (19, '8G', '', 4);
INSERT INTO `tb_info_detail` VALUES (20, '16G', '', 4);
INSERT INTO `tb_info_detail` VALUES (21, '32G', '', 4);
INSERT INTO `tb_info_detail` VALUES (22, '64G', '', 4);
INSERT INTO `tb_info_detail` VALUES (23, '128G', '', 4);
INSERT INTO `tb_info_detail` VALUES (24, '256G', '', 4);
INSERT INTO `tb_info_detail` VALUES (25, '红色', '', 5);
INSERT INTO `tb_info_detail` VALUES (26, '粉色', '', 5);
INSERT INTO `tb_info_detail` VALUES (27, '金色', '', 5);
INSERT INTO `tb_info_detail` VALUES (28, '白色', '', 5);
INSERT INTO `tb_info_detail` VALUES (29, '黑色', '', 5);
INSERT INTO `tb_info_detail` VALUES (30, '亮黑', '', 5);
INSERT INTO `tb_info_detail` VALUES (31, '开机正常', '开机正常，无死机重启现象', 6);
INSERT INTO `tb_info_detail` VALUES (32, '开机不正常', '开机不正常出现死机/重启/不开机', 6);
INSERT INTO `tb_info_detail` VALUES (33, '有换机', '系统型号N开头（针对在保机器，2次以上按保修过保处理，含2次）', 7);
INSERT INTO `tb_info_detail` VALUES (34, '机身进水或受潮', '机身防水标发红/机身受潮/机板发霉', 7);
INSERT INTO `tb_info_detail` VALUES (35, '按键接口及卡槽不正常', '', 7);
INSERT INTO `tb_info_detail` VALUES (36, '指纹功能不正常', '', 7);
INSERT INTO `tb_info_detail` VALUES (37, '蓝牙/wifi功能不正常', '蓝牙/wif出现i信号弱/不稳定/无法连接', 7);
INSERT INTO `tb_info_detail` VALUES (38, '照相及感光功能不正常', '', 7);
INSERT INTO `tb_info_detail` VALUES (39, '通话功能不正常', '信号时有时无/无信号/通话无声/杂音', 7);
INSERT INTO `tb_info_detail` VALUES (40, 'iCloud账号不能解除', '', 7);
INSERT INTO `tb_info_detail` VALUES (41, '机身有变形', '', 7);
INSERT INTO `tb_info_detail` VALUES (42, '全新机', '原封未拆/未使用（需提供身份证及购机发票，无法提供不回收）', 8);
INSERT INTO `tb_info_detail` VALUES (43, '95新', '外观完好无磕碰/掉漆/划痕', 8);
INSERT INTO `tb_info_detail` VALUES (44, '8-9新', '机身有明显划痕', 8);
INSERT INTO `tb_info_detail` VALUES (45, '6-7新', '机身有磕碰/破裂/掉漆及屏幕与机身分离情况', 8);
INSERT INTO `tb_info_detail` VALUES (46, '完好无破损', '触摸屏完好，无破损失灵现象', 9);
INSERT INTO `tb_info_detail` VALUES (47, '屏幕划痕/爆胶', '', 9);
INSERT INTO `tb_info_detail` VALUES (48, '碎角及破裂', '触摸屏出现碎角/破裂', 9);
INSERT INTO `tb_info_detail` VALUES (49, '触摸失灵', '局部失灵或整屏失灵', 9);
INSERT INTO `tb_info_detail` VALUES (50, '显示完好', '', 10);
INSERT INTO `tb_info_detail` VALUES (51, '显示有瑕疵', '显示屏在纯色（如纯白色／蓝色）背景下有色差，亮点。', 10);
INSERT INTO `tb_info_detail` VALUES (52, '显示异常', '显示屏出现花屏/错乱/漏液/断线/严重发黄压伤/模糊等', 10);
INSERT INTO `tb_info_detail` VALUES (53, '显示屏损坏', '屏幕显示不全/不显示', 10);
INSERT INTO `tb_info_detail` VALUES (54, '无拆修', '手机完好无拆修。', 11);
INSERT INTO `tb_info_detail` VALUES (55, '有拆无修', '', 11);
INSERT INTO `tb_info_detail` VALUES (56, '屏幕维修', '更换过手机屏幕。', 11);
INSERT INTO `tb_info_detail` VALUES (57, '主板维修', '机身/主板进行拆卸维修。', 11);
INSERT INTO `tb_info_detail` VALUES (58, '充电器', '', 12);
INSERT INTO `tb_info_detail` VALUES (59, '数据线', '', 12);
INSERT INTO `tb_info_detail` VALUES (60, '耳机', '', 12);
INSERT INTO `tb_info_detail` VALUES (61, '包装盒', '', 12);
INSERT INTO `tb_info_detail` VALUES (62, '保修卡', '', 12);
INSERT INTO `tb_info_detail` VALUES (63, '传感器不正常', '指南针/重力/NFC', 7);
INSERT INTO `tb_info_detail` VALUES (64, 'A1586', '', 3);
INSERT INTO `tb_info_detail` VALUES (65, 'A1589', '', 3);
INSERT INTO `tb_info_detail` VALUES (66, '官换机', '系统型号N开头', 3);
INSERT INTO `tb_info_detail` VALUES (67, 'A1524', '', 3);
INSERT INTO `tb_info_detail` VALUES (68, 'A1593', '', 3);
INSERT INTO `tb_info_detail` VALUES (69, '其他颜色', '', 5);
INSERT INTO `tb_info_detail` VALUES (70, '无拆修过', '从未拆修过', 13);
INSERT INTO `tb_info_detail` VALUES (71, '有拆修', '有过拆机维修记录', 13);
INSERT INTO `tb_info_detail` VALUES (72, '无法正常开机使用', '开机出现重启、死机、定屏、发烫、无法进入桌面等现象', 6);
INSERT INTO `tb_info_detail` VALUES (73, '无法开机', '开机无反应，连接电脑、充电器等外置USB接口无任何反应。', 6);
INSERT INTO `tb_info_detail` VALUES (74, '照相功能不正常', '照相有黑点白点、照相模糊不清晰、不能对焦', 7);
INSERT INTO `tb_info_detail` VALUES (75, '按键、接口功能不正常', '', 7);
INSERT INTO `tb_info_detail` VALUES (76, '显示有瑕疵', '在纯色背景下检测，屏幕有进灰、发黄、色差、有亮点、黑点白点等现象', 10);
INSERT INTO `tb_info_detail` VALUES (77, '显示不正常或损伤', '在纯色背景下屏幕断线、黑点、花屏、显示错乱、黑屏、屏裂、漏液或者不显示', 10);
INSERT INTO `tb_info_detail` VALUES (78, '触摸功能正常完好', '', 9);
INSERT INTO `tb_info_detail` VALUES (79, '有碎角', '在反光下撕下膜发现屏幕边缘处有细微的碎角', 9);
INSERT INTO `tb_info_detail` VALUES (80, '触摸屏破裂，功能正常', '屏幕碎裂，但触摸功能正常', 9);
INSERT INTO `tb_info_detail` VALUES (81, '触摸功能不正常', '屏幕碎裂，触摸功能不正常或局部触不动', 9);
INSERT INTO `tb_info_detail` VALUES (82, '全新', '包装盒未拆封', 8);
INSERT INTO `tb_info_detail` VALUES (83, '9.9新', '仅拆开包装，配件齐全，无使用痕迹', 8);
INSERT INTO `tb_info_detail` VALUES (84, '9.5成新', '边框外壳无划痕、无磕痕', 8);
INSERT INTO `tb_info_detail` VALUES (85, '8-9成新', '边框外壳有轻微划痕或有局部轻微掉漆迹象', 8);
INSERT INTO `tb_info_detail` VALUES (86, '6-7新', '边框外壳明显磕碰、划痕或明显掉漆迹象', 8);
INSERT INTO `tb_info_detail` VALUES (87, '5成新', '边框外壳有严重磕痕裂缝和扭曲现象或机身变形', 8);
INSERT INTO `tb_info_detail` VALUES (88, '32G', '流程运行各种游戏', 4);
INSERT INTO `tb_info_detail` VALUES (89, '512G', '超级大内存', 4);
INSERT INTO `tb_info_detail` VALUES (90, '32Gb', 'google手机', 4);
INSERT INTO `tb_info_detail` VALUES (91, '轻微划痕', '划痕基本看不出来', 15);

-- ----------------------------
-- Table structure for tb_login_logs
-- ----------------------------
DROP TABLE IF EXISTS `tb_login_logs`;
CREATE TABLE `tb_login_logs`  (
  `log_id` int NOT NULL AUTO_INCREMENT COMMENT '日志ID',
  `log_text` varchar(200) CHARACTER SET utf8mb3 COLLATE utf8mb3_general_ci NOT NULL COMMENT '登录状态',
  `log_addr` varchar(100) CHARACTER SET utf8mb3 COLLATE utf8mb3_general_ci NOT NULL COMMENT '登录地址',
  `log_mgrname` varchar(40) CHARACTER SET utf8mb3 COLLATE utf8mb3_general_ci NOT NULL COMMENT '登录用户名',
  `log_host` varchar(30) CHARACTER SET utf8mb3 COLLATE utf8mb3_general_ci NOT NULL COMMENT '客户端IP',
  `log_time` timestamp NOT NULL COMMENT '登录时间',
  PRIMARY KEY (`log_id`) USING BTREE
) ENGINE = InnoDB CHARACTER SET = utf8mb3 COLLATE = utf8mb3_general_ci ROW_FORMAT = DYNAMIC;

-- ----------------------------
-- Records of tb_login_logs
-- ----------------------------

-- ----------------------------
-- Table structure for tb_managers
-- ----------------------------
DROP TABLE IF EXISTS `tb_managers`;
CREATE TABLE `tb_managers`  (
  `mgr_id` varchar(8) CHARACTER SET utf8mb3 COLLATE utf8mb3_general_ci NOT NULL COMMENT '管理员编号、工号',
  `login_name` varchar(40) CHARACTER SET utf8mb3 COLLATE utf8mb3_general_ci NOT NULL COMMENT '管理员登录名',
  `login_pwd` varchar(32) CHARACTER SET utf8mb3 COLLATE utf8mb3_general_ci NOT NULL COMMENT '管理员登录密码',
  `mgr_name` varchar(20) CHARACTER SET utf8mb3 COLLATE utf8mb3_general_ci NOT NULL COMMENT '管理员姓名',
  `mgr_gender` char(2) CHARACTER SET utf8mb3 COLLATE utf8mb3_general_ci NOT NULL COMMENT '管理员性别',
  `mgr_tel` char(11) CHARACTER SET utf8mb3 COLLATE utf8mb3_general_ci NOT NULL COMMENT '管理员手机号码',
  `mgr_email` varchar(50) CHARACTER SET utf8mb3 COLLATE utf8mb3_general_ci NOT NULL COMMENT '管理员邮箱',
  `mgr_qq` varchar(11) CHARACTER SET utf8mb3 COLLATE utf8mb3_general_ci NOT NULL COMMENT '管理员QQ',
  `create_time` timestamp NULL DEFAULT NULL COMMENT '注册时间',
  PRIMARY KEY (`mgr_id`) USING BTREE,
  UNIQUE INDEX `login_name`(`login_name` ASC) USING BTREE,
  UNIQUE INDEX `mgr_tel`(`mgr_tel` ASC) USING BTREE,
  UNIQUE INDEX `mgr_email`(`mgr_email` ASC) USING BTREE,
  UNIQUE INDEX `mgr_qq`(`mgr_qq` ASC) USING BTREE
) ENGINE = InnoDB CHARACTER SET = utf8mb3 COLLATE = utf8mb3_general_ci ROW_FORMAT = DYNAMIC;

-- ----------------------------
-- Records of tb_managers
-- ----------------------------
INSERT INTO `tb_managers` VALUES ('10000001', 'admin', '4297f44b13955235245b2497399d7a93', '张三', '男', '13030303300', '123456@qq.com', '123456', '2021-12-22 17:35:20');
INSERT INTO `tb_managers` VALUES ('10000002', 'zhangsan', '4297f44b13955235245b2497399d7a93', '张小三', '女', '13131313311', '222222@qq.com', '222222', '2021-12-22 17:35:20');
INSERT INTO `tb_managers` VALUES ('10000003', 'lisi', '4297f44b13955235245b2497399d7a93', '王小三', '男', '13232323322', '666666@qq.co m', '666666', '2021-12-22 17:35:20');
INSERT INTO `tb_managers` VALUES ('10000005', 'zhaoliuliu', '4297f44b13955235245b2497399d7a93', '赵柳柳', '女', '13434343355', 'haha@sohu.com', '123123123', '2021-12-12 18:25:47');
INSERT INTO `tb_managers` VALUES ('10000006', 'wangwu', '4297f44b13955235245b2497399d7a93', '王五', '男', '13232326643', 'wangwu@gmail.com', '204810234', '2023-07-06 23:49:30');
INSERT INTO `tb_managers` VALUES ('10000007', 'zhaoliu', '4297f44b13955235245b2497399d7a93', '赵六', '女', '13434341314', 'udsuduf@qq.com', '178786123', '2023-07-09 20:13:50');

-- ----------------------------
-- Table structure for tb_menus
-- ----------------------------
DROP TABLE IF EXISTS `tb_menus`;
CREATE TABLE `tb_menus`  (
  `menu_id` int NOT NULL AUTO_INCREMENT COMMENT '菜单编号',
  `menu_code` varchar(4) CHARACTER SET utf8mb3 COLLATE utf8mb3_general_ci NOT NULL COMMENT '菜单编码',
  `menu_name` varchar(20) CHARACTER SET utf8mb3 COLLATE utf8mb3_general_ci NOT NULL COMMENT '菜单名称',
  `menu_order` int NOT NULL COMMENT '菜单排序序号',
  `menu_level` int NOT NULL COMMENT '菜单级别',
  `menu_icon` varchar(100) CHARACTER SET utf8mb3 COLLATE utf8mb3_general_ci NULL DEFAULT NULL COMMENT '一级菜单图标',
  `parent_menu_code` varchar(4) CHARACTER SET utf8mb3 COLLATE utf8mb3_general_ci NULL DEFAULT NULL COMMENT '父级菜单编码',
  `menu_url` varchar(100) CHARACTER SET utf8mb3 COLLATE utf8mb3_general_ci NULL DEFAULT NULL COMMENT '点击菜单请求的链接url',
  `menu_state` int NOT NULL COMMENT '菜单状态： 1 启用，0 停用',
  PRIMARY KEY (`menu_id`) USING BTREE,
  UNIQUE INDEX `menu_code`(`menu_code` ASC) USING BTREE
) ENGINE = InnoDB AUTO_INCREMENT = 35 CHARACTER SET = utf8mb3 COLLATE = utf8mb3_general_ci ROW_FORMAT = DYNAMIC;

-- ----------------------------
-- Records of tb_menus
-- ----------------------------
INSERT INTO `tb_menus` VALUES (1, '01', '商品管理', 1, 1, 'icon-laptop', NULL, NULL, 0);
INSERT INTO `tb_menus` VALUES (2, '02', '评估管理', 2, 1, 'icon-bookmark', NULL, NULL, 0);
INSERT INTO `tb_menus` VALUES (3, '03', '订单管理', 3, 1, 'icon-list', NULL, NULL, 0);
INSERT INTO `tb_menus` VALUES (4, '04', '评价管理', 4, 1, 'icon-comments-alt', NULL, NULL, 0);
INSERT INTO `tb_menus` VALUES (5, '05', '会员管理', 5, 1, 'icon-user', NULL, NULL, 0);
INSERT INTO `tb_menus` VALUES (6, '06', '工单管理', 6, 1, 'icon-credit-card', NULL, NULL, 0);
INSERT INTO `tb_menus` VALUES (7, '07', '消息管理', 7, 1, 'icon-comments-alt', NULL, NULL, 0);
INSERT INTO `tb_menus` VALUES (8, '08', '系统管理', 8, 1, 'icon-cogs', NULL, NULL, 0);
INSERT INTO `tb_menus` VALUES (9, '09', '授权管理', 9, 1, 'icon-group', NULL, NULL, 0);
INSERT INTO `tb_menus` VALUES (12, '0101', '分类管理', 1, 2, NULL, '01', 'CategoryListServlet', 1);
INSERT INTO `tb_menus` VALUES (13, '0102', '品牌管理', 2, 2, NULL, '01', 'BrandListServlet', 1);
INSERT INTO `tb_menus` VALUES (14, '0103', '全部商品', 3, 2, NULL, '01', 'products_list.jsp', 1);
INSERT INTO `tb_menus` VALUES (15, '0201', '评估类目', 1, 2, NULL, '02', 'BasicInfoListServlet', 1);
INSERT INTO `tb_menus` VALUES (16, '0202', '评估选项', 2, 2, NULL, '02', 'basic_info_detail.jsp', 1);
INSERT INTO `tb_menus` VALUES (17, '0301', '全部订单', 1, 2, NULL, '03', 'order_list.html', 1);
INSERT INTO `tb_menus` VALUES (18, '0302', '待处理订单', 2, 2, NULL, '03', 'order_list.html', 1);
INSERT INTO `tb_menus` VALUES (19, '0303', '已完成订单', 3, 2, NULL, '03', 'order_list.html', 1);
INSERT INTO `tb_menus` VALUES (20, '0304', '已取消订单', 4, 2, NULL, '03', 'order_list.html', 1);
INSERT INTO `tb_menus` VALUES (21, '0401', '全部评价', 1, 2, NULL, '04', 'comments_list.html', 1);
INSERT INTO `tb_menus` VALUES (22, '0402', '待审核评价', 2, 2, NULL, '04', 'comments_list.html', 1);
INSERT INTO `tb_menus` VALUES (23, '0501', '全部会员', 1, 2, NULL, '05', 'member_list.html', 1);
INSERT INTO `tb_menus` VALUES (24, '0502', '已锁定会员', 2, 2, NULL, '05', 'member_list.html', 1);
INSERT INTO `tb_menus` VALUES (25, '0503', '已注销会员', 3, 2, NULL, '05', 'member_list.html', 1);
INSERT INTO `tb_menus` VALUES (26, '0901', '留言列表', 1, 2, NULL, '07', 'guestbook.html', 1);
INSERT INTO `tb_menus` VALUES (27, '0902', '意见反馈', 2, 2, NULL, '07', 'feedback.html', 1);
INSERT INTO `tb_menus` VALUES (28, '0601', '系统设置', 1, 2, NULL, '08', 'system_settings.html', 1);
INSERT INTO `tb_menus` VALUES (29, '0602', '系统日志', 2, 2, NULL, '08', 'system_logs.html', 1);
INSERT INTO `tb_menus` VALUES (30, '0701', '管理员管理', 1, 2, NULL, '09', 'ManagerListServlet', 1);
INSERT INTO `tb_menus` VALUES (31, '0702', '角色管理', 2, 2, NULL, '09', 'RoleListServlet', 1);
INSERT INTO `tb_menus` VALUES (32, '0703', '菜单管理', 3, 2, NULL, '09', 'MenuListServlet', 1);

-- ----------------------------
-- Table structure for tb_mgr_role
-- ----------------------------
DROP TABLE IF EXISTS `tb_mgr_role`;
CREATE TABLE `tb_mgr_role`  (
  `mgr_id` char(8) CHARACTER SET utf8mb3 COLLATE utf8mb3_general_ci NOT NULL,
  `role_id` int NOT NULL,
  PRIMARY KEY (`mgr_id`, `role_id`) USING BTREE
) ENGINE = InnoDB CHARACTER SET = utf8mb3 COLLATE = utf8mb3_general_ci ROW_FORMAT = DYNAMIC;

-- ----------------------------
-- Records of tb_mgr_role
-- ----------------------------
INSERT INTO `tb_mgr_role` VALUES ('10000001', 1);
INSERT INTO `tb_mgr_role` VALUES ('10000002', 3);
INSERT INTO `tb_mgr_role` VALUES ('10000003', 2);
INSERT INTO `tb_mgr_role` VALUES ('10000005', 1);
INSERT INTO `tb_mgr_role` VALUES ('10000006', 1);
INSERT INTO `tb_mgr_role` VALUES ('10000007', 4);

-- ----------------------------
-- Table structure for tb_order_items
-- ----------------------------
DROP TABLE IF EXISTS `tb_order_items`;
CREATE TABLE `tb_order_items`  (
  `item_id` int NOT NULL AUTO_INCREMENT COMMENT '快照ID',
  `order_id` varchar(50) CHARACTER SET utf8mb3 COLLATE utf8mb3_general_ci NOT NULL COMMENT '订单编号',
  `good_id` int NOT NULL COMMENT '商品ID',
  `good_name` varchar(100) CHARACTER SET utf8mb3 COLLATE utf8mb3_general_ci NOT NULL COMMENT '商品名称',
  `good_img_path` varchar(100) CHARACTER SET utf8mb3 COLLATE utf8mb3_general_ci NOT NULL COMMENT '商品图片',
  `good_info` varchar(1000) CHARACTER SET utf8mb3 COLLATE utf8mb3_general_ci NOT NULL COMMENT '商品评估项目',
  `good_price` int NOT NULL COMMENT '商品评估价格',
  `is_comment` int NOT NULL COMMENT '评价状态：0 未评价  1 已评价',
  PRIMARY KEY (`item_id`) USING BTREE
) ENGINE = InnoDB CHARACTER SET = utf8mb3 COLLATE = utf8mb3_general_ci ROW_FORMAT = DYNAMIC;

-- ----------------------------
-- Records of tb_order_items
-- ----------------------------

-- ----------------------------
-- Table structure for tb_orders
-- ----------------------------
DROP TABLE IF EXISTS `tb_orders`;
CREATE TABLE `tb_orders`  (
  `order_id` varchar(50) CHARACTER SET utf8mb3 COLLATE utf8mb3_general_ci NOT NULL COMMENT '订单编号',
  `user_id` int NOT NULL COMMENT '用户ID',
  `order_total_price` int NOT NULL COMMENT '订单总价格',
  `user_addr` varchar(200) CHARACTER SET utf8mb3 COLLATE utf8mb3_general_ci NOT NULL COMMENT '用户地址信息',
  `user_name` varchar(20) CHARACTER SET utf8mb3 COLLATE utf8mb3_general_ci NOT NULL COMMENT '用户姓名',
  `user_tel` char(11) CHARACTER SET utf8mb3 COLLATE utf8mb3_general_ci NOT NULL COMMENT '用户电话',
  `create_time` timestamp NULL DEFAULT NULL COMMENT '订单创建时间',
  `order_desc` varchar(200) CHARACTER SET utf8mb3 COLLATE utf8mb3_general_ci NULL DEFAULT NULL COMMENT '订单备注',
  `retrieve_type` int NOT NULL COMMENT '回收类型: 1 快递， 2 上门验收',
  `order_status` int NOT NULL COMMENT '订单状态：1 新订单，2 待指派，3 已指派，4 已完成，5 已关闭，6 用户已寄出，7 平台验收中，8 验收通过，9 待退回，10 已退回，11 用户已取消',
  `send_logistics_name` varchar(20) CHARACTER SET utf8mb3 COLLATE utf8mb3_general_ci NULL DEFAULT NULL COMMENT '寄送物流名称',
  `send_logistics_id` varchar(30) CHARACTER SET utf8mb3 COLLATE utf8mb3_general_ci NULL DEFAULT NULL COMMENT '寄送物流单号',
  `order_processor` varchar(10) CHARACTER SET utf8mb3 COLLATE utf8mb3_general_ci NULL DEFAULT NULL COMMENT '订单指派处理人',
  `back_text` varchar(200) CHARACTER SET utf8mb3 COLLATE utf8mb3_general_ci NULL DEFAULT NULL COMMENT '退回原因',
  `back_logistics_name` varchar(20) CHARACTER SET utf8mb3 COLLATE utf8mb3_general_ci NULL DEFAULT NULL COMMENT '退回物流名称',
  `back_logistics_id` varchar(30) CHARACTER SET utf8mb3 COLLATE utf8mb3_general_ci NULL DEFAULT NULL COMMENT '退回物流单号',
  PRIMARY KEY (`order_id`) USING BTREE
) ENGINE = InnoDB CHARACTER SET = utf8mb3 COLLATE = utf8mb3_general_ci ROW_FORMAT = DYNAMIC;

-- ----------------------------
-- Records of tb_orders
-- ----------------------------

-- ----------------------------
-- Table structure for tb_role_menu
-- ----------------------------
DROP TABLE IF EXISTS `tb_role_menu`;
CREATE TABLE `tb_role_menu`  (
  `role_id` int NOT NULL,
  `menu_id` int NOT NULL,
  PRIMARY KEY (`role_id`, `menu_id`) USING BTREE
) ENGINE = InnoDB CHARACTER SET = utf8mb3 COLLATE = utf8mb3_general_ci ROW_FORMAT = DYNAMIC;

-- ----------------------------
-- Records of tb_role_menu
-- ----------------------------
INSERT INTO `tb_role_menu` VALUES (1, 1);
INSERT INTO `tb_role_menu` VALUES (1, 2);
INSERT INTO `tb_role_menu` VALUES (1, 3);
INSERT INTO `tb_role_menu` VALUES (1, 4);
INSERT INTO `tb_role_menu` VALUES (1, 5);
INSERT INTO `tb_role_menu` VALUES (1, 6);
INSERT INTO `tb_role_menu` VALUES (1, 7);
INSERT INTO `tb_role_menu` VALUES (1, 8);
INSERT INTO `tb_role_menu` VALUES (1, 9);
INSERT INTO `tb_role_menu` VALUES (1, 10);
INSERT INTO `tb_role_menu` VALUES (1, 11);
INSERT INTO `tb_role_menu` VALUES (1, 12);
INSERT INTO `tb_role_menu` VALUES (1, 13);
INSERT INTO `tb_role_menu` VALUES (1, 14);
INSERT INTO `tb_role_menu` VALUES (1, 15);
INSERT INTO `tb_role_menu` VALUES (1, 16);
INSERT INTO `tb_role_menu` VALUES (1, 17);
INSERT INTO `tb_role_menu` VALUES (1, 18);
INSERT INTO `tb_role_menu` VALUES (1, 19);
INSERT INTO `tb_role_menu` VALUES (1, 20);
INSERT INTO `tb_role_menu` VALUES (1, 21);
INSERT INTO `tb_role_menu` VALUES (1, 22);
INSERT INTO `tb_role_menu` VALUES (1, 23);
INSERT INTO `tb_role_menu` VALUES (1, 24);
INSERT INTO `tb_role_menu` VALUES (1, 25);
INSERT INTO `tb_role_menu` VALUES (1, 26);
INSERT INTO `tb_role_menu` VALUES (1, 27);
INSERT INTO `tb_role_menu` VALUES (1, 28);
INSERT INTO `tb_role_menu` VALUES (1, 29);
INSERT INTO `tb_role_menu` VALUES (1, 30);
INSERT INTO `tb_role_menu` VALUES (1, 31);
INSERT INTO `tb_role_menu` VALUES (1, 32);
INSERT INTO `tb_role_menu` VALUES (2, 1);
INSERT INTO `tb_role_menu` VALUES (2, 2);
INSERT INTO `tb_role_menu` VALUES (2, 3);
INSERT INTO `tb_role_menu` VALUES (2, 4);
INSERT INTO `tb_role_menu` VALUES (2, 5);
INSERT INTO `tb_role_menu` VALUES (2, 6);
INSERT INTO `tb_role_menu` VALUES (2, 7);
INSERT INTO `tb_role_menu` VALUES (2, 10);
INSERT INTO `tb_role_menu` VALUES (2, 11);
INSERT INTO `tb_role_menu` VALUES (2, 12);
INSERT INTO `tb_role_menu` VALUES (2, 13);
INSERT INTO `tb_role_menu` VALUES (2, 14);
INSERT INTO `tb_role_menu` VALUES (2, 15);
INSERT INTO `tb_role_menu` VALUES (2, 16);
INSERT INTO `tb_role_menu` VALUES (2, 17);
INSERT INTO `tb_role_menu` VALUES (2, 18);
INSERT INTO `tb_role_menu` VALUES (2, 19);
INSERT INTO `tb_role_menu` VALUES (2, 20);
INSERT INTO `tb_role_menu` VALUES (2, 21);
INSERT INTO `tb_role_menu` VALUES (2, 22);
INSERT INTO `tb_role_menu` VALUES (2, 23);
INSERT INTO `tb_role_menu` VALUES (2, 24);
INSERT INTO `tb_role_menu` VALUES (2, 25);
INSERT INTO `tb_role_menu` VALUES (2, 26);
INSERT INTO `tb_role_menu` VALUES (2, 27);
INSERT INTO `tb_role_menu` VALUES (3, 3);
INSERT INTO `tb_role_menu` VALUES (3, 4);
INSERT INTO `tb_role_menu` VALUES (3, 5);
INSERT INTO `tb_role_menu` VALUES (3, 6);
INSERT INTO `tb_role_menu` VALUES (3, 7);
INSERT INTO `tb_role_menu` VALUES (3, 17);
INSERT INTO `tb_role_menu` VALUES (3, 18);
INSERT INTO `tb_role_menu` VALUES (3, 19);
INSERT INTO `tb_role_menu` VALUES (3, 20);
INSERT INTO `tb_role_menu` VALUES (3, 21);
INSERT INTO `tb_role_menu` VALUES (3, 22);
INSERT INTO `tb_role_menu` VALUES (3, 23);
INSERT INTO `tb_role_menu` VALUES (3, 24);
INSERT INTO `tb_role_menu` VALUES (3, 25);
INSERT INTO `tb_role_menu` VALUES (3, 26);
INSERT INTO `tb_role_menu` VALUES (3, 27);
INSERT INTO `tb_role_menu` VALUES (4, 1);
INSERT INTO `tb_role_menu` VALUES (4, 3);
INSERT INTO `tb_role_menu` VALUES (4, 4);
INSERT INTO `tb_role_menu` VALUES (4, 5);
INSERT INTO `tb_role_menu` VALUES (4, 14);
INSERT INTO `tb_role_menu` VALUES (4, 18);
INSERT INTO `tb_role_menu` VALUES (4, 21);
INSERT INTO `tb_role_menu` VALUES (4, 22);
INSERT INTO `tb_role_menu` VALUES (4, 25);
INSERT INTO `tb_role_menu` VALUES (30, 4);
INSERT INTO `tb_role_menu` VALUES (30, 21);
INSERT INTO `tb_role_menu` VALUES (30, 22);

-- ----------------------------
-- Table structure for tb_roles
-- ----------------------------
DROP TABLE IF EXISTS `tb_roles`;
CREATE TABLE `tb_roles`  (
  `role_id` int NOT NULL AUTO_INCREMENT COMMENT '角色ID',
  `role_name` varchar(20) CHARACTER SET utf8mb3 COLLATE utf8mb3_general_ci NOT NULL COMMENT '角色名称',
  `role_desc` varchar(100) CHARACTER SET utf8mb3 COLLATE utf8mb3_general_ci NULL DEFAULT NULL COMMENT '角色说明',
  PRIMARY KEY (`role_id`) USING BTREE,
  UNIQUE INDEX `role_name`(`role_name` ASC) USING BTREE
) ENGINE = InnoDB AUTO_INCREMENT = 31 CHARACTER SET = utf8mb3 COLLATE = utf8mb3_general_ci ROW_FORMAT = DYNAMIC;

-- ----------------------------
-- Records of tb_roles
-- ----------------------------
INSERT INTO `tb_roles` VALUES (1, '系统管理员', '具有系统最高权限');
INSERT INTO `tb_roles` VALUES (2, '普通管理员', '可以进行商品、评估、业务管理');
INSERT INTO `tb_roles` VALUES (3, '业务员', '业务管理');
INSERT INTO `tb_roles` VALUES (4, '客服MM', '负责解决用户反馈和投诉');
INSERT INTO `tb_roles` VALUES (30, '客服102', '111');

-- ----------------------------
-- Table structure for tb_systemlogs
-- ----------------------------
DROP TABLE IF EXISTS `tb_systemlogs`;
CREATE TABLE `tb_systemlogs`  (
  `log_id` int NOT NULL AUTO_INCREMENT,
  `mgr_id` varchar(8) CHARACTER SET utf8mb3 COLLATE utf8mb3_general_ci NOT NULL,
  `log_content` varchar(200) CHARACTER SET utf8mb3 COLLATE utf8mb3_general_ci NOT NULL,
  `log_time` timestamp NOT NULL,
  PRIMARY KEY (`log_id`) USING BTREE
) ENGINE = InnoDB CHARACTER SET = utf8mb3 COLLATE = utf8mb3_general_ci ROW_FORMAT = DYNAMIC;

-- ----------------------------
-- Records of tb_systemlogs
-- ----------------------------

-- ----------------------------
-- Table structure for tb_systemparam
-- ----------------------------
DROP TABLE IF EXISTS `tb_systemparam`;
CREATE TABLE `tb_systemparam`  (
  `systemparam_id` int NOT NULL AUTO_INCREMENT,
  `systemparam_name` varchar(100) CHARACTER SET utf8mb3 COLLATE utf8mb3_general_ci NULL DEFAULT NULL,
  `systemparam_value` varchar(200) CHARACTER SET utf8mb3 COLLATE utf8mb3_general_ci NULL DEFAULT NULL,
  PRIMARY KEY (`systemparam_id`) USING BTREE
) ENGINE = InnoDB AUTO_INCREMENT = 5 CHARACTER SET = utf8mb3 COLLATE = utf8mb3_general_ci ROW_FORMAT = COMPACT;

-- ----------------------------
-- Records of tb_systemparam
-- ----------------------------
INSERT INTO `tb_systemparam` VALUES (1, 'static_source_path', 'images/');
INSERT INTO `tb_systemparam` VALUES (2, 'main_img', 'main_img.png');
INSERT INTO `tb_systemparam` VALUES (3, 'main_logo', 'new_images/logo.png');
INSERT INTO `tb_systemparam` VALUES (4, 'small_logo', 'small_logo.ico');

-- ----------------------------
-- Table structure for tb_user
-- ----------------------------
DROP TABLE IF EXISTS `tb_user`;
CREATE TABLE `tb_user`  (
  `user_id` int NOT NULL AUTO_INCREMENT,
  `user_name` varchar(15) CHARACTER SET utf8mb3 COLLATE utf8mb3_general_ci NOT NULL,
  `user_password` char(32) CHARACTER SET utf8mb3 COLLATE utf8mb3_general_ci NULL DEFAULT NULL,
  `user_salt` char(3) CHARACTER SET utf8mb3 COLLATE utf8mb3_general_ci NULL DEFAULT NULL,
  PRIMARY KEY (`user_id`) USING BTREE,
  UNIQUE INDEX `user_name`(`user_name` ASC) USING BTREE
) ENGINE = InnoDB AUTO_INCREMENT = 684 CHARACTER SET = utf8mb3 COLLATE = utf8mb3_general_ci ROW_FORMAT = COMPACT;

-- ----------------------------
-- Records of tb_user
-- ----------------------------
INSERT INTO `tb_user` VALUES (33, 'gaojian', 'a16fdc1df7e35499ae8e7681e0fe321f', 'gao');
INSERT INTO `tb_user` VALUES (36, 'mccrea', 'aa615d844e233ba24e41325155eab8f8', 'mcc');
INSERT INTO `tb_user` VALUES (39, 'gaojian1', 'a16fdc1df7e35499ae8e7681e0fe321f', 'gao');
INSERT INTO `tb_user` VALUES (41, 'admin123', 'edc065d02e88b9187947fb44dbe7b2d1', 'adm');
INSERT INTO `tb_user` VALUES (43, 'x11111222', '507ae4f709304c5561f1bb91ddbe5828', 'x11');
INSERT INTO `tb_user` VALUES (45, 'p123456', 'c754927ca85a4cb71580ce90d3a0b241', 'p12');
INSERT INTO `tb_user` VALUES (48, 'wangwu', '0d52a8b63ab4c6bb3e1ec66fd30416f8', 'wan');
INSERT INTO `tb_user` VALUES (49, 'zz123456', '9838f4ab7dda17747db8a17cf462c1a1', 'zz1');
INSERT INTO `tb_user` VALUES (50, '240618153', 'b60e437183ad8b722bb218b373e839e5', '240');
INSERT INTO `tb_user` VALUES (56, 'jly924578545', 'a3042fef8d1e0214a9c08f4683685ea8', 'jly');
INSERT INTO `tb_user` VALUES (59, 'z123456', '6ee0c832d3e6446407cda22e0c233d8b', 'z12');
INSERT INTO `tb_user` VALUES (60, 'ssssssss', 'b330cf2425c6ac1561c63f825e680a53', 'sss');
INSERT INTO `tb_user` VALUES (78, 'a13733517609', '884b9d2238ba9adf22ad80fc0104a153', 'a13');
INSERT INTO `tb_user` VALUES (80, 'mxq123', '3309b2f9f380ff921c3311da49d4f884', 'mxq');
INSERT INTO `tb_user` VALUES (88, 'a85410994', '8fbefe7ef25aaac5002f2e78046a6995', 'a85');
INSERT INTO `tb_user` VALUES (90, 'lsj111', '82619cc3bb1ef457d980db995d531885', 'lsj');
INSERT INTO `tb_user` VALUES (93, 'A111111111', 'da5d8b96b25e03801ea59336bc80b453', 'A11');
INSERT INTO `tb_user` VALUES (94, 'fangyang', '8bb94de3ef83b175a6131787fce2ba20', 'fan');
INSERT INTO `tb_user` VALUES (96, 'a12345', '238da881c1f8687ea58313b49793d86b', 'a12');
INSERT INTO `tb_user` VALUES (99, 'q123456', '0a3935ca07232dc2553dc9ae747bd697', 'q12');
INSERT INTO `tb_user` VALUES (101, 'a123456', '6a7dfdd52f95f2e456df4e2668c88f0e', 'a12');
INSERT INTO `tb_user` VALUES (103, 'h123456', 'b72327917b98c2b509e09c5632fc17e5', 'h12');
INSERT INTO `tb_user` VALUES (106, 'a123456123456', '4f2c599b8e254fffb8de543fd014ad1b', 'a12');
INSERT INTO `tb_user` VALUES (110, 'asd123', '01df4c20e5d1dfec83ec26bcbc3f9229', 'asd');
INSERT INTO `tb_user` VALUES (112, 'a123456789', '4f2c599b8e254fffb8de543fd014ad1b', 'a12');
INSERT INTO `tb_user` VALUES (116, 'b123456', '1e7ce85357f4b2c1aaadc6a173e5a11e', 'b12');
INSERT INTO `tb_user` VALUES (118, 'www111', 'bef5af8556d1c2a62eb060cf9f5c5105', 'www');
INSERT INTO `tb_user` VALUES (120, 'x123456789', '867e04378a14cf5b42b335c311cdbc74', 'x12');
INSERT INTO `tb_user` VALUES (122, 'a123123', '70a2943995d1ac43a961ee3a47dab553', 'a12');
INSERT INTO `tb_user` VALUES (124, 'll1234567', '467806c8d077bb49467185a465047c10', 'll1');
INSERT INTO `tb_user` VALUES (126, 'aaaaaa', 'c162de19c4c3731ca3428769d0cd593d', 'aaa');
INSERT INTO `tb_user` VALUES (128, 'qwerty', '24a187307cfe49b1c6e3c71b2771c69c', 'qwe');
INSERT INTO `tb_user` VALUES (136, 'a1234512345', '4f2c599b8e254fffb8de543fd014ad1b', 'a12');
INSERT INTO `tb_user` VALUES (150, 'a1111111', '334f81495fb3c69362934a31a04c00d7', 'a11');
INSERT INTO `tb_user` VALUES (153, 'zz111111', '8c3bd6d56de3268e3f539b5d7cf0e8b7', 'zz1');
INSERT INTO `tb_user` VALUES (155, 'zz1234', '9838f4ab7dda17747db8a17cf462c1a1', 'zz1');
INSERT INTO `tb_user` VALUES (158, 'a1234567890', '4f2c599b8e254fffb8de543fd014ad1b', 'a12');
INSERT INTO `tb_user` VALUES (160, 'ab123456789', '6d973117cc91ff7594a3a7376c85f184', 'ab1');
INSERT INTO `tb_user` VALUES (162, 'jdsljfsajlfdj', '2070875b89137e52f4e8045258a6a5d6', 'jds');
INSERT INTO `tb_user` VALUES (164, 'ttttttt', '8d48ecccc7d8a47b52d7227f4410dd38', 'ttt');
INSERT INTO `tb_user` VALUES (170, 'yankai', '145354c08bd4e61a82b44a0c35ff9c94', 'yan');
INSERT INTO `tb_user` VALUES (176, 'hujin6666', '8b5cb8a45195400194debb0182d885bd', 'huj');
INSERT INTO `tb_user` VALUES (178, 'lizhiwei666', '41058643cac8f1650d6a8de6884d17be', 'liz');
INSERT INTO `tb_user` VALUES (181, 'z1234567', 'e044582f1c4833083b765ae69904171d', 'z12');
INSERT INTO `tb_user` VALUES (183, 'lz101010', '8c2649a4af482d118c66af83a040de62', 'lz1');
INSERT INTO `tb_user` VALUES (186, 'Lz10101010', '7f40ba27ff953e6b3aefa8e86a3d4aa0', 'Lz1');
INSERT INTO `tb_user` VALUES (188, '15623018694', '432cdf37eb82bd416badbba0c4b1271b', '156');
INSERT INTO `tb_user` VALUES (190, 'lzw2019', '050c454b1c23ce7a0619eb7835332f60', 'lzw');
INSERT INTO `tb_user` VALUES (192, 'weige2019', '87767a48c1f523e47c33572bc1845aa8', 'wei');
INSERT INTO `tb_user` VALUES (194, 'qianfeng007', '8099e9b38fff3f8e1d5a73a7862d484d', 'qia');
INSERT INTO `tb_user` VALUES (196, 'zhangsan', 'b7a22075b1fd546f69a75b8d0e16ebeb', 'zha');
INSERT INTO `tb_user` VALUES (199, 'a1234567890111', '5e218b3914b667218bf05a39b137f5e0', 'a12');
INSERT INTO `tb_user` VALUES (201, 'czf243975576', '3506722e09325a654cea023809517dbb', 'czf');
INSERT INTO `tb_user` VALUES (204, 'tommer', 'f2521d295760b295da77292b3cc7a0fd', 'tom');
INSERT INTO `tb_user` VALUES (206, 'Liusan', '050f7fe4dfc3eab77841aae6cf31577c', 'Liu');
INSERT INTO `tb_user` VALUES (209, 'zys123456789', 'd10d3324a059238fbf67556350b0a476', 'zys');
INSERT INTO `tb_user` VALUES (211, 'w546425948', '4a9346500f1004dade11151605216b74', 'w54');
INSERT INTO `tb_user` VALUES (213, 'Champa', 'f9546ddfabc126da5c4905a81df2133d', 'Cha');
INSERT INTO `tb_user` VALUES (215, 'll123456', 'dbf4625c882af95a1fca995470661036', 'll1');
INSERT INTO `tb_user` VALUES (219, 'Qazxsw', '0e285ab9c6640a52b48aaebcf92a259e', 'Qaz');
INSERT INTO `tb_user` VALUES (221, 'qq123456', 'e35fff67776a05b787e09453c8a4cb8b', 'qq1');
INSERT INTO `tb_user` VALUES (223, 'aaa123123', 'c5b0e9b3fe05aa7f13bcf837fd84439b', 'aaa');
INSERT INTO `tb_user` VALUES (226, 'qq1234567', '8cb8399e3a859c9d051defd652cb8dad', 'qq1');
INSERT INTO `tb_user` VALUES (231, 'z1234566', 'e044582f1c4833083b765ae69904171d', 'z12');
INSERT INTO `tb_user` VALUES (233, 'hua2018', '45bb574a499b6e03863d247b60391cb9', 'hua');
INSERT INTO `tb_user` VALUES (236, 'luoguanghua', 'ce67702ca841b4e59ad9623af52c7f01', 'luo');
INSERT INTO `tb_user` VALUES (239, 'lgh2018', '0fd845c3a2194dda9f3b8725f3af612d', 'lgh');
INSERT INTO `tb_user` VALUES (251, 'liusonglin', '8525db4a4ee22ecdd290d3576017350e', 'liu');
INSERT INTO `tb_user` VALUES (253, 'q1355295032', '5ada5d19e71102238bf56fb05661fedf', 'q13');
INSERT INTO `tb_user` VALUES (257, 'w13212313131232', '4b0689ca2b544869fd1de510d12c3247', 'w13');
INSERT INTO `tb_user` VALUES (259, 'admin123123', '59993cf8c5ecff4fde0c1db5606e76b8', 'adm');
INSERT INTO `tb_user` VALUES (261, 'w123456789', '1da6be97bcb7bf071d1a015f098ff5aa', 'w12');
INSERT INTO `tb_user` VALUES (265, 'aaa123', '03a763744d69daad9ef4dc2a54133475', 'aaa');
INSERT INTO `tb_user` VALUES (267, 'root123', 'ea62b88e52cccdf975f8a82d6a450701', 'roo');
INSERT INTO `tb_user` VALUES (276, 'y1234567', '4473a144ac9065473d17afbf17561caa', 'y12');
INSERT INTO `tb_user` VALUES (280, 'dddddd', '5fa1c58f172dc41e1487e91aee5417b0', 'ddd');
INSERT INTO `tb_user` VALUES (282, 'qwertyuio', '039e9bff79f4af516619d1a220c6dcd8', 'qwe');
INSERT INTO `tb_user` VALUES (285, 'qwertyuio111', '5d12a9e3a5cdfa66d9bb5a8e93a587af', 'qwe');
INSERT INTO `tb_user` VALUES (292, 'rootroot', '39da8c67b49598e6bb1a0802af10057b', 'roo');
INSERT INTO `tb_user` VALUES (295, 'root1234', '56cdfedf614155fdcef4bca3afcc2b67', 'roo');
INSERT INTO `tb_user` VALUES (297, 'xcy123', '8893ca1aba3119ccaa0a0440998daadc', 'xcy');
INSERT INTO `tb_user` VALUES (299, 'qwerasd', '342767aa8da52d251fb285084c8b72e1', 'qwe');
INSERT INTO `tb_user` VALUES (301, 'qqqqqq', 'e6c1ef25b5bcaaacc285489eae10d5e1', 'qqq');
INSERT INTO `tb_user` VALUES (304, 'bbb123', 'dfcea200b9c0296121a4de880b921aa0', 'bbb');
INSERT INTO `tb_user` VALUES (307, 'wu254766020', 'e55e974f063b61272c6eabceca8ea9e4', 'wu2');
INSERT INTO `tb_user` VALUES (309, 'luozhen', 'ce67702ca841b4e59ad9623af52c7f01', 'luo');
INSERT INTO `tb_user` VALUES (311, 'chloe1234', 'd80c963ffbf82aa03fe8a645c1a152d2', 'chl');
INSERT INTO `tb_user` VALUES (313, 'adsuijgfyeadk', 'e614bf408ac9d5292b6802bba808d042', 'ads');
INSERT INTO `tb_user` VALUES (321, 'C1147744733', '6e63168b7aa782c2cff46f61d25369f1', 'C11');
INSERT INTO `tb_user` VALUES (329, 'adsuijgfyeadk1', '434c14d443871c07fcab846c4d62fe17', 'ads');
INSERT INTO `tb_user` VALUES (335, 'qwe123', 'af421abef6038eefdacff34b8ddf0c7f', 'qwe');
INSERT INTO `tb_user` VALUES (340, 'qwerqwer', 'dc70b3a059bdcb610fc6b4e5ac47bd98', 'qwe');
INSERT INTO `tb_user` VALUES (342, 'hjw1111111', '45e7d431378d279b79ab0fefe1220aa8', 'hjw');
INSERT INTO `tb_user` VALUES (344, 'qwerqwerqwer', '613ca9dc06e64d33b0237cf656ec6140', 'qwe');
INSERT INTO `tb_user` VALUES (348, 'kkskkksk', 'c036c6437890af3a980895c1733924c4', 'kks');
INSERT INTO `tb_user` VALUES (351, 'ssssss', 'b330cf2425c6ac1561c63f825e680a53', 'sss');
INSERT INTO `tb_user` VALUES (353, 'wu1234567', '3bf599cc24fc0ee3d306946fcbd7d9cd', 'wu1');
INSERT INTO `tb_user` VALUES (356, 'root123456', '041e203eeec6e0d4d4f842e90c91844c', 'roo');
INSERT INTO `tb_user` VALUES (361, 'root1234567', 'fe8e35c1627db0cf960974ccb617c9fa', 'roo');
INSERT INTO `tb_user` VALUES (365, 'wys52468231', 'b0fd1db8235cc4a48bc021c65d3cb9cf', 'wys');
INSERT INTO `tb_user` VALUES (367, 'qqq123', '0cd978f242283fce5b90504adee4f32c', 'qqq');
INSERT INTO `tb_user` VALUES (371, 'zss071646', '527f27d2af81ed6341c151f3045cfa85', 'zss');
INSERT INTO `tb_user` VALUES (376, 'ajaxajax', '3b90e7aec42b58114b2fef5a2f8a2d21', 'aja');
INSERT INTO `tb_user` VALUES (379, 'kkk123456', 'a70c96961cd20be0d7a045d346eabeca', 'kkk');
INSERT INTO `tb_user` VALUES (383, 'ewqewqewq', '709553af2811b566c0237757730c0c90', 'ewq');
INSERT INTO `tb_user` VALUES (386, 'wu123456', 'f1f9788638a83693395f927c2856a712', 'wu1');
INSERT INTO `tb_user` VALUES (392, 'hjw222', '451e1b097475fd7e5493516aad71c2b7', 'hjw');
INSERT INTO `tb_user` VALUES (394, 'aaaaaaa', 'e09c80c42fda55f9d992e59ca6b3307d', 'aaa');
INSERT INTO `tb_user` VALUES (397, 'zss123456', '63fb49a0e702614f0776d2b655a6e0f3', 'zss');
INSERT INTO `tb_user` VALUES (403, 'aaaaaaaa', 'e09c80c42fda55f9d992e59ca6b3307d', 'aaa');
INSERT INTO `tb_user` VALUES (407, 'qq111111', '9127397b7119c881db8e11bf0823543e', 'qq1');
INSERT INTO `tb_user` VALUES (409, 'ce12e12e', '494c88da946dd29cdf330b2644fffc04', 'ce1');
INSERT INTO `tb_user` VALUES (416, 'sxy123', '6d6abed59e5fe67147e2a48346eb5bef', 'sxy');
INSERT INTO `tb_user` VALUES (420, 'yy1234567', '54cd19319a9e6cad9bec462f3b7cf765', 'yy1');
INSERT INTO `tb_user` VALUES (422, 'fff123456', 'e0944e4d147599cff50b55c3f92b91bc', 'fff');
INSERT INTO `tb_user` VALUES (424, 'ggg123456', '74c95326f3edea9d90aa02a5836d5b73', 'ggg');
INSERT INTO `tb_user` VALUES (427, 'zty123', '79ef064e8413a613c83928680ff7902d', 'zty');
INSERT INTO `tb_user` VALUES (429, 'e1231231', 'b771f9ba4d0958469e71d584a31b0516', 'e12');
INSERT INTO `tb_user` VALUES (431, 'r67767868', 'cae01c34c396c7e3592fc06e75c28cb3', 'r67');
INSERT INTO `tb_user` VALUES (433, 'E123456', 'a6ada43f009ab95ed9234c6979304c39', 'E12');
INSERT INTO `tb_user` VALUES (436, 'root1231', 'e65fa9fd46421d997cfd761c42b383b1', 'roo');
INSERT INTO `tb_user` VALUES (438, 'roottt', '819ce2cec647ec224f30640a106f694b', 'roo');
INSERT INTO `tb_user` VALUES (441, 'sxy123123', '787dbfa6397955f2fd09a29bb21f90c7', 'sxy');
INSERT INTO `tb_user` VALUES (444, 'zzzzzz', 'db2e0733e95218f98f7eafafdfcb681a', 'zzz');
INSERT INTO `tb_user` VALUES (447, 'adsdsdf', '9b04897764b36a7d5d6cd4d38ce7fbf7', 'ads');
INSERT INTO `tb_user` VALUES (450, 'qq729412915', 'd9d3f8463fe866ce59766e56953f227c', 'qq7');
INSERT INTO `tb_user` VALUES (453, 'AAA111', '2ea218d4936a4effd943372c6db32b30', 'AAA');
INSERT INTO `tb_user` VALUES (458, 'q12345612312', '0a3935ca07232dc2553dc9ae747bd697', 'q12');
INSERT INTO `tb_user` VALUES (462, 'zxm19921027', 'f656f4e6211b2c050466b4a64bb0c34c', 'zxm');
INSERT INTO `tb_user` VALUES (464, 'liu719900388', '9dc882d2490ff57cedd7d204ca963034', 'liu');
INSERT INTO `tb_user` VALUES (468, 'qq458954738', '2a205106090684cce4323476d613ad11', 'qq4');
INSERT INTO `tb_user` VALUES (469, 'admin', '4f824e31021e49256b221f6bcb427266', 'adm');
INSERT INTO `tb_user` VALUES (473, 'qq342909731', '2cd873495dc406454894ee96d278d9b4', 'qq3');
INSERT INTO `tb_user` VALUES (477, 'zzzz1211', '97b01f2ce21ae3fbcfef2b7a387d204e', 'zzz');
INSERT INTO `tb_user` VALUES (479, 'INDEXxiaoxia', '2ed27249740cd1fcad3b417250f9f65e', 'IND');
INSERT INTO `tb_user` VALUES (485, 'A4154564132', '6a8ae815d7cd6ef929fa97c0ddecf861', 'A41');
INSERT INTO `tb_user` VALUES (488, 'zxcvbnm', '08d64ea663db1487b2bc0d140a414f4f', 'zxc');
INSERT INTO `tb_user` VALUES (490, 'tjl123', 'b2e828af34248b38f10948e61332adac', 'tjl');
INSERT INTO `tb_user` VALUES (492, 'a00000', 'd46535da3549bab184bd469d714dfae8', 'a00');
INSERT INTO `tb_user` VALUES (495, 'sd166588420', 'd89deb4f4b2a254c44f19ab6cfd906e8', 'sd1');
INSERT INTO `tb_user` VALUES (497, 'd123123', 'd3a6415f44ec8097ef19e48b6a7a20cd', 'd12');
INSERT INTO `tb_user` VALUES (499, 'sxy123456', '534ffb499aefeb5426915da91d17ff4e', 'sxy');
INSERT INTO `tb_user` VALUES (507, 'A12345678910', '7aa2e575974ae703273405021ae0c2bc', 'A12');
INSERT INTO `tb_user` VALUES (509, 'Q123213123Q', 'c74b4c43be643984503a324e84870694', 'Q12');
INSERT INTO `tb_user` VALUES (514, 'songjianng', 'c53abc4334a783d6406fb31f10f4bd39', 'son');
INSERT INTO `tb_user` VALUES (518, 'A12345678', '59150873e654743c4314e60662e1238f', 'A12');
INSERT INTO `tb_user` VALUES (520, 'testUser', 'ccecfc90ea750adca2665ac964e55453', 'tes');
INSERT INTO `tb_user` VALUES (522, 'a2323123232', 'c473f9f84b2795562159044dccd19b51', 'a23');
INSERT INTO `tb_user` VALUES (525, 'w12334w', '51cd1726cc39e3efdf60852ef70116d2', 'w12');
INSERT INTO `tb_user` VALUES (528, 'admin123456', '8f8ed664ff750a677b4d3e83d7f4b803', 'adm');
INSERT INTO `tb_user` VALUES (541, 'liuhanyu', 'f24604a84942c6ba1f641d4f22f8adc5', 'liu');
INSERT INTO `tb_user` VALUES (545, 'zzz123456', '3470b7d0b4b98cc1bae041f7ca588c64', 'zzz');
INSERT INTO `tb_user` VALUES (549, 'mlp123', '6cd88811a2f648b79f93d3ac74993a27', 'mlp');
INSERT INTO `tb_user` VALUES (556, 'INDEXxiaoxia999', '7035d2b171962279a07fd59a4ca05b67', 'IND');
INSERT INTO `tb_user` VALUES (559, 'a00001', '6d7b07347f4ddefe47f7d6db64649cb9', 'a00');
INSERT INTO `tb_user` VALUES (562, 'r123456', '34588f33e4d26d6e685c26f553a67d9c', 'r12');
INSERT INTO `tb_user` VALUES (565, 'songjiang', 'c53abc4334a783d6406fb31f10f4bd39', 'son');
INSERT INTO `tb_user` VALUES (570, 's166588420', 'db5ed2979f65e8f4d2565e25ef78cc3a', 's16');
INSERT INTO `tb_user` VALUES (572, 'e456', 'a3fd3be6f818ec74e0e51a340908d864', 'e45');
INSERT INTO `tb_user` VALUES (587, 'aaaaaaaaaa', '03a763744d69daad9ef4dc2a54133475', 'aaa');
INSERT INTO `tb_user` VALUES (591, 'aaabbb123', '1f3a0a23467b6e09930476b017a170e1', 'aaa');
INSERT INTO `tb_user` VALUES (593, 'lisi123', 'ef2ed555ea2a37aab97e35b71174cac8', 'lis');
INSERT INTO `tb_user` VALUES (600, 'kkkkkk', '5ae136d9363e8b0e0b57018f800bd255', 'kkk');
INSERT INTO `tb_user` VALUES (602, 'admina', '4f824e31021e49256b221f6bcb427266', 'adm');
INSERT INTO `tb_user` VALUES (604, 'jx123456', '46c8861766bb939a75527dcc32690fec', 'jx1');
INSERT INTO `tb_user` VALUES (610, 'h1234565', 'c437557695d2c17af3142a1336102285', 'h12');
INSERT INTO `tb_user` VALUES (611, 'zhijun', '7bdb5fb6c22038628cdc5561582074f0', 'zhi');
INSERT INTO `tb_user` VALUES (613, 'asdasd', 'f67c2bcbfcfa30fccb36f72dca22a817', 'asd');
INSERT INTO `tb_user` VALUES (617, 'h1234567', 'c437557695d2c17af3142a1336102285', 'h12');
INSERT INTO `tb_user` VALUES (620, 'qs108595', '65ab01de76b5b176281ad40f1c6fb7c9', 'qs1');
INSERT INTO `tb_user` VALUES (623, 'jjasdqwadsad', '7d23457d38284ffaa9801bdb0c1b7ff8', 'jja');
INSERT INTO `tb_user` VALUES (626, 'zhangliang', '73a5ff5af4dc1741f0d4131c28ac2f3a', 'zha');
INSERT INTO `tb_user` VALUES (628, 'adminer', '4f824e31021e49256b221f6bcb427266', 'adm');
INSERT INTO `tb_user` VALUES (633, 'wuliwua', '3f5669398d839f77596c43f1cbb7c4bb', 'wul');
INSERT INTO `tb_user` VALUES (636, 'wuliwuaa', 'f4356378f0ae60372eab1657fee9066e', 'wul');
INSERT INTO `tb_user` VALUES (639, 'X18711260379', '480288b44bf24b9421032f3b2ba7568f', 'X18');
INSERT INTO `tb_user` VALUES (643, 'admin1234', '4f824e31021e49256b221f6bcb427266', 'adm');
INSERT INTO `tb_user` VALUES (646, 'admin234', '0ba0b8b31f92ac97fc4cb232f5258105', 'adm');
INSERT INTO `tb_user` VALUES (648, 'a1123456', '334f81495fb3c69362934a31a04c00d7', 'a11');
INSERT INTO `tb_user` VALUES (650, 'amdin123', 'bc509a71c04cb0ea1e73bfdffa6b38a5', 'amd');
INSERT INTO `tb_user` VALUES (653, 'zhangsan123', '45977343b6871f66ee0b1d4cb4061c66', 'zha');
INSERT INTO `tb_user` VALUES (657, 'admin123456789', 'b7a5c735d8e8f9d3465ac75e3bf8ac9c', 'adm');
INSERT INTO `tb_user` VALUES (658, 'root', 'f7d525926ec90a83b989bd9276091547', 'roo');
INSERT INTO `tb_user` VALUES (660, 'Ton123', 'd517adf19d72c79260d4b5b7522b37b9', 'Ton');
INSERT INTO `tb_user` VALUES (663, 'wtl123', 'c9c2433f97f2db192fb3345a31b26fa5', 'wtl');
INSERT INTO `tb_user` VALUES (665, 'admin1', '4f824e31021e49256b221f6bcb427266', 'adm');
INSERT INTO `tb_user` VALUES (668, 'ysl123456', 'e434266f6f665d693f9a9910e948d9a5', 'ysl');
INSERT INTO `tb_user` VALUES (670, 's123456', '8d5dbae4315faaf2cf8eb301969b7a50', 's12');
INSERT INTO `tb_user` VALUES (673, 'adminqf', '4f824e31021e49256b221f6bcb427266', 'adm');
INSERT INTO `tb_user` VALUES (676, 'xcxcxc', '926e3f7cb8666841d0a80038b58ad827', 'xcx');
INSERT INTO `tb_user` VALUES (679, 'hello123', 'c10d79fa260d26fc0c57c192e15631c5', 'hel');
INSERT INTO `tb_user` VALUES (681, 'abc123', 'c69ab20800a667e3eb777b4fef1fd394', 'abc');
INSERT INTO `tb_user` VALUES (683, 'wahaha', 'e73ca8439f3d0ce5cb1a2109938db89a', 'wah');

SET FOREIGN_KEY_CHECKS = 1;
